{
    "species": "cobblemon:eelektrik",
    "order": 0,
    "variations": [
        {
            "aspects": [],
            "poser": "cobblemon:eelektrik",
            "model": "cobblemon:eelektrik.geo",
            "texture": "cobblemon:textures/pokemon/eelektrik/eelektrik.png",
            "layers": []
        },
        {
            "aspects": [
                "shiny"
            ],
            "texture": "cobblemon:textures/pokemon/eelektrik/eelektrik_shiny.png",
            "layers": []
        }
    ]
}