{
    "species": "cobblemon:eternatus",
    "order": 0,
    "variations": [
        {
            "aspects": [],
            "poser": "cobblemon:eternatus",
            "model": "cobblemon:eternatus.geo",
            "texture": "cobblemon:textures/pokemon/eternatus/eternatus.png",
            "layers": [
                {
                    "name": "emissive",
                    "texture": "cobblemon:textures/pokemon/eternatus/eternatus_emissive.png",
                    "emissive": true
                },
                {
                    "name": "emissive_translucent",
                    "texture": "cobblemon:textures/pokemon/eternatus/eternatus_translucent_emissive.png",
                    "emissive": true,
                    "translucent": true
                },
                {
                    "name": "translucent",
                    "texture": "cobblemon:textures/pokemon/eternatus/eternatus_translucent.png",
                    "translucent": true
                }
            ]
        },
        {
            "aspects": [
                "shiny"
            ],
            "poser": "cobblemon:eternatus",
            "model": "cobblemon:eternatus.geo",
            "texture": "cobblemon:textures/pokemon/eternatus/eternatus_shiny.png",
            "layers": [
                {
                    "name": "emissive",
                    "texture": "cobblemon:textures/pokemon/eternatus/eternatus_shiny_emissive.png",
                    "emissive": true
                },
				                {
                    "name": "emissive_translucent",
                    "texture": "cobblemon:textures/pokemon/eternatus/eternatus_translucent_emissive_shiny.png",
                    "emissive": true,
                    "translucent": true
                },
                {
                    "name": "translucent",
                    "texture": "cobblemon:textures/pokemon/eternatus/eternatus_translucent_shiny.png",
                    "translucent": true
                }
            ]
        }
    ]
}