{
    "species": "cobblemon:milotic",
    "order": 0,
    "variations": [
        {
            "aspects": [],
            "poser": "cobblemon:milotic",
            "model": "cobblemon:milotic.geo",
            "texture": "cobblemon:textures/pokemon/milotic/milotic.png",
            "layers": [
            ]
        },
        {
            "aspects": [
                "shiny"
            ],
            "texture": "cobblemon:textures/pokemon/milotic/milotic_shiny.png",
            "layers": [
            ]
        }
    ]
}