{
    "species": "cobblemon:regieleki",
    "order": 0,
    "variations": [
        {
            "aspects": [],
            "poser": "cobblemon:regieleki",
            "model": "cobblemon:regieleki.geo",
            "texture": "cobblemon:textures/pokemon/regieleki/regieleki.png",
            "layers": [
                {
                    "name": "emissive",
                    "texture": "cobblemon:textures/pokemon/regieleki/regieleki_emmisive.png",
                    "emissive": true
                }
            ]
        },
        {
            "aspects": [
                "shiny"
            ],
            "texture": "cobblemon:textures/pokemon/regieleki/regieleki_shiny.png",
            "layers": [
                {
                    "name": "emissive",
                    "texture": "cobblemon:textures/pokemon/regieleki/regieleki_emmisive_shiny.png",
                    "emissive": true
                }
            ]
        }
    ]
}