{
    "species": "cobblemon:scovillain",
    "order": 0,
    "variations": [
        {
            "aspects": [],
            "poser": "cobblemon:scovillain",
            "model": "cobblemon:scovillain.geo",
            "texture": "cobblemon:textures/pokemon/scovillain/scovillain.png",
            "layers": []
        },
        {
            "aspects": [
                "shiny"
            ],
            "texture": "cobblemon:textures/pokemon/scovillain/scovillain_shiny.png",
            "layers": []
        }
    ]
}