{
    "species": "cobblemon:sandslash",
    "order": 1,
    "variations": [
        {
            "aspects": [
                "alolan"
            ],
            "model": "cobblemon:sandslash_alolan.geo",
            "poser": "cobblemon:sandslash",
            "texture": "cobblemon:textures/pokemon/sandslash/sandslash_alolan.png"
        },
        {
            "aspects": [
                "alolan",
                "shiny"
            ],
            "texture": "cobblemon:textures/pokemon/sandslash/sandslash_alolan_shiny.png"
        }
    ]
}