{
    "species": "cobblemon:sandshrew",
    "order": 1,
    "variations": [
        {
            "aspects": [
                "alolan"
            ],
            "model": "cobblemon:sandshrew_alolan.geo",
            "poser": "cobblemon:sandshrew",
            "texture": "cobblemon:textures/pokemon/sandshrew/sandshrew_alolan.png"
        },
        {
            "aspects": [
                "alolan",
                "shiny"
            ],
            "texture": "cobblemon:textures/pokemon/sandshrew/sandshrew_alolan_shiny.png"
        }
    ]
}