{
    "species": "cobblemon:sneasel",
    "order": 3,
    "variations": [
        {
            "aspects": [
                "hisuian", "female"
            ],
            "model": "cobblemon:sneasel_female_hisuian.geo",
            "poser": "cobblemon:sneasel",
            "texture": "cobblemon:textures/pokemon/sneasel/sneasel_hisuian.png"
        },
        {
            "aspects": [
                "hisuian", "female",
                "shiny"
            ],
            "texture": "cobblemon:textures/pokemon/sneasel/sneasel_hisuian_shiny.png"
        }
    ]
}