{
    "enabled": true,
    "neededInstalledMods": [],
    "neededUninstalledMods": [],
    "spawns": [
        {
            "id": "charmander-1",
            "pokemon": "charmander",
            "presets": [
                "natural"
            ],
            "type": "pokemon",
            "context": "grounded",
            "bucket": "ultra-rare",
            "level": "5-31",
            "weight": 9.0,
            "condition": {
                "canSeeSky": true,
                "biomes": [
                    "#cobblemon:is_hills",
                    "#cobblemon:is_volcanic",
                    "terrestria:volcanic_island"
                ],
                "isRaining": false
            }
        },
        {
            "id": "charmander-2",
            "pokemon": "charmander",
            "type": "pokemon",
            "context": "grounded",
            "bucket": "ultra-rare",
            "level": "5-31",
            "weight": 9.0,
            "condition": {
                "biomes": [
                    "#cobblemon:is_nether_basalt"
                ]
            }
        },
        {
            "id": "charmander-3",
            "pokemon": "charmander",
            "presets": [
                "natural"
            ],
            "type": "pokemon",
            "context": "grounded",
            "bucket": "uncommon",
            "level": "8-31",
            "weight": 9.0,
            "condition": {
                "biomes": [
                    "betterend:amber_land"
                ]
            }
        }
    ]
}