{
    "enabled": true,
    "neededInstalledMods": [],
    "neededUninstalledMods": [],
    "spawns": [
        {
            "id": "butterfree-1",
            "pokemon": "butterfree",
            "presets": [
                "natural"
            ],
            "type": "pokemon",
            "context": "grounded",
            "bucket": "common",
            "level": "10-40",
            "weight": 1.0,
            "condition": {
                "canSeeSky": true,
                "biomes": [
                    "#cobblemon:is_temperate"
                ],
                "timeRange": "day",
                "isRaining": false
            },
            "anticondition": {
                "biomes": [
                    "#cobblemon:is_floral",
                    "#cobblemon:is_freezing",
                    "#cobblemon:is_spooky"
                ]
            }
        },
        {
            "id": "butterfree-2",
            "pokemon": "butterfree",
            "presets": [
                "natural"
            ],
            "type": "pokemon",
            "context": "grounded",
            "bucket": "common",
            "level": "10-40",
            "weight": 10.0,
            "condition": {
                "canSeeSky": true,
                "biomes": [
                    "#cobblemon:is_floral"
                ],
                "timeRange": "day",
                "isRaining": false
            }
        },
        {
            "id": "butterfree-valencian-1",
            "pokemon": "butterfree valencian",
            "presets": [
                "natural"
            ],
            "type": "pokemon",
            "context": "grounded",
            "bucket": "common",
            "level": "10-40",
            "weight": 1.0,
            "condition": {
                "canSeeSky": true,
                "biomes": [
                    "#cobblemon:is_jungle",
                    "#cobblemon:is_tropical_island"
                ],
                "timeRange": "day",
                "isRaining": false
            }
        },
        {
            "id": "butterfree-valencian-2",
            "pokemon": "butterfree valencian",
            "type": "pokemon",
            "context": "grounded",
            "bucket": "common",
            "level": "10-40",
            "weight": 5.0,
            "condition": {
                "biomes": [
                    "the_bumblezone:floral_meadow"
                ]
            },
            "anticondition": {
                "structures": [
                    "#the_bumblezone:sempiternal_sanctums"
                ]
            }
        },
        {
            "id": "butterfree-valencian-3",
            "pokemon": "butterfree valencian",
            "type": "pokemon",
            "context": "grounded",
            "bucket": "common",
            "level": "14-44",
            "weight": 1.0,
            "condition": {
                "biomes": [
                    "betterend:umbrella_jungle"
                ]
            }
        }
    ]
}