{
    "enabled": true,
    "neededInstalledMods": [],
    "neededUninstalledMods": [],
    "spawns": [
        {
            "id": "nidorina-1",
            "pokemon": "nidorina",
            "presets": [
                "natural",
                "wild"
            ],
            "type": "pokemon",
            "context": "grounded",
            "bucket": "uncommon",
            "level": "16-37",
            "weight": 0.9,
            "condition": {
                "canSeeSky": true,
                "biomes": [
                    "#cobblemon:is_savanna"
                ]
            }
        },
        {
            "id": "nidorina-2",
            "pokemon": "nidorina",
            "presets": [
                "natural"
            ],
            "type": "pokemon",
            "context": "grounded",
            "bucket": "common",
            "level": "20-40",
            "weight": 0.9,
            "condition": {
                "biomes": [
                    "betterend:blossoming_spires",
                    "betterend:umbrella_jungle"
                ]
            }
        }
    ]
}