{
    "enabled": true,
    "neededInstalledMods": [],
    "neededUninstalledMods": [],
    "spawns": [
        {
            "id": "nidoqueen-1",
            "pokemon": "nidoqueen",
            "presets": [
                "natural",
                "wild"
            ],
            "type": "pokemon",
            "context": "grounded",
            "bucket": "uncommon",
            "level": "37-51",
            "weight": 0.1,
            "condition": {
                "canSeeSky": true,
                "biomes": [
                    "#cobblemon:is_savanna"
                ]
            }
        },
        {
            "id": "nidoqueen-2",
            "pokemon": "nidoqueen",
            "presets": [
                "natural"
            ],
            "type": "pokemon",
            "context": "grounded",
            "bucket": "common",
            "level": "40-58",
            "weight": 0.1,
            "condition": {
                "biomes": [
                    "betterend:blossoming_spires",
                    "betterend:umbrella_jungle"
                ]
            }
        }
    ]
}