{
    "enabled": true,
    "neededInstalledMods": [],
    "neededUninstalledMods": [],
    "spawns": [
        {
            "id": "wigglytuff-1",
            "pokemon": "wigglytuff",
            "presets": [
                "natural"
            ],
            "type": "pokemon",
            "context": "grounded",
            "bucket": "common",
            "level": "22-44",
            "weight": 0.1,
            "weightMultiplier": {
                "multiplier": 1.5,
                "condition": {
                    "timeRange": "night"
                }
            },
            "condition": {
                "canSeeSky": true,
                "biomes": [
                    "#cobblemon:is_floral"
                ]
            }
        },
        {
            "id": "wigglytuff-2",
            "pokemon": "wigglytuff",
            "presets": [
                "natural"
            ],
            "type": "pokemon",
            "context": "grounded",
            "bucket": "common",
            "level": "22-44",
            "weight": 0.02,
            "weightMultiplier": {
                "multiplier": 1.5,
                "condition": {
                    "timeRange": "night"
                }
            },
            "condition": {
                "canSeeSky": true,
                "biomes": [
                    "#cobblemon:is_plains"
                ]
            },
            "anticondition": {
                "biomes": [
                    "#cobblemon:is_floral"
                ]
            }
        },
        {
            "id": "wigglytuff-3",
            "pokemon": "wigglyuff",
            "presets": [
                "natural"
            ],
            "type": "pokemon",
            "context": "grounded",
            "bucket": "common",
            "level": "26-48",
            "weight": 0.9,
            "condition": {
                "biomes": [
                    "betterend:blossoming_spires"
                ]
            }
        }
    ]
}