{
    "enabled": true,
    "neededInstalledMods": [],
    "neededUninstalledMods": [],
    "spawns": [
        {
            "id": "vileplume-1",
            "pokemon": "vileplume",
            "presets": [
                "natural",
                "treetop"
            ],
            "type": "pokemon",
            "context": "grounded",
            "bucket": "common",
            "level": "35-49",
            "weight": 0.1,
            "condition": {
                "canSeeSky": true,
                "biomes": [
                    "#cobblemon:is_jungle"
                ],
                "timeRange": "night"
            }
        },
        {
            "id": "vileplume-2",
            "pokemon": "vileplume",
            "presets": [
                "natural"
            ],
            "type": "pokemon",
            "context": "grounded",
            "bucket": "common",
            "level": "35-49",
            "weight": 0.02,
            "condition": {
                "canSeeSky": true,
                "biomes": [
                    "#cobblemon:is_temperate"
                ],
                "timeRange": "night"
            }
        },
        {
            "id": "vileplume-3",
            "pokemon": "vileplume",
            "presets": [
                "natural"
            ],
            "type": "pokemon",
            "context": "grounded",
            "bucket": "common",
            "level": "38-54",
            "weight": 0.1,
            "condition": {
                "biomes": [
                    "betterend:foggy_mushroomland",
                    "betterend:umbrella_jungle"
                ]
            }
        },
        {
            "id": "vileplume-valencian-1",
            "pokemon": "vileplume valencian",
            "presets": [
                "natural"
            ],
            "type": "pokemon",
            "context": "grounded",
            "bucket": "common",
            "level": "35-49",
            "weight": 0.02,
            "condition": {
                "canSeeSky": true,
                "biomes": [
                    "#cobblemon:is_savanna",
                    "#cobblemon:is_tropical_island"
                ],
                "timeRange": "night"
            }
        }
    ]
}