{
    "enabled": true,
    "neededInstalledMods": [],
    "neededUninstalledMods": [],
    "spawns": [
        {
            "id": "meowth-1",
            "pokemon": "meowth",
            "presets": [
                "natural",
                "urban"
            ],
            "type": "pokemon",
            "context": "grounded",
            "bucket": "common",
            "level": "4-29",
            "weight": 9.0,
            "weightMultiplier": {
                "multiplier": 1.5,
                "condition": {
                    "timeRange": "night"
                }
            },
            "condition": {
                "canSeeSky": true,
                "biomes": [
                    "#cobblemon:is_overworld"
                ],
                "isRaining": false
            },
            "anticondition": {
                "biomes": [
                    "#cobblemon:is_arid",
                    "#cobblemon:is_freezing",
                    "#cobblemon:is_taiga"
                ],
                "structures": [
                    "#minecraft:village"
                ]
            }
        },
        {
            "id": "meowth-2",
            "pokemon": "meowth",
            "presets": [
                "natural",
                "village"
            ],
            "type": "pokemon",
            "context": "grounded",
            "bucket": "common",
            "level": "4-29",
            "weight": 9.0,
            "weightMultiplier": {
                "multiplier": 1.5,
                "condition": {
                    "timeRange": "night"
                }
            },
            "condition": {
                "canSeeSky": true,
                "biomes": [
                    "#cobblemon:is_overworld"
                ],
                "isRaining": false
            },
            "anticondition": {
                "biomes": [
                    "#cobblemon:is_arid",
                    "#cobblemon:is_freezing",
                    "#cobblemon:is_taiga"
                ]
            }
        },
        {
            "id": "meowth-3",
            "pokemon": "meowth",
            "presets": [
                "natural",
                "urban"
            ],
            "type": "pokemon",
            "context": "grounded",
            "bucket": "common",
            "level": "4-29",
            "weight": 9.0,
            "weightMultiplier": {
                "multiplier": 1.5,
                "condition": {
                    "timeRange": "night"
                }
            },
            "condition": {
                "canSeeSky": true,
                "biomes": [
                    "#cobblemon:is_arid"
                ]
            },
            "anticondition": {
                "structures": [
                    "#minecraft:village"
                ]
            }
        },
        {
            "id": "meowth-4",
            "pokemon": "meowth",
            "presets": [
                "natural",
                "village"
            ],
            "type": "pokemon",
            "context": "grounded",
            "bucket": "common",
            "level": "4-29",
            "weight": 9.0,
            "weightMultiplier": {
                "multiplier": 1.5,
                "condition": {
                    "timeRange": "night"
                }
            },
            "condition": {
                "canSeeSky": true,
                "biomes": [
                    "#cobblemon:is_arid"
                ]
            }
        },
        {
            "id": "meowth-5",
            "pokemon": "meowth",
            "presets": [
                "natural"
            ],
            "type": "pokemon",
            "context": "grounded",
            "bucket": "common",
            "level": "8-32",
            "weight": 9.0,
            "condition": {
                "biomes": [
                    "betterend:blossoming_spires",
                    "betterend:lantern_woods"
                ]
            }
        },
        {
            "id": "meowth-alolan-1",
            "pokemon": "meowth alolan",
            "presets": [
                "natural",
                "illager_structures"
            ],
            "type": "pokemon",
            "context": "grounded",
            "bucket": "common",
            "level": "4-29",
            "weight": 54.0,
            "weightMultiplier": {
                "multiplier": 1.5,
                "condition": {
                    "timeRange": "night"
                }
            },
            "condition": {
                "canSeeSky": true,
                "biomes": [
                    "#cobblemon:is_overworld"
                ],
                "isRaining": false
            },
            "anticondition": {
                "biomes": [
                    "#cobblemon:is_arid",
                    "#cobblemon:is_freezing"
                ]
            }
        },
        {
            "id": "meowth-alolan-2",
            "pokemon": "meowth alolan",
            "presets": [
                "natural",
                "illager_structures"
            ],
            "type": "pokemon",
            "context": "grounded",
            "bucket": "common",
            "level": "4-29",
            "weight": 54.0,
            "weightMultiplier": {
                "multiplier": 1.5,
                "condition": {
                    "timeRange": "night"
                }
            },
            "condition": {
                "canSeeSky": true,
                "biomes": [
                    "#cobblemon:is_arid",
                    "#cobblemon:is_freezing"
                ]
            }
        },
        {
            "id": "meowth-alolan-3",
            "pokemon": "meowth alolan",
            "presets": [
                "illager_structures"
            ],
            "type": "pokemon",
            "context": "grounded",
            "bucket": "uncommon",
            "level": "4-29",
            "weight": 54.0,
            "condition": {
                "canSeeSky": false,
                "biomes": [
                    "#cobblemon:is_overworld"
                ],
                "minY": 62
            }
        },
        {
            "id": "meowth-galarian-1",
            "pokemon": "meowth galarian",
            "presets": [
                "natural",
                "urban"
            ],
            "type": "pokemon",
            "context": "grounded",
            "bucket": "common",
            "level": "4-29",
            "weight": 9.0,
            "weightMultiplier": {
                "multiplier": 1.5,
                "condition": {
                    "timeRange": "night"
                }
            },
            "condition": {
                "canSeeSky": true,
                "biomes": [
                    "#cobblemon:is_freezing",
                    "#cobblemon:is_taiga"
                ]
            },
            "anticondition": {
                "structures": [
                    "#minecraft:village"
                ]
            }
        },
        {
            "id": "meowth-galarian-2",
            "pokemon": "meowth galarian",
            "presets": [
                "natural",
                "village"
            ],
            "type": "pokemon",
            "context": "grounded",
            "bucket": "common",
            "level": "4-29",
            "weight": 9.0,
            "weightMultiplier": {
                "multiplier": 1.5,
                "condition": {
                    "timeRange": "night"
                }
            },
            "condition": {
                "canSeeSky": true,
                "biomes": [
                    "#cobblemon:is_freezing",
                    "#cobblemon:is_taiga"
                ]
            }
        }
    ]
}