{
    "enabled": true,
    "neededInstalledMods": [],
    "neededUninstalledMods": [],
    "spawns": [
        {
            "id": "psyduck-1",
            "pokemon": "psyduck",
            "presets": [
                "natural",
                "freshwater"
            ],
            "type": "pokemon",
            "context": "grounded",
            "bucket": "common",
            "level": "7-32",
            "weight": 5.4,
            "condition": {
                "canSeeSky": true
            }
        },
        {
            "id": "psyduck-2",
            "pokemon": "psyduck",
            "presets": [
                "freshwater",
                "underwater"
            ],
            "type": "pokemon",
            "context": "submerged",
            "bucket": "common",
            "level": "7-32",
            "weight": 5.4,
            "condition": {
                "canSeeSky": true
            }
        },
        {
            "id": "psyduck-3",
            "pokemon": "psyduck",
            "presets": [
                "natural"
            ],
            "type": "pokemon",
            "context": "grounded",
            "bucket": "common",
            "level": "12-36",
            "weight": 5.4,
            "condition": {
                "biomes": [
                    "betterend:megalake",
                    "betterend:megalake_grove"
                ]
            }
        },
        {
            "id": "psyduck-4",
            "pokemon": "psyduck",
            "presets": [
                "underwater"
            ],
            "type": "pokemon",
            "context": "submerged",
            "bucket": "common",
            "level": "12-36",
            "weight": 5.4,
            "condition": {
                "biomes": [
                    "betterend:megalake",
                    "betterend:megalake_grove"
                ]
            }
        }
    ]
}