{
    "enabled": true,
    "neededInstalledMods": [],
    "neededUninstalledMods": [],
    "spawns": [
        {
            "id": "growlithe-1",
            "pokemon": "growlithe",
            "presets": [
                "natural",
                "urban"
            ],
            "type": "pokemon",
            "context": "grounded",
            "bucket": "common",
            "level": "10-35",
            "weight": 5.4,
            "condition": {
                "canSeeSky": true,
                "biomes": [
                    "#cobblemon:is_overworld"
                ]
            },
            "anticondition": {
                "biomes": [
                    "#cobblemon:is_desert"
                ],
                "structures": [
                    "#minecraft:village"
                ]
            }
        },
        {
            "id": "growlithe-2",
            "pokemon": "growlithe",
            "presets": [
                "natural",
                "village"
            ],
            "type": "pokemon",
            "context": "grounded",
            "bucket": "common",
            "level": "10-35",
            "weight": 5.4,
            "condition": {
                "canSeeSky": true,
                "biomes": [
                    "#cobblemon:is_overworld"
                ]
            },
            "anticondition": {
                "biomes": [
                    "#cobblemon:is_desert"
                ]
            }
        },
        {
            "id": "growlithe-3",
            "pokemon": "growlithe",
            "presets": [
                "natural"
            ],
            "type": "pokemon",
            "context": "grounded",
            "bucket": "common",
            "level": "10-35",
            "weight": 5.4,
            "condition": {
                "maxY": 70,
                "biomes": [
                    "terrestria:volcanic_island"
                ],
                "neededNearbyBlocks": [
                    "terrestria:andisol_grass_block"
                ]
            }
        },
        {
            "id": "growlithe-4",
            "pokemon": "growlithe",
            "presets": [
                "natural"
            ],
            "type": "pokemon",
            "context": "grounded",
            "bucket": "common",
            "level": "16-38",
            "weight": 4,
            "condition": {
                "biomes": [
                    "betterend:amber_land",
                    "betterend:dry_shrubland"
                ]
            }
        }
    ]
}