{
    "enabled": true,
    "neededInstalledMods": [],
    "neededUninstalledMods": [],
    "spawns": [
        {
            "id": "ponyta-1",
            "pokemon": "ponyta",
            "presets": [
                "natural"
            ],
            "type": "pokemon",
            "context": "grounded",
            "bucket": "uncommon",
            "level": "16-41",
            "weight": 5.4,
            "weightMultiplier": {
                "multiplier": 0.25,
                "condition": {
                    "timeRange": "night"
                }
            },
            "condition": {
                "canSeeSky": true,
                "biomes": [
                    "#cobblemon:is_grassland"
                ],
                "isRaining": false
            }
        },
        {
            "id": "ponyta-2",
            "pokemon": "ponyta",
            "presets": [
                "natural"
            ],
            "type": "pokemon",
            "context": "grounded",
            "bucket": "common",
            "level": "16-41",
            "weight": 5.4,
            "condition": {
                "biomes": [
                    "#cobblemon:is_nether_overgrowth",
                    "#cobblemon:is_nether_wasteland"
                ]
            }
        },
        {
            "id": "ponyta-3",
            "pokemon": "ponyta",
            "presets": [
                "natural"
            ],
            "type": "pokemon",
            "context": "grounded",
            "bucket": "common",
            "level": "22-46",
            "weight": 4,
            "condition": {
                "biomes": [
                    "betterend:dry_shrubland"
                ]
            }
        },
        {
            "id": "ponyta-galarian-1",
            "pokemon": "ponyta galarian",
            "presets": [
                "natural",
                "wild"
            ],
            "type": "pokemon",
            "context": "grounded",
            "bucket": "uncommon",
            "level": "16-41",
            "weight": 9.0,
            "weightMultiplier": {
                "multiplier": 0.25,
                "condition": {
                    "timeRange": "night"
                }
            },
            "condition": {
                "canSeeSky": true,
                "biomes": [
                    "#cobblemon:is_floral",
                    "#cobblemon:is_magical"
                ]
            }
        },
        {
            "id": "ponyta-galarian-2",
            "pokemon": "ponyta galarian",
            "presets": [
                "natural"
            ],
            "type": "pokemon",
            "context": "grounded",
            "bucket": "uncommon",
            "level": "22-46",
            "weight": 2,
            "condition": {
                "biomes": [
                    "betterend:blossoming_spires",
                    "betterend:glowing_grasslands",
                    "betterend:neon_oasis"
                ]
            }
        }
    ]
}