{
    "enabled": true,
    "neededInstalledMods": [],
    "neededUninstalledMods": [],
    "spawns": [
        {
            "id": "muk-1",
            "pokemon": "muk",
            "presets": [
                "water_surface"
            ],
            "type": "pokemon",
            "context": "surface",
            "bucket": "common",
            "level": "38-50",
            "weight": 0.2,
            "weightMultiplier": {
                "multiplier": 1.5,
                "condition": {
                    "timeRange": "night"
                }
            },
            "condition": {
                "canSeeSky": true,
                "biomes": [
                    "#cobblemon:is_swamp"
                ]
            }
        },
        {
            "id": "muk-2",
            "pokemon": "muk",
            "presets": [
                "water_surface",
                "urban"
            ],
            "type": "pokemon",
            "context": "surface",
            "bucket": "common",
            "level": "38-50",
            "weight": 0.6,
            "weightMultiplier": {
                "multiplier": 1.5,
                "condition": {
                    "timeRange": "night"
                }
            },
            "condition": {
                "canSeeSky": true,
                "biomes": [
                    "#cobblemon:is_overworld"
                ]
            },
            "anticondition": {
                "structures": [
                    "#minecraft:village"
                ]
            }
        },
        {
            "id": "muk-3",
            "pokemon": "muk",
            "presets": [
                "water_surface",
                "village"
            ],
            "type": "pokemon",
            "context": "surface",
            "bucket": "common",
            "level": "38-50",
            "weight": 0.6,
            "weightMultiplier": {
                "multiplier": 1.5,
                "condition": {
                    "timeRange": "night"
                }
            },
            "condition": {
                "canSeeSky": true,
                "biomes": [
                    "#cobblemon:is_overworld"
                ]
            }
        },
        {
            "id": "muk-4",
            "pokemon": "muk",
            "presets": [
                "natural"
            ],
            "type": "pokemon",
            "context": "grounded",
            "bucket": "common",
            "level": "38-50",
            "weight": 1.0,
            "condition": {
                "biomes": [
                    "#cobblemon:is_nether_toxic"
                ]
            }
        },
        {
            "id": "muk-5",
            "pokemon": "muk",
            "presets": [
                "natural"
            ],
            "type": "pokemon",
            "context": "grounded",
            "bucket": "common",
            "level": "42-54",
            "weight": 1.0,
            "condition": {
                "biomes": [
                    "betterend:foggy_mushroomland",
                    "betterend:umbra_valley"
                ]
            }
        }
    ]
}