{
    "enabled": true,
    "neededInstalledMods": [],
    "neededUninstalledMods": [],
    "spawns": [
        {
            "id": "krabby-1",
            "pokemon": "krabby",
            "presets": [
                "natural"
            ],
            "type": "pokemon",
            "context": "grounded",
            "bucket": "common",
            "level": "8-33",
            "weight": 9.0,
            "condition": {
                "canSeeSky": true,
                "maxY":  67,
                "biomes": [
                    "#cobblemon:is_coast"
                ]
            },
            "anticondition": {
                "neededNearbyBlocks": [
                    "terrestria:volcanic_rock",
                    "terrestria:andisol_grass_block"
                ]
            }
        }
    ]
}