{
    "enabled": true,
    "neededInstalledMods": [],
    "neededUninstalledMods": [],
    "spawns": [
        {
            "id": "voltorb-1",
            "pokemon": "voltorb",
            "presets": [
                "natural",
                "urban"
            ],
            "type": "pokemon",
            "context": "grounded",
            "bucket": "common",
            "level": "8-33",
            "weight": 1.8,
            "weightMultiplier": {
                "multiplier": 5.0,
                "condition": {
                    "isThundering": true
                }
            },
            "condition": {
                "canSeeSky": true,
                "biomes": [
                    "#cobblemon:is_overworld"
                ]
            },
            "anticondition": {
                "structures": [
                    "#minecraft:village"
                ]
            }
        },
        {
            "id": "voltorb-2",
            "pokemon": "voltorb",
            "presets": [
                "natural",
                "village"
            ],
            "type": "pokemon",
            "context": "grounded",
            "bucket": "common",
            "level": "8-33",
            "weight": 1.8,
            "weightMultiplier": {
                "multiplier": 5.0,
                "condition": {
                    "isThundering": true
                }
            },
            "condition": {
                "canSeeSky": true,
                "biomes": [
                    "#cobblemon:is_overworld"
                ]
            }
        },
        {
            "id": "voltorb-3",
            "pokemon": "voltorb",
            "type": "pokemon",
            "context": "grounded",
            "bucket": "uncommon",
            "level": "8-33",
            "weight": 5.4,
            "weightMultiplier": {
                "multiplier": 5.0,
                "condition": {
                    "isThundering": true
                }
            },
            "condition": {
                "canSeeSky": true,
                "biomes": [
                    "#cobblemon:is_overworld"
                ],
                "neededNearbyBlocks": [
                    "minecraft:lightning_rod"
                ]
            }
        },
        {
            "id": "voltorb-4",
            "pokemon": "voltorb",
            "presets": [
                "natural"
            ],
            "type": "pokemon",
            "context": "grounded",
            "bucket": "common",
            "level": "8-33",
            "weight": 1,
            "condition": {
                "biomes": [
                    "regions_unexplored:redstone_caves"
                ]
            }
        }
    ]
}