{
    "enabled": true,
    "neededInstalledMods": [],
    "neededUninstalledMods": [],
    "spawns": [
        {
            "id": "cubone-1",
            "pokemon": "cubone",
            "presets": [
                "natural",
                "wild"
            ],
            "type": "pokemon",
            "context": "grounded",
            "bucket": "common",
            "level": "7-32",
            "weight": 1.8,
            "condition": {
                "canSeeSky": true,
                "biomes": [
                    "#cobblemon:is_sandy"
                ]
            }
        },
        {
            "id": "cubone-alolan-1",
            "pokemon": "cubone",
            "presets": [
                "natural",
                "wild"
            ],
            "type": "pokemon",
            "context": "grounded",
            "bucket": "common",
            "level": "7-32",
            "weight": 5.4,
            "condition": {
                "biomes": [
                    "#cobblemon:is_nether_desert",
                    "#cobblemon:is_nether_soul_fire"
                ]
            }
        },
        {
            "id": "cubone-2",
            "pokemon": "cubone",
            "presets": [
                "natural"
            ],
            "type": "pokemon",
            "context": "grounded",
            "bucket": "common",
            "level": "12-36",
            "weight": 1.8,
            "condition": {
                "biomes": [
                    "betterend:dust_wastelands"
                ]
            }
        },
        {
            "id": "cubone-alolan-2",
            "pokemon": "cubone",
            "presets": [
                "natural"
            ],
            "type": "pokemon",
            "context": "grounded",
            "bucket": "common",
            "level": "12-36",
            "weight": 5.4,
            "condition": {
                "biomes": [
                    "betterend:umbra_valley"
                ]
            }
        }
    ]
}