{
    "enabled": true,
    "neededInstalledMods": [],
    "neededUninstalledMods": [],
    "spawns": [
        {
            "id": "lapras-1",
            "pokemon": "lapras",
            "presets": [
                "water_surface"
            ],
            "type": "pokemon",
            "bucket": "uncommon",
            "level": "29-54",
            "weight": 2.0,
            "condition": {
                "canSeeSky": true,
                "biomes": [
                    "#cobblemon:is_frozen_ocean"
                ]
            }
        },
        {
            "id": "lapras-2",
            "pokemon": "lapras",
            "presets": [
                "water_surface"
            ],
            "type": "pokemon",
            "bucket": "rare",
            "level": "29-54",
            "weight": 2.0,
            "condition": {
                "canSeeSky": true,
                "biomes": [
                    "#cobblemon:is_ocean"
                ]
            },
            "anticondition": {
                "biomes": [
                    "#cobblemon:is_frozen_ocean"
                ]
            }
        },
        {
            "id": "lapras-3",
            "pokemon": "lapras",
            "presets": [
                "water_surface"
            ],
            "type": "pokemon",
            "bucket": "rare",
            "level": "29-54",
            "weight": 2.0,
            "condition": {
                "canSeeSky": true,
                "biomes": [
                    "#cobblemon:is_ocean"
                ]
            },
            "anticondition": {
                "biomes": [
                    "#cobblemon:is_frozen"
                ]
            }
        },
        {
            "id": "lapras-4",
            "pokemon": "lapras",
            "presets": [
                "water_surface"
            ],
            "type": "pokemon",
            "bucket": "rare",
            "level": "34-60",
            "weight": 2.0,
            "condition": {
                "biomes": [
                    "betterend:megalake"
                ]
            }
        }
    ]
}