{
    "enabled": true,
    "neededInstalledMods": [],
    "neededUninstalledMods": [],
    "spawns": [
        {
            "id": "kabutops-1",
            "pokemon": "kabutops",
            "presets": [
                "natural"
            ],
            "type": "pokemon",
            "context": "grounded",
            "bucket": "ultra-rare",
            "level": "40-50",
            "weight": 1.0,
            "condition": {
                "biomes": [
                    "#cobblemon:is_lush"
                ]
            }
        },
        {
            "id": "kabutops-2",
            "pokemon": "kabutops",
			"presets": [
                "underwater"
            ],
            "type": "pokemon",
            "context": "submerged",
            "bucket": "ultra-rare",
            "level": "40-50",
            "weight": 1.0,
            "condition": {
                "biomes": [
                    "#cobblemon:is_lush"
                ]
            }
        }
    ]
}