{
    "enabled": true,
    "neededInstalledMods": [],
    "neededUninstalledMods": [],
    "spawns": [
        {
            "id": "snorlax-1",
            "pokemon": "snorlax",
            "presets": [
                "natural"
            ],
            "type": "pokemon",
            "context": "grounded",
            "bucket": "rare",
            "level": "34-54",
            "weight": 1.0,
            "condition": {
                "canSeeSky": true,
                "biomes": [
                    "#cobblemon:is_forest",
                    "#cobblemon:is_hills"
                ]
            },
            "anticondition": {
                "biomes": [
                    "terrestria:volcanic_island"
                ]
            }
        },
        {
            "id": "snorlax-2",
            "pokemon": "snorlax",
            "presets": [
                "natural"
            ],
            "type": "pokemon",
            "context": "grounded",
            "bucket": "uncommon",
            "level": "40-60",
            "weight": 4.0,
            "condition": {
                "biomes": [
                    "betterend:lantern_woods"
                ]
            }
        }
    ]
}