{
    "enabled": true,
    "neededInstalledMods": [],
    "neededUninstalledMods": [],
    "spawns": [
		{
            "id": "magby-1",
            "pokemon": "magby",
            "presets": [
                "natural"
            ],
            "type": "pokemon",
            "context": "grounded",
            "bucket": "common",
            "level": "11-36",
            "weight": 9.0,
            "condition": {
                "canSeeSky": true,
                "biomes": [
                    "#cobblemon:is_hills"
                ],
                "isRaining": false,
				"neededNearbyBlocks": [
                    "#minecraft:lava",
					"minecraft:magma_block"
                ]
            },
            "anticondition": {
                "biomes": [
                    "#cobblemon:is_volcanic"
                ]
            }
		},
        {
            "id": "magby-2",
            "pokemon": "magby",
            "presets": [
                "natural"
            ],
            "type": "pokemon",
            "context": "grounded",
            "bucket": "common",
            "level": "11-36",
            "weight": 9.0,
            "condition": {
                "canSeeSky": true,
                "biomes": [
                    "#cobblemon:is_volcanic",
                    "terrestria:volcanic_island"
                ],
                "isRaining": false
            }
        },
        {
            "id": "magby-3",
            "pokemon": "magby",
            "presets": [
                "natural"
            ],
            "type": "pokemon",
            "context": "grounded",
            "bucket": "common",
            "level": "11-36",
            "weight": 9.0,
            "condition": {
                "biomes": [
                    "#cobblemon:is_nether_basalt",
                    "#cobblemon:is_nether_wasteland"
                ]
            }
        },
        {
            "id": "magby-4",
            "pokemon": "magby",
            "presets": [
                "derelict"
            ],
            "type": "pokemon",
            "context": "grounded",
            "bucket": "common",
            "level": "11-36",
            "weight": 9.0,
            "condition": {
                "biomes": [
                    "regions_unexplored:scorching_caves",
                    "terralith:cave/mantle_caves"
                ],
                "neededNearbyBlocks": [
                    "regions_unexplored:ash_vent",
                    "#minecraft:basalt",
                    "#minecraft:blackstone",
                    "#minecraft:lava",
                    "#minecraft:magma_block"
                ]
            }
        }
    ]
}