{
    "enabled": "true",
    "neededInstalledMods": [],
    "neededUninstalledMods": [],
    "spawns": [
        {
            "id": "surskit-1",
            "pokemon": "surskit",
            "presets": [
                "water_surface",
                "freshwater"
            ],
            "type": "pokemon",
            "context": "surface",
            "bucket": "common",
            "level": "2-27",
            "weight": 1.8,
            "condition": {
                "canSeeSky": true,
                "timeRange": "night",
                "isRaining": false
            }
        },
        {
            "id": "surskit-2",
            "pokemon": "surskit",
            "presets": [
                "water_surface"
            ],
            "type": "pokemon",
            "context": "surface",
            "bucket": "common",
            "level": "2-27",
            "weight": 9.0,
            "condition": {
                "biomes": [
                    "#the_bumblezone:the_bumblezone"
                ]
            },
            "anticondition": {
                "structures": [
                    "#the_bumblezone:sempiternal_sanctums"
                ]
            }
        },
        {
            "id": "surskit-2",
            "pokemon": "surskit",
            "presets": [
                "water_surface"
            ],
            "type": "pokemon",
            "context": "surface",
            "bucket": "common",
            "level": "6-32",
            "weight": 9.0,
            "condition": {
                "biomes": [
                    "betterend:megalake",
                    "betterend:megalake_grove"
                ]
            }
        }
    ]
}