{
    "enabled": true,
    "neededInstalledMods": [],
    "neededUninstalledMods": [],
    "spawns": [
        {
            "id": "breloom-1",
            "pokemon": "shroomish",
            "presets": [
                "natural"
            ],
            "type": "pokemon",
            "context": "grounded",
            "bucket": "common",
            "level": "23-46",
            "weight": 0.2,
            "condition": {
                "canSeeSky": true,
                "biomes": [
                    "#cobblemon:is_forest",
                    "regions_unexplored:blackwood_taiga"
                ]
            },
            "anticondition": {
                "biomes": [
                    "#cobblemon:is_freezing"
                ]
            }
        },
        {
            "id": "breloom-2",
            "pokemon": "breloom",
            "presets": [
                "natural"
            ],
            "type": "pokemon",
            "context": "grounded",
            "bucket": "common",
            "level": "23-46",
            "weight": 1.0,
            "condition": {
                "canSeeSky": true,
                "biomes": [
                    "#cobblemon:is_mushroom",
                    "regions_unexplored:blackwood_taiga"
                ]
            }
        },
        {
            "id": "breloom-3",
            "pokemon": "breloom",
            "presets": [
                "natural"
            ],
            "type": "pokemon",
            "context": "grounded",
            "bucket": "common",
            "level": "23-46",
            "weight": 1.0,
            "condition": {
                "canSeeSky": false,
                "biomes": [
                    "#cobblemon:is_mushroom",
                    "regions_unexplored:bioshroom_caves"
                ]
            }
        },
        {
            "id": "breloom-4",
            "pokemon": "breloom",
            "presets": [
                "natural"
            ],
            "type": "pokemon",
            "context": "grounded",
            "bucket": "common",
            "level": "26-50",
            "weight": 3.0,
            "condition": {
                "biomes": [
                    "betterend:foggy_mushroomland",
                    "betterend:umbrella_jungle"
                ]
            }
        }
    ]
}