{
    "enabled": "true",
    "neededInstalledMods": [],
    "neededUninstalledMods": [],
    "spawns": [
        {
            "id": "nincada-1",
            "pokemon": "nincada",
            "presets": [
                "natural"
            ],
            "type": "pokemon",
            "context": "grounded",
            "bucket": "common",
            "level": "2-27",
            "weight": 10.0,
            "condition": {
                "canSeeSky": false,
                "minY": 32,
                "biomes": [
                    "#cobblemon:is_forest",
                    "#cobblemon:is_jungle"
                ]
            },
            "anticondition": {
                "biomes": [
                    "#cobblemon:is_deep_dark"
                ]
            }
        },
        {
            "id": "nincada-2",
            "pokemon": "nincada",
            "presets": [
                "natural"
            ],
            "type": "pokemon",
            "context": "grounded",
            "bucket": "common",
            "level": "6-32",
            "weight": 10.0,
            "condition": {
                "biomes": [
                    "betterend:lantern_woods"
                ]
            }
        }
    ]
}