{
    "enabled": "true",
    "neededInstalledMods": [],
    "neededUninstalledMods": [],
    "spawns": [
        {
            "id": "mawile-1",
            "pokemon": "mawile",
            "presets": [
                "natural"
            ],
            "type": "pokemon",
            "context": "grounded",
            "bucket": "uncommon",
            "level": "13-38",
            "weight": 6.0,
            "condition": {
                "canSeeSky": false,
                "biomes": [
                    "#cobblemon:is_deep_dark"
                ]
            }
        },
        {
            "id": "mawile-2",
            "pokemon": "mawile",
            "presets": [
                "natural"
            ],
            "type": "pokemon",
            "context": "grounded",
            "bucket": "rare",
            "level": "13-38",
            "weight": 6.0,
            "condition": {
                "canSeeSky": false,
                "biomes": [
                    "#cobblemon:is_overworld",
                    "regions_unexplored:bioshroom_caves"
                ]
            },
            "anticondition": {
                "biomes": [
                    "#cobblemon:is_deep_dark",
                    "regions_unexplored:prismachasm",
                    "regions_unexplored:scorching_caves"
                ]
            }
        },
        {
            "id": "mawile-3",
            "pokemon": "mawile",
            "presets": [
                "natural"
            ],
            "type": "pokemon",
            "context": "grounded",
            "bucket": "common",
            "level": "16-48",
            "weight": 2.0,
            "condition": {
                "biomes": [
                    "betterend:amber_land",
                    "betterend:dry_shrubland"
                ]
            }
        }
    ]
}