{
    "enabled": "true",
    "neededInstalledMods": [],
    "neededUninstalledMods": [],
    "spawns": [
        {
            "id": "camerupt-1",
            "pokemon": "camerupt",
            "presets": [
                "natural"
            ],
            "type": "pokemon",
            "context": "grounded",
            "bucket": "common",
            "level": "33-46",
            "weight": 0.6,
            "weightMultiplier": {
                "multiplier": 0.25,
                "condition": {
                    "timeRange": "night"
                }
            },
            "condition": {
                "canSeeSky": true,
                "biomes": [
                    "#cobblemon:is_badlands"
                ]
            }
        },
        {
            "id": "camerupt-2",
            "pokemon": "camerupt",
            "presets": [
                "natural"
            ],
            "type": "pokemon",
            "context": "grounded",
            "bucket": "common",
            "level": "33-46",
            "weight": 0.6,
            "condition": {
                "biomes": [
                    "#cobblemon:is_nether_overgrowth",
                    "#cobblemon:is_nether_wasteland"
                ]
            }
        },
        {
            "id": "camerupt-3",
            "pokemon": "camerupt",
            "presets": [
                "natural"
            ],
            "type": "pokemon",
            "context": "grounded",
            "bucket": "common",
            "level": "33-46",
            "weight": 1.0,
            "weightMultiplier": {
                "multiplier": 0.25,
                "condition": {
                    "timeRange": "night"
                }
            },
            "condition": {
                "canSeeSky": true,
                "biomes": [
                    "#cobblemon:is_volcanic",
                    "terrestria:volcanic_island"
                ]
            }
        }
    ]
}