{
    "enabled": "true",
    "neededInstalledMods": [],
    "neededUninstalledMods": [],
    "spawns": [
        {
            "id": "chimecho-1",
            "pokemon": "chimecho",
            "type": "pokemon",
            "context": "grounded",
            "bucket": "uncommon",
            "level": "24-46",
            "weight": 0.2,
            "condition": {
                "canSeeSky": true,
                "biomes": [
                    "#cobblemon:is_forest",
                    "#cobblemon:is_mountain",
                    "#cobblemon:is_spooky",
                    "#cobblemon:is_taiga"
                ],
                "timeRange": "night"
            },
            "anticondition": {
                "biomes": [
                    "terrestria:volcanic_island"
                ]
            }
        },
        {
            "id": "chimecho-2",
            "pokemon": "chimecho",
            "type": "pokemon",
            "context": "grounded",
            "bucket": "uncommon",
            "level": "24-46",
            "weight": 0.6,
            "condition": {
                "canSeeSky": true,
                "biomes": [
                    "#cobblemon:is_magical"
                ],
                "timeRange": "night"
            }
        },
        {
            "id": "chimecho-3",
            "pokemon": "chimecho",
            "type": "pokemon",
            "context": "grounded",
            "bucket": "uncommon",
            "level": "28-50",
            "weight": 0.6,
            "condition": {
                "biomes": [
                    "betterend:crystal_mountains"
                ]
            }
        }
    ]
}