{
    "enabled": "true",
    "neededInstalledMods": [],
    "neededUninstalledMods": [],
    "spawns": [
        {
            "id": "huntail-1",
            "pokemon": "huntail",
            "presets": [
                "underwater"
            ],
            "type": "pokemon",
            "context": "submerged",
            "bucket": "uncommon",
            "level": "30-49",
            "weight": 0.5,
            "condition": {
                "canSeeSky": true,
                "maxY": 48,
                "biomes": [
                    "#cobblemon:is_deep_ocean",
                    "terrestria:volcanic_island"
                ]
            }
        },
        {
            "id": "huntail-2",
            "pokemon": "huntail",
            "presets": [
                "underwater"
            ],
            "type": "pokemon",
            "context": "submerged",
            "bucket": "rare",
            "level": "30-49",
            "weight": 0.5,
            "condition": {
                "canSeeSky": true,
                "biomes": [
                    "#cobblemon:is_warm_ocean"
                ]
            }
        },
        {
            "id": "huntail-3",
            "pokemon": "huntail",
            "presets": [
                "underwater"
            ],
            "type": "pokemon",
            "context": "submerged",
            "bucket": "uncommon",
            "level": "36-54",
            "weight": 4,
            "condition": {
                "biomes": [
                    "betterend:foggy_mushroomland",
                    "betterend:megalake",
                    "betterend:megalake_grove"
                ]
            }
        }
    ]
}