{
    "enabled": "true",
    "neededInstalledMods": [],
    "neededUninstalledMods": [],
    "spawns": [
        {
            "id": "chingling-1",
            "pokemon": "chingling",
            "presets": [
                "natural"
            ],
            "type": "pokemon",
            "context": "grounded",
            "bucket": "uncommon",
            "level": "4-29",
            "weight": 1.8,
            "condition": {
                "canSeeSky": true,
                "biomes": [
                    "#cobblemon:is_forest",
                    "#cobblemon:is_mountain",
                    "#cobblemon:is_spooky",
                    "#cobblemon:is_taiga"
                ],
                "timeRange": "night"
            },
            "anticondition": {
                "biomes": [
                    "terrestria:volcanic_island"
                ]
            }
        },
        {
            "id": "chingling-2",
            "pokemon": "chingling",
            "presets": [
                "natural"
            ],
            "type": "pokemon",
            "context": "grounded",
            "bucket": "uncommon",
            "level": "4-29",
            "weight": 5.4,
            "condition": {
                "canSeeSky": true,
                "biomes": [
                    "#cobblemon:is_magical"
                ],
                "timeRange": "night"
            }
        },
        {
            "id": "chingling-3",
            "pokemon": "chimecho",
            "type": "pokemon",
            "context": "grounded",
            "bucket": "uncommon",
            "level": "8-32",
            "weight": 1.8,
            "condition": {
                "biomes": [
                    "betterend:crystal_mountains"
                ]
            }
        }
    ]
}