{
    "enabled": "true",
    "neededInstalledMods": [],
    "neededUninstalledMods": [],
    "spawns": [
        {
            "id": "chatot-1",
            "pokemon": "chatot",
            "presets": [
                "natural",
                "treetop"
            ],
            "type": "pokemon",
            "context": "grounded",
            "bucket": "uncommon",
            "level": "16-41",
            "weight": 10.0,
            "condition": {
                "canSeeSky": true,
                "biomes": [
                    "#cobblemon:is_jungle"
                ],
                "timeRange": "day"
            }
        },
		{
            "id": "chatot-2",
            "pokemon": "chatot",
            "presets": [
                "natural",
                "treetop"
            ],
            "type": "pokemon",
            "context": "grounded",
            "bucket": "common",
            "level": "16-41",
            "weight": 6.0,
            "condition": {
                "canSeeSky": true,
                "biomes": [
                    "#cobblemon:is_tropical_island",
                    "terrestria:volcanic_island"
                ],
                "timeRange": "day",
                "neededNearbyBlocks": [
                    "#minecraft:jungle_log"
                ]
            }
        },
		{
            "id": "chatot-3",
            "pokemon": "chatot",
            "presets": [
                "natural",
                "treetop"
            ],
            "type": "pokemon",
            "context": "grounded",
            "bucket": "common",
            "level": "16-41",
            "weight": 10.0,
            "condition": {
                "canSeeSky": true,
                "biomes": [
                    "#cobblemon:is_sky"
                ],
                "timeRange": "day"
            }
        }
    ]
}