{
    "enabled": true,
    "neededInstalledMods": [],
    "neededUninstalledMods": [],
    "spawns": [
        {
            "id": "electivire-1",
            "pokemon": "electivire",
            "presets": [
                "natural"
            ],
            "type": "pokemon",
            "context": "grounded",
            "bucket": "uncommon",
            "level": "45-54",
            "weight": 0.02,
            "weightMultiplier": {
                "multiplier": 5.0,
                "condition": {
                    "isThundering": true
                }
            },
            "condition": {
                "canSeeSky": true,
                "biomes": [
                    "#cobblemon:is_plains",
                    "#cobblemon:is_hills"
                ]
            }
        },
        {
            "id": "electivire-2",
            "pokemon": "electivire",
            "presets": [
                "natural"
            ],
            "type": "pokemon",
            "context": "grounded",
            "bucket": "uncommon",
            "level": "48-58",
            "weight": 0.2,
            "condition": {
                "biomes": [
                    "betterend:glowing_grasslands",
                    "betterend:neon_oasis"
                ]
            }
        }
    ]
}