{
    "enabled": "true",
    "neededInstalledMods": [],
    "neededUninstalledMods": [],
    "spawns": [
        {
            "id": "emboar-1",
            "pokemon": "emboar",
            "presets": [
                "natural"
            ],
            "type": "pokemon",
            "context": "grounded",
            "bucket": "ultra-rare",
            "level": "36-53",
            "weight": 0.1,
            "condition": {
                "canSeeSky": true,
                "biomes": [
                    "#cobblemon:is_plains",
                    "terrestria:volcanic_island"
                ],
                "isRaining": false
            }
        },
		{
            "id": "emboar-2",
            "pokemon": "emboar",
            "presets": [
                "natural"
            ],
            "type": "pokemon",
            "context": "grounded",
            "bucket": "ultra-rare",
            "level": "36-53",
            "weight": 0.1,
            "condition": {
				"biomes": [
                    "#cobblemon:is_nether_crimson",
					"#cobblemon:is_nether_overgrowth"
                ]
			}
        }
    ]
}