{
    "enabled": "true",
    "neededInstalledMods": [],
    "neededUninstalledMods": [],
    "spawns": [
        {
            "id": "tranquill-1",
            "pokemon": "tranquill",
            "presets": [
                "natural",
                "treetop"
            ],
            "type": "pokemon",
            "context": "grounded",
            "bucket": "common",
            "level": "21-36",
            "weight": 0.9,
            "condition": {
                "canSeeSky": true,
                "biomes": [
                    "#cobblemon:is_mountain",
                    "#cobblemon:is_sky"
                ],
                "timeRange": "day"
            },
            "anticondition": {
                "biomes": [
                    "terrestria:volcanic_island"
                ]
            }
        },
        {
            "id": "tranquill-2",
            "pokemon": "tranquill",
            "presets": [
                "urban"
            ],
            "type": "pokemon",
            "context": "grounded",
            "bucket": "common",
            "level": "21-36",
            "weight": 0.9,
            "condition": {
                "canSeeSky": true,
                "biomes": [
                    "#cobblemon:is_overworld"
                ],
                "timeRange": "day"
            },
            "anticondition": {
                "biomes": [
                    "#cobblemon:is_arid",
                    "#cobblemon:is_tundra",
                    "terrestria:volcanic_island"
                ],
                "structures": [
                    "#minecraft:village"
                ]
            }
        },
        {
            "id": "tranquill-3",
            "pokemon": "tranquill",
            "presets": [
				"village"
            ],
            "type": "pokemon",
            "context": "grounded",
            "bucket": "common",
            "level": "21-36",
            "weight": 0.9,
            "condition": {
                "canSeeSky": true,
                "biomes": [
                    "#cobblemon:is_overworld"
                ],
                "timeRange": "day"
            },
            "anticondition": {
                "biomes": [
                    "#cobblemon:is_arid",
                    "#cobblemon:is_tundra",
                    "terrestria:volcanic_island"
                ]
            }
        }
    ]
}