{
    "enabled": "true",
    "neededInstalledMods": [],
    "neededUninstalledMods": [],
    "spawns": [
        {
            "id": "venipede-1",
            "pokemon": "venipede",
            "presets": [
                "natural",
                "wild"
            ],
            "type": "pokemon",
            "context": "grounded",
            "bucket": "uncommon",
            "level": "1-26",
            "weight": 5.4,
            "condition": {
                "canSeeSky": true,
                "biomes": [
                    "#cobblemon:is_forest"
                ],
                "timeRange": "night"
            }
        },
        {
            "id": "venipede-2",
            "pokemon": "venipede",
            "presets": [
                "natural",
                "wild"
            ],
            "type": "pokemon",
            "context": "grounded",
            "bucket": "common",
            "level": "1-26",
            "weight": 5.4,
            "condition": {
                "canSeeSky": true,
                "biomes": [
                    "#cobblemon:is_jungle"
                ],
                "timeRange": "night"
            }
        },
        {
            "id": "venipede-3",
            "pokemon": "venipede",
            "presets": [
                "natural"
            ],
            "type": "pokemon",
            "context": "grounded",
            "bucket": "common",
            "level": "1-26",
            "weight": 1.8,
            "condition": {
                "canSeeSky": false,
                "biomes": [
                    "#cobblemon:is_lush"
                ]
            }
        },
        {
            "id": "venipede-4",
            "pokemon": "venipede",
            "presets": [
                "natural",
                "wild"
            ],
            "type": "pokemon",
            "context": "grounded",
            "bucket": "common",
            "level": "1-26",
            "weight": 5.4,
            "condition": {
                "biomes": [
                    "#cobblemon:is_nether_forest",
                    "#cobblemon:is_nether_fungus"
                ]
            }
        },
        {
            "id": "venipede-5",
            "pokemon": "venipede",
            "presets": [
                "natural"
            ],
            "type": "pokemon",
            "context": "grounded",
            "bucket": "common",
            "level": "4-30",
            "weight": 5.4,
            "condition": {
                "biomes": [
                    "#cobblemon:chorus_forest",
                    "betterend:umbrella_jungle"
                ]
            }
        }
    ]
}