{
    "enabled": "true",
    "neededInstalledMods": [],
    "neededUninstalledMods": [],
    "spawns": [
        {
            "id": "klink-1",
            "pokemon": "klink",
            "presets": [
                "natural"
            ],
            "type": "pokemon",
            "context": "grounded",
            "bucket": "common",
            "level": "5-30",
            "weight": 9.0,
            "condition": {
                "canSeeSky": false,
                "biomes": [
                    "#cobblemon:is_overworld"
                ],
                "neededNearbyBlocks": [
                    "#c:redstone_ores",
                    "minecraft:rail"
                ]
            },
            "anticondition": {
                "biomes": [
                    "#cobblemon:is_deep_dark"
                ]
            }
        },
        {
            "id": "klink-2",
            "pokemon": "klink",
            "presets": [
                "redstone"
            ],
            "type": "pokemon",
            "context": "grounded",
            "bucket": "common",
            "level": "5-30",
            "weight": 9.0,
            "condition": {
                "biomes": [
                    "#cobblemon:is_overworld"
                ],
                "neededNearbyBlocks": [
                    "create:cogwheel",
                    "create:large_cogwheel",
                    "create:gearbox",
                    "create:vertical_gearbox"
                ]
            }
        },
        {
            "id": "klink-3",
            "pokemon": "klink",
            "presets": [
                "natural"
            ],
            "type": "pokemon",
            "context": "grounded",
            "bucket": "uncommon",
            "level": "5-30",
            "weight": 2.0,
            "condition": {
                "biomes": [
                    "regions_unexplored:redstone_caves"
                ]
            }
        }
    ]
}