{
    "enabled": "true",
    "neededInstalledMods": [],
    "neededUninstalledMods": [],
    "spawns": [
        {
            "id": "cryogonal-1",
            "pokemon": "cryogonal",
            "presets": [
                "natural"
            ],
            "type": "pokemon",
            "context": "grounded",
            "bucket": "uncommon",
            "level": "27-52",
            "weight": 10.0,
            "condition": {
                "canSeeSky": true,
                "biomes": [
                    "#cobblemon:is_freezing"
                ],
                "isRaining": true
            }
        },
        {
            "id": "cryogonal-2",
            "pokemon": "cryogonal",
            "presets": [
                "natural"
            ],
            "type": "pokemon",
            "context": "grounded",
            "bucket": "common",
            "level": "27-52",
            "weight": 2.0,
            "condition": {
                "biomes": [
                    "#cobblemon:is_nether_frozen"
                ]
            }
        },
        {
            "id": "cryogonal-3",
            "pokemon": "cryogonal",
            "presets": [
                "natural"
            ],
            "type": "pokemon",
            "context": "grounded",
            "bucket": "common",
            "level": "32-56",
            "weight": 2.0,
            "condition": {
                "biomes": [
                    "betterend:crystal_mountains"
                ]
            }
        }
    ]
}