{
    "enabled": "true",
    "neededInstalledMods": [],
    "neededUninstalledMods": [],
    "spawns": [
        {
            "id": "heatmor-1",
            "pokemon": "heatmor",
            "presets": [
                "natural",
				"wild"
            ],
            "type": "pokemon",
            "context": "grounded",
            "bucket": "uncommon",
            "level": "23-48",
            "weight": 6.0,
			"weightMultiplier": {
				"multiplier": 0.25,
				"condition": {
					"timeRange": "night"
				}
			},
            "condition": {
                "canSeeSky": true,
                "biomes": [
                    "#cobblemon:is_badlands",
                    "#cobblemon:is_hills",
                    "terrestria:volcanic_island"
                ]
            }
        },
        {
            "id": "heatmor-2",
            "pokemon": "heatmor",
            "presets": [
                "natural",
				"wild"
            ],
            "type": "pokemon",
            "context": "grounded",
            "bucket": "common",
            "level": "23-48",
            "weight": 2.0,
            "condition": {
                "biomes": [
                    "#cobblemon:is_nether_mountain"
                ]
            }
        }
    ]
}