{
    "enabled": "true",
    "neededInstalledMods": [],
    "neededUninstalledMods": [],
    "spawns": [
        {
            "id": "durant-1",
            "pokemon": "durant",
            "presets": [
                "natural"
            ],
            "type": "pokemon",
            "context": "grounded",
            "bucket": "common",
            "level": "23-48",
            "weight": 2.0,
            "condition": {
                "canSeeSky": true,
                "biomes": [
                    "#cobblemon:is_badlands",
                    "#cobblemon:is_hills",
                    "terrestria:volcanic_island"
                ],
                "neededNearbyBlocks": [
                    "#minecraft:jungle_log"
                ]
            },
            "anticondition": {
                "neededNearbyBlocks": [
                    "#minecraft:lava",
                    "terrestria:volcanic_rock"
                ]
            }
        },
		{
            "id": "durant-2",
            "pokemon": "durant",
            "presets": [
                "natural"
            ],
            "type": "pokemon",
            "context": "grounded",
            "bucket": "common",
            "level": "23-48",
            "weight": 10.0,
            "condition": {
                "canSeeSky": false,
				"biomes": [
                    "#cobblemon:is_badlands",
                    "#cobblemon:is_hills"
                ]
            }
        },
        {
            "id": "durant-3",
            "pokemon": "durant",
            "presets": [
                "natural"
            ],
            "type": "pokemon",
            "context": "grounded",
            "bucket": "common",
            "level": "23-48",
            "weight": 10.0,
            "condition": {
                "biomes": [
                    "#cobblemon:is_nether_mountain"
                ]
            }
        }
    ]
}