{
    "enabled": "true",
    "neededInstalledMods": [],
    "neededUninstalledMods": [],
    "spawns": [
        {
            "id": "bunnelby-1",
            "pokemon": "bunnelby",
            "presets": [
                "natural"
            ],
            "type": "pokemon",
            "context": "grounded",
            "bucket": "common",
            "level": "1-24",
            "weight": 9.0,
            "condition": {
                "biomes": [
                    "#cobblemon:is_hills",
                    "#cobblemon:is_temperate"
                ]
            },
            "anticondition": {
                "biomes": [
                    "terrestria:volcanic_island",
                    "regions_unexplored:prismachasm",
                    "terralith:cave/mantle_caves",
                    "regions_unexplored:scorching_caves"
                ]
            }
        }
    ]
}