{
    "enabled": "true",
    "neededInstalledMods": [],
    "neededUninstalledMods": [],
    "spawns": [
        {
            "id": "fletchling-1",
            "pokemon": "fletchling",
            "presets": [
                "natural",
                "treetop"
            ],
            "type": "pokemon",
            "context": "grounded",
            "bucket": "common",
            "level": "3-28",
            "weight": 5.4,
            "condition": {
                "canSeeSky": true,
                "biomes": [
                    "#cobblemon:is_forest",
                    "#cobblemon:is_sky",
                    "#cobblemon:is_taiga",
                    "terrestria:volcanic_island"
                ],
                "timeRange": "day"
            }
        },
        {
            "id": "fletchling-2",
            "pokemon": "fletchling",
            "presets": [
                "natural",
                "treetop"
            ],
            "type": "pokemon",
            "context": "grounded",
            "bucket": "common",
            "level": "3-28",
            "weight": 5.4,
            "condition": {
                "biomes": [
                    "#cobblemon:is_nether_forest",
                    "#cobblemon:is_nether_fungus"
                ]
            }
        },
        {
            "id": "fletchling-3",
            "pokemon": "fletchling",
            "presets": [
                "natural"
            ],
            "type": "pokemon",
            "context": "grounded",
            "bucket": "common",
            "level": "6-32",
            "weight": 5.4,
            "condition": {
                "biomes": [
                    "betterend:lantern_woods"
                ]
            }
        }
    ]
}