{
    "enabled": "true",
    "neededInstalledMods": [],
    "neededUninstalledMods": [],
    "spawns": [
        {
            "id": "vivillon-highplains-1",
            "pokemon": "vivillon vivillon_wings=high-plains",
            "presets": [
                "natural",
                "flowers"
            ],
            "type": "pokemon",
            "context": "grounded",
            "bucket": "common",
            "level": "12-41",
            "weight": 2.0,
            "condition": {
                "canSeeSky": true,
                "biomes": [
                    "#cobblemon:is_badlands"
                ],
                "timeRange": "day"
            }
        },
        {
            "id": "vivillon-fancy-1",
            "pokemon": "vivillon vivillon_wings=fancy",
            "presets": [
                "natural",
                "flowers"
            ],
            "type": "pokemon",
            "context": "grounded",
            "bucket": "common",
            "level": "12-41",
            "weight": 2.0,
            "condition": {
                "canSeeSky": true,
                "biomes": [
                    "minecraft:cherry_grove"
                ],
                "timeRange": "day",
                "isRaining": false
            }
        },
        {
            "id": "vivillon-ocean-1",
            "pokemon": "vivillon vivillon_wings=ocean",
            "presets": [
                "natural",
                "flowers"
            ],
            "type": "pokemon",
            "context": "grounded",
            "bucket": "common",
            "level": "12-41",
            "weight": 2.0,
            "condition": {
                "canSeeSky": true,
                "biomes": [
                    "#cobblemon:is_coast",
                    "#cobblemon:is_warm_ocean"
                ],
                "timeRange": "day",
                "isRaining": false
            },
            "anticondition": {
                "biomes": [
                    "terrestria:volcanic_island"
                ]
            }
        },
        {
            "id": "vivillon-sandstorm-1",
            "pokemon": "vivillon vivillon_wings=sandstorm",
            "presets": [
                "natural",
                "flowers"
            ],
            "type": "pokemon",
            "context": "grounded",
            "bucket": "common",
            "level": "12-41",
            "weight": 2.0,
            "condition": {
                "canSeeSky": true,
                "biomes": [
                    "#cobblemon:is_desert"
                ],
                "timeRange": "day"
            }
        },
        {
            "id": "vivillon-meadow-1",
            "pokemon": "vivillon vivillon_wings=meadow",
            "presets": [
                "natural",
                "flowers"
            ],
            "type": "pokemon",
            "context": "grounded",
            "bucket": "common",
            "level": "12-41",
            "weight": 2.0,
            "condition": {
                "canSeeSky": true,
                "biomes": [
                    "#cobblemon:is_floral"
                ],
                "timeRange": "day",
                "isRaining": false
            }
        },
		{
            "id": "vivillon-meadow-2",
            "pokemon": "vivillon vivillon_wings=meadow",
            "type": "pokemon",
            "context": "grounded",
            "bucket": "common",
            "level": "12-41",
            "weight": 5.0,
            "condition": {
                "biomes": [
                    "the_bumblezone:floral_meadow"
                ]
            },
            "anticondition": {
                "structures": [
					"#the_bumblezone:sempiternal_sanctums"
				]
            }
        },
        {
            "id": "vivillon-garden-1",
            "pokemon": "vivillon vivillon_wings=garden",
            "presets": [
                "natural",
                "flowers"
            ],
            "type": "pokemon",
            "context": "grounded",
            "bucket": "common",
            "level": "12-41",
            "weight": 2.0,
            "condition": {
                "canSeeSky": true,
                "biomes": [
                    "#cobblemon:is_forest"
                ],
                "timeRange": "day",
                "isRaining": false
            }
        },
        {
            "id": "vivillon-river-1",
            "pokemon": "vivillon vivillon_wings=river",
            "presets": [
                "natural",
                "freshwater",
                "flowers"
            ],
            "type": "pokemon",
            "context": "grounded",
            "bucket": "common",
            "level": "12-41",
            "weight": 2.0,
            "condition": {
                "canSeeSky": true,
                "timeRange": "day",
                "isRaining": false
            },
            "anticondition": {
                "biome": [
                    "terrestria:volcanic_island"
                ]
            }
        },
        {
            "id": "vivillon-polar-1",
            "pokemon": "vivillon vivillon_wings=polar",
            "presets": [
                "natural",
                "flowers"
            ],
            "type": "pokemon",
            "context": "grounded",
            "bucket": "common",
            "level": "12-41",
            "weight": 2.0,
            "condition": {
                "canSeeSky": true,
                "biomes": [
                    "#cobblemon:is_frozen_ocean"
                ],
                "timeRange": "day",
                "isRaining": false
            }
        },
        {
            "id": "vivillon-tundra-1",
            "pokemon": "vivillon vivillon_wings=tundra",
            "presets": [
                "natural",
                "flowers"
            ],
            "type": "pokemon",
            "context": "grounded",
            "bucket": "common",
            "level": "12-41",
            "weight": 2.0,
            "condition": {
                "canSeeSky": true,
                "biomes": [
                    "#cobblemon:is_glacial",
                    "#cobblemon:is_snowy_forest",
                    "#cobblemon:is_tundra"
                ],
                "timeRange": "day",
                "isRaining": false
            }
        },
        {
            "id": "vivillon-jungle-1",
            "pokemon": "vivillon vivillon_wings=jungle",
            "presets": [
                "natural",
                "flowers"
            ],
            "type": "pokemon",
            "context": "grounded",
            "bucket": "common",
            "level": "12-41",
            "weight": 2.0,
            "condition": {
                "canSeeSky": true,
                "biomes": [
                    "#cobblemon:is_jungle"
                ],
                "timeRange": "day",
                "isRaining": false
            },
            "anticondition": {
                "biomes": [
                    "terrestria:volcanic_island"
                ]
            }
        },
        {
            "id": "vivillon-monsoon-1",
            "pokemon": "vivillon vivillon_wings=monsoon",
            "presets": [
                "natural",
                "flowers"
            ],
            "type": "pokemon",
            "context": "grounded",
            "bucket": "common",
            "level": "12-41",
            "weight": 2.0,
            "condition": {
                "canSeeSky": true,
                "biomes": [
                    "#cobblemon:is_mountain"
                ],
                "timeRange": "day",
                "isRaining": false
            },
            "anticondition": {
                "biomes": [
                    "terrestria:volcanic_island"
                ]
            }
        },
        {
            "id": "vivillon-archipelago-1",
            "pokemon": "vivillon vivillon_wings=archipelago",
            "presets": [
                "natural",
                "flowers"
            ],
            "type": "pokemon",
            "context": "grounded",
            "bucket": "common",
            "level": "12-41",
            "weight": 2.0,
            "condition": {
                "canSeeSky": true,
                "biomes": [
                    "#cobblemon:is_mushroom"
                ],
                "timeRange": "day",
                "isRaining": false
            }
        },
        {
            "id": "vivillon-marine-1",
            "pokemon": "vivillon vivillon_wings=marine",
            "presets": [
                "natural",
                "flowers"
            ],
            "type": "pokemon",
            "context": "grounded",
            "bucket": "common",
            "level": "12-41",
            "weight": 2.0,
            "condition": {
                "canSeeSky": true,
                "biomes": [
                    "#minecraft:is_ocean"
                ],
                "timeRange": "day",
                "isRaining": false
            },
            "anticondition": {
                "biomes": [
                    "terrestria:volcanic_island"
                ]
            }
        },
        {
            "id": "vivillon-modern-1",
            "pokemon": "vivillon vivillon_wings=modern",
            "presets": [
                "natural",
                "urban",
                "flowers"
            ],
            "type": "pokemon",
            "context": "grounded",
            "bucket": "common",
            "level": "12-41",
            "weight": 2.0,
            "condition": {
                "canSeeSky": true,
                "biomes": [
                    "#cobblemon:is_overworld"
                ],
                "timeRange": "day",
                "isRaining": false
            }
        },
        {
            "id": "vivillon-continental-1",
            "pokemon": "vivillon vivillon_wings=continental",
            "presets": [
                "natural",
                "flowers"
            ],
            "type": "pokemon",
            "context": "grounded",
            "bucket": "common",
            "level": "12-41",
            "weight": 2.0,
            "condition": {
                "canSeeSky": true,
                "biomes": [
                    "#cobblemon:is_plains"
                ],
                "timeRange": "day",
                "isRaining": false
            }
        },
        {
            "id": "vivillon-savanna-1",
            "pokemon": "vivillon vivillon_wings=savanna",
            "presets": [
                "natural",
                "flowers"
            ],
            "type": "pokemon",
            "context": "grounded",
            "bucket": "common",
            "level": "12-41",
            "weight": 2.0,
            "condition": {
                "canSeeSky": true,
                "biomes": [
                    "#cobblemon:is_savanna"
                ],
                "timeRange": "day"
            }
        },
        {
            "id": "vivillon-sun-1",
            "pokemon": "vivillon vivillon_wings=sun",
            "presets": [
                "natural",
                "flowers"
            ],
            "type": "pokemon",
            "context": "grounded",
            "bucket": "common",
            "level": "12-41",
            "weight": 2.0,
            "condition": {
                "canSeeSky": true,
                "biomes": [
                    "#cobblemon:is_sky",
                    "#cobblemon:is_tropical_island",
                    "minecraft:sunflower_plains"
                ],
                "timeRange": "day",
                "isRaining": false
            },
            "anticondition": {
                "biomes": [
                    "terrestria:volcanic_island"
                ]
            }
        },
        {
            "id": "vivillon-elegant-1",
            "pokemon": "vivillon vivillon_wings=elegant",
            "presets": [
                "natural",
                "flowers"
            ],
            "type": "pokemon",
            "context": "grounded",
            "bucket": "common",
            "level": "12-41",
            "weight": 2.0,
            "condition": {
                "canSeeSky": true,
                "biomes": [
                    "#cobblemon:is_magical",
					"#cobblemon:is_spooky"
                ],
                "timeRange": "day",
                "isRaining": false
            }
        },
        {
            "id": "vivillon-icysnow-1",
            "pokemon": "vivillon vivillon_wings=icy-snow",
            "presets": [
                "natural",
                "flowers"
            ],
            "type": "pokemon",
            "context": "grounded",
            "bucket": "common",
            "level": "12-41",
            "weight": 2.0,
            "condition": {
                "canSeeSky": true,
                "biomes": [
                    "#cobblemon:is_taiga"
                ],
                "timeRange": "day",
                "isRaining": false
            }
        }
    ]
}