{
    "enabled": "true",
    "neededInstalledMods": [],
    "neededUninstalledMods": [],
    "spawns": [
        {
            "id": "honedge-1",
            "pokemon": "honedge",
            "presets": [
                "natural",
                "nether_structures"
            ],
            "type": "pokemon",
            "context": "grounded",
            "bucket": "uncommon",
            "level": "8-33",
            "weight": 90.0,
            "condition": {
                "biomes": [
                    "#minecraft:is_nether"
                ]
            }
        },
        {
            "id": "honedge-2",
            "pokemon": "honedge",
            "type": "pokemon",
            "context": "grounded",
            "bucket": "uncommon",
            "level": "8-33",
            "weight": 9.0,
            "condition": {
                "canSeeSky": false,
                "biomes": [
                    "#cobblemon:is_overworld"
                ],
                "neededNearbyBlocks": [
                    "minecraft:iron_bars",
                    "minecraft:cracked_stone_bricks",
                    "minecraft:infested_cracked_stone_bricks"
                ]
            }
        },
        {
            "id": "honedge-3",
            "pokemon": "honedge",
            "type": "pokemon",
            "context": "grounded",
            "bucket": "uncommon",
            "level": "12-36",
            "weight": 9.0,
            "condition": {
                "biomes": [
                    "betterend:crystal_mountains",
                    "betterend:dust_wastelands"
                ]
            }
        }
    ]
}