{
    "enabled": "true",
    "neededInstalledMods": [],
    "neededUninstalledMods": [],
    "spawns": [
        {
            "id": "shiinotic-1",
            "pokemon": "shiinotic",
            "presets": [
                "natural"
            ],
            "type": "pokemon",
            "context": "grounded",
            "bucket": "common",
            "level": "24-41",
            "weight": 0.2,
            "condition": {
                "biomes": [
                    "#cobblemon:is_jungle",
                    "#cobblemon:is_magical",
                    "#cobblemon:is_mushroom"
                ],
                "maxLight": 7
            }
        },
        {
            "id": "shiinotic-2",
            "pokemon": "shiinotic",
            "presets": [
                "natural"
            ],
            "type": "pokemon",
            "context": "grounded",
            "bucket": "common",
            "level": "24-41",
            "weight": 0.2,
            "condition": {
                "canSeeSky": false,
                "biomes": [
                    "#cobblemon:is_lush"
                ]
            }
        },
        {
            "id": "shiinotic-3",
            "pokemon": "shiinotic",
            "presets": [
                "natural"
            ],
            "type": "pokemon",
            "context": "grounded",
            "bucket": "common",
            "level": "24-41",
            "weight": 1.0,
            "condition": {
                "biomes": [
                    "#cobblemon:is_nether_fungus"
                ]
            }
        },
        {
            "id": "shiinotic-4",
            "pokemon": "shiinotic",
            "presets": [
                "natural"
            ],
            "type": "pokemon",
            "context": "grounded",
            "bucket": "common",
            "level": "28-46",
            "weight": 1.0,
            "condition": {
                "biomes": [
                    "betterend:foggy_mushroomland",
                    "betterend:umbrella_jungle"
                ]
            }
        }
    ]
}