{
    "enabled": "true",
    "neededInstalledMods": [],
    "neededUninstalledMods": [],
    "spawns": [
        {
            "id": "wimpod-1",
            "pokemon": "wimpod",
            "presets": [
                "natural",
				"wild"
            ],
            "type": "pokemon",
            "context": "grounded",
            "bucket": "uncommon",
            "level": "1-23",
            "weight": 9.0,
            "condition": {
                "canSeeSky": true,
                "maxY": 67,
                "biomes": [
                    "#cobblemon:is_coast"
                ]
            },
            "anticondition": {
                "neededNearbyBlocks": [
                    "terrestria:volcanic_rock",
                    "terrestria:andisol_grass_block"
                ]
            }
        },
        {
            "id": "wimpod-2",
            "pokemon": "wimpod",
            "presets": [
                "natural"
            ],
            "type": "pokemon",
            "context": "grounded",
            "bucket": "uncommon",
            "level": "1-23",
            "weight": 9.0,
            "condition": {
                "canSeeSky": false,
                "maxY":0,
                "biomes": [
                    "#cobblemon:is_overworld"
                ],
                "neededNearbyBlocks": [
                    "minecraft:water"
                ]
            },
            "anticondition": {
                "biomes": [
                    "#cobblemon:is_deep_dark"
                ]
            }
        },
        {
            "id": "wimpod-3",
            "pokemon": "wimpod",
            "presets": [
                "underwater"
            ],
            "type": "pokemon",
            "context": "seafloor",
            "bucket": "uncommon",
            "level": "1-23",
            "weight": 9.0,
            "condition": {
                "canSeeSky": false,
                "maxY":0,
                "biomes": [
                    "#cobblemon:is_overworld"
                ]
            },
            "anticondition": {
                "biomes": [
                    "#cobblemon:is_deep_dark"
                ]
            }
        }
    ]
}