{
    "enabled": "true",
    "neededInstalledMods": [],
    "neededUninstalledMods": [],
    "spawns": [
        {
            "id": "rookidee-1",
            "pokemon": "rookidee",
            "presets": [
                "natural",
                "treetop"
            ],
            "type": "pokemon",
            "context": "grounded",
            "bucket": "common",
            "level": "1-25",
            "weight": 9.0,
            "condition": {
                "canSeeSky": true,
                "biomes": [
                    "#cobblemon:is_hills",
                    "#cobblemon:is_sky",
                    "#cobblemon:is_spooky",
                    "#cobblemon:is_taiga"
                ],
                "timeRange": "day"
            },
            "anticondition": {
                "biomes": [
                    "#cobblemon:is_arid",
                    "terrestria:volcanic_island"
                ]
            }
        },
        {
            "id": "rookidee-2",
            "pokemon": "rookidee",
            "presets": [
                "natural"
            ],
            "type": "pokemon",
            "context": "grounded",
            "bucket": "common",
            "level": "1-25",
            "weight": 9.0,
            "condition": {
                "canSeeSky":  true,
                "biomes": [
                    "nyctophobia:haunted_forest",
                    "nyctophobia:eroded_haunted_forest"
                ]
            }
        },
        {
            "id": "rookidee-3",
            "pokemon": "rookidie",
            "presets": [
                "natural"
            ],
            "type": "pokemon",
            "context": "grounded",
            "bucket": "common",
            "level": "6-28",
            "weight": 4,
            "condition": {
                "biomes": [
                    "betterend:chorus_forest",
                    "betterend:shadow_forest"
                ]
            }
        }
    ]
}