{
    "enabled": true,
    "neededInstalledMods": [],
    "neededUninstalledMods": [],
    "spawns": [
        {
            "id": "sizzlipede-1",
            "pokemon": "sizzlipede",
            "presets": [
                "natural",
				"wild"
            ],
            "type": "pokemon",
            "context": "grounded",
            "bucket": "common",
            "level": "6-31",
            "weight": 5.4,
            "condition": {
                "canSeeSky": true,
                "biomes": [
                    "#cobblemon:is_badlands",
                    "#cobblemon:is_volcanic",
                    "terrestria:volcanic_island"
                ]
            }
        },
        {
            "id": "sizzlipede-2",
            "pokemon": "sizzlipede",
            "presets": [
                "natural",
				"wild"
            ],
            "type": "pokemon",
            "context": "grounded",
            "bucket": "common",
            "level": "6-31",
            "weight": 5.4,
            "condition": {
                "biomes": [
                    "#cobblemon:is_nether_basalt"
                ]
            }
        },
        {
            "id": "sizzlipede-3",
            "pokemon": "sizzlipede",
            "presets": [
                "natural",
                "wild"
            ],
            "type": "pokemon",
            "context": "grounded",
            "bucket": "common",
            "level": "6-31",
            "weight": 9.0,
            "condition": {
                "biomes": [
                    "#cobblemon:is_nether_wasteland"
                ]
            }
        },
        {
            "id": "sizzlipede-4",
            "pokemon": "sizzlipede",
            "presets": [
                "natural"
            ],
            "type": "pokemon",
            "context": "grounded",
            "bucket": "common",
            "level": "6-31",
            "weight": 9.0,
            "condition": {
                "biomes": [
                    "regions_unexplored:scorching_caves",
                    "terralith:cave/mantle_caves"
                ],
                "neededNearbyBlocks": [
                    "regions_unexplored:ash_vent",
                    "#minecraft:basalt",
                    "#minecraft:blackstone",
                    "#minecraft:lava"
                ]
            }
        }
    ]
}