{
    "enabled": true,
    "neededInstalledMods": [],
    "neededUninstalledMods": [],
    "spawns": [
        {
            "id": "centiskorch-1",
            "pokemon": "centiskorch",
            "presets": [
                "natural",
                "wild"
            ],
            "type": "pokemon",
            "context": "grounded",
            "bucket": "common",
            "level": "28-53",
            "weight": 0.6,
            "condition": {
                "canSeeSky": true,
                "biomes": [
                    "#cobblemon:is_badlands",
                    "#cobblemon:is_volcanic"
                ]
            }
        },
        {
            "id": "centiskorch-2",
            "pokemon": "centiskorch",
            "presets": [
                "natural",
                "wild"
            ],
            "type": "pokemon",
            "context": "grounded",
            "bucket": "common",
            "level": "28-53",
            "weight": 0.6,
            "condition": {
                "biomes": [
                    "#cobblemon:is_nether_basalt"
                ]
            }
        },
        {
            "id": "centiskorch-3",
            "pokemon": "centiskorch",
            "presets": [
                "natural",
                "wild"
            ],
            "type": "pokemon",
            "context": "grounded",
            "bucket": "common",
            "level": "28-53",
            "weight": 1.0,
            "condition": {
                "biomes": [
                    "#cobblemon:is_nether_wasteland"
                ]
            }
        },
        {
            "id": "centiskorch-4",
            "pokemon": "centiskorch",
            "presets": [
                "natural"
            ],
            "type": "pokemon",
            "context": "grounded",
            "bucket": "common",
            "level": "28-53",
            "weight": 9.0,
            "condition": {
                "biomes": [
                    "regions_unexplored:scorching_caves",
                    "terralith:cave/mantle_caves"
                ],
                "neededNearbyBlocks": [
                    "regions_unexplored:ash_vent",
                    "#minecraft:basalt",
                    "#minecraft:blackstone",
                    "#minecraft:lava"
                ]
            }
        }
    ]
}
