{
    "enabled": "true",
    "neededInstalledMods": [],
    "neededUninstalledMods": [],
    "spawns": [
        {
            "id": "ursaluna-1",
            "pokemon": "ursaluna",
            "presets": [
                "natural",
                "wild"
            ],
            "type": "pokemon",
            "context": "grounded",
            "bucket": "common",
            "level": "45-55",
            "weight": 0.02,
            "condition": {
                "biomes": [
                    "#cobblemon:is_forest",
                    "#cobblemon:is_mountain",
                    "#cobblemon:is_taiga"
                ],
                "minY": 48
            },
            "anticondition": {
                "biomes": [
                    "terrestria_volcanic_island"
                ]
            }
        },
        {
            "id": "ursaluna-2",
            "pokemon": "ursaluna",
            "type": "pokemon",
            "context": "grounded",
            "bucket": "common",
            "level": "45-55",
            "weight": 0.02,
            "condition": {
                "biomes": [
                    "the_bumblezone:crystal_canyon",
                    "the_bumblezone:floral_meadow"
                ]
            },
            "anticondition": {
                "structures": [
                    "#the_bumblezone:sempiternal_sanctums"
                ]
            }
        },
        {
            "id": "ursaluna-3",
            "pokemon": "teddiursa",
            "type": "pokemon",
            "context": "grounded",
            "bucket": "uncommon",
            "level": "48-62",
            "weight": 1,
            "condition": {
                "biomes": [
                    "betterend:lantern_woods"
                ]
            }
        }
    ]
}