{
    "enabled": "true",
    "neededInstalledMods": [],
    "neededUninstalledMods": [],
    "spawns": [
        {
            "id": "charcadet-1",
            "pokemon": "charcadet",
            "presets": [
                "natural",
                "nether_structures"
            ],
            "type": "pokemon",
            "context": "grounded",
            "bucket": "common",
            "level": "1-26",
            "weight": 90.0,
            "condition": {
                "biomes": [
                    "#minecraft:is_nether"
                ]
            },
            "drops": {
                "amount": "1",
                "entries": [
                    {
                        "item": "minecraft:blaze_rod",
                        "percentage": 50
                    }
                ]
            }
        },
        {
            "id": "charcadet-2",
            "pokemon": "charcadet",
            "presets": [
                "ruined_portal"
            ],
            "type": "pokemon",
            "context": "grounded",
            "bucket": "uncommon",
            "level": "1-26",
            "weight": 18.0,
            "condition": {
                "biomes": [
                    "#cobblemon:is_overworld"
                ]
            },
            "drops": {
                "amount": "1",
                "entries": [
                    {
                        "item": "minecraft:charcoal",
                        "percentage": 50
                    }
                ]
            }
        },
        {
            "id": "charcadet-3",
            "pokemon": "charcadet",
            "presets": [
                "natural"
            ],
            "type": "pokemon",
            "context": "grounded",
            "bucket": "rare",
            "level": "1-26",
            "weight": 12,
            "condition": {
                "biomes": [
                    "terrestria:volcanic_island"
                ]
            },
            "drops": {
                "amount": "1",
                "entries": [
                    {
                        "item": "minecraft:charcoal",
                        "percentage": 50
                    }
                ],
                "neededNearbyBlocks": [
                    "terrestria:volcanic_rock",
                    "#minecraft:lava"
                ]
            }
        },
        {
            "id": "charcadet-4",
            "pokemon": "charcadet",
            "presets": [
                "natural"
            ],
            "type": "pokemon",
            "context": "grounded",
            "bucket": "rare",
            "level": "1-26",
            "weight": 16,
            "condition": {
                "canSeeSky": false,
                "biomes": [
                    "regions_unexplored:scorching_caves",
                    "terralith:cave/mantle_caves"
                ]
            },
            "drops": {
                "amount": "1",
                "entries": [
                    {
                        "item": "minecraft:charcoal",
                        "percentage": 50
                    }
                ],
                "neededNearbyBlocks": [
                    "regions_unexplored:ash_vent",
                    "#minecraft:lava",
                    "#minecraft:basalt",
                    "#minecraft:blackstone"
                ]
            }
        }
    ]
}