{
    "enabled": "true",
    "neededInstalledMods": [],
    "neededUninstalledMods": [],
    "spawns": [
        {
            "id": "tinkaton-1",
            "pokemon": "tinkaton",
            "presets": [
                "natural",
                "wild"
            ],
            "type": "pokemon",
            "context": "grounded",
            "bucket": "rare",
            "level": "38-51",
            "weight": 0.1,
            "condition": {
                "canSeeSky": true,
                "biomes": [
                    "#cobblemon:is_hills"
                ]
            },
            "anticondition": {
                "biomes": [
                    "terrestria:volcanic_island"
                ]
            }
        },
        {
            "id": "tinkaton-2",
            "pokemon": "tinkaton",
            "presets": [
                "natural",
                "gemstones"
            ],
            "type": "pokemon",
            "context": "grounded",
            "bucket": "uncommon",
            "level": "38-51",
            "weight": 0.1,
            "condition": {
                "canSeeSky": false,
                "biomes": [
                    "regions_unexplored:prismachasm"
                ]
            }
        }
    ]
}