{
    "enabled": "true",
    "neededInstalledMods": [],
    "neededUninstalledMods": [],
    "spawns": [
        {
            "id": "glimmet-1",
            "pokemon": "glimmet",
            "presets": [
                "natural"
            ],
            "type": "pokemon",
            "context": "grounded",
            "bucket": "common",
            "level": "10-35",
            "weight": 1.8,
            "condition": {
                "biomes": [
                    "#cobblemon:is_nether_quartz"
                ],
                "neededBaseBlocks": [
                    "minecraft:quartz_block"
                ]
            }
        },
        {
            "id": "glimmet-2",
            "pokemon": "glimmet",
            "presets": [
                "natural",
                "gemstones"
            ],
            "type": "pokemon",
            "context": "grounded",
            "bucket": "common",
            "level": "10-35",
            "weight": 4.0,
            "condition": {
                "canSeeSky": false,
                "biomes": [
                    "#cobblemon:is_overworld"
                ]
            }
        },
        {
            "id": "glimmet-3",
            "pokemon": "glimmet",
            "presets": [
                "natural"
            ],
            "type": "pokemon",
            "context": "grounded",
            "bucket": "common",
            "level": "10-35",
            "weight": 4.0,
            "condition": {
                "canSeeSky": false,
                "biomes": [
                    "regions_unexplored:bioshroom_caves"
                ]
            }
        },
        {
            "id": "glimmet-4",
            "pokemon": "glimmet",
            "presets": [
                "natural"
            ],
            "type": "pokemon",
            "context": "grounded",
            "bucket": "common",
            "level": "14-40",
            "weight": 4.0,
            "condition": {
                "biomes": [
                    "betterend:jade_cave",
                    "betterend:umbrella_jungle"
                ]
            }
        }
    ]
}