{
    "enabled": "true",
    "neededInstalledMods": [],
    "neededUninstalledMods": [],
    "spawns": [
        {
            "id": "glimmora-1",
            "pokemon": "glimmora",
            "presets": [
                "natural"
            ],
            "type": "pokemon",
            "context": "grounded",
            "bucket": "common",
            "level": "35-53",
            "weight": 0.2,
            "condition": {
                "biomes": [
                    "#cobblemon:is_nether_quartz"
                ],
                "neededBaseBlocks": [
                    "minecraft:quartz_block"
                ]
            }
        },
        {
            "id": "glimmora-2",
            "pokemon": "glimmora",
            "presets": [
                "natural",
                "gemstones"
            ],
            "type": "pokemon",
            "context": "grounded",
            "bucket": "common",
            "level": "35-53",
            "weight": 3.0,
            "condition": {
                "canSeeSky": false,
                "biomes": [
                    "#cobblemon:is_overworld"
                ]
            }
        },
        {
            "id": "glimmora-3",
            "pokemon": "glimmora",
            "presets": [
                "natural"
            ],
            "type": "pokemon",
            "context": "grounded",
            "bucket": "common",
            "level": "35-53",
            "weight": 1.0,
            "condition": {
                "canSeeSky": false,
                "biomes": [
                    "regions_unexplored:bioshroom_caves"
                ]
            }
        },
        {
            "id": "glimmora-4",
            "pokemon": "glimmora",
            "presets": [
                "natural"
            ],
            "type": "pokemon",
            "context": "grounded",
            "bucket": "common",
            "level": "38-56",
            "weight": 1.0,
            "condition": {
                "biomes": [
                    "betterend:jade_cave",
                    "betterend:umbrella_jungle"
                ]
            }
        }
    ]
}