{
    "enabled": "true",
    "neededInstalledMods": [],
    "neededUninstalledMods": [],
    "spawns": [
        {
            "id": "annihilape-1",
            "pokemon": "annihilape",
            "presets": [
                "natural",
                "treetop"
            ],
            "type": "pokemon",
            "context": "grounded",
            "bucket": "common",
            "level": "35-54",
            "weight": 0.06,
            "condition": {
                "canSeeSky": true,
                "biomes": [
                    "#cobblemon:is_hills",
                    "#cobblemon:is_jungle"
                ]
            },
            "anticondition": {
                "biiomes": [
                    "terrestria:volcanic_island"
                ]
            }
        }
    ]
}