{
	"format_version": "1.12.0",
	"minecraft:geometry": [
		{
			"description": {
				"identifier": "geometry.gengar",
				"texture_width": 256,
				"texture_height": 256,
				"visible_bounds_width": 6,
				"visible_bounds_height": 4.5,
				"visible_bounds_offset": [0, 1.75, 0]
			},
			"bones": [
				{
					"name": "gengar",
					"pivot": [0, 0, 0]
				},
				{
					"name": "body",
					"parent": "gengar",
					"pivot": [0, 18, 0.5]
				},
				{
					"name": "tail",
					"parent": "body",
					"pivot": [0, -3.6, 21.5],
					"rotation": [59, 0, 0],
					"cubes": [
						{"origin": [-4.5, -10.1, 23], "size": [9, 9, 6], "uv": [36, 94]}
					]
				},
				{
					"name": "tail2",
					"parent": "tail",
					"pivot": [0, -4.6, 28],
					"cubes": [
						{"origin": [-2.5, -8.1, 28], "size": [5, 5, 8], "uv": [90, 96]},
						{"origin": [0.5, -8.1, 36], "size": [0, 5, 5], "uv": [56, 84]},
						{"origin": [0.5, -12.4, 25.2], "size": [0, 5, 9], "pivot": [0, -12.6, 31.5], "rotation": [-41, 0, 0], "uv": [0, 31]},
						{"origin": [0.5, -7.2, 34.3], "size": [0, 5, 9], "pivot": [0, -12.6, 31.5], "rotation": [41, 0, 0], "uv": [0, 3]}
					]
				},
				{
					"name": "torso",
					"parent": "body",
					"pivot": [0, 5, 0.25],
					"cubes": [
						{"origin": [-10.5, 6.5, -9], "size": [21, 20, 20], "uv": [0, 0]},
						{"origin": [0, 11.5, 0.5], "size": [0, 19, 17], "uv": [34, 53]},
						{"origin": [0, -2.5, 0.5], "size": [0, 19, 17], "inflate": 0.01, "uv": [0, 53]},
						{"origin": [6, 13.5, 0.5], "size": [0, 17, 15], "pivot": [6, 41.5, 9], "rotation": [0, 20, 0], "uv": [56, 25]},
						{"origin": [6, -0.5, 0.5], "size": [0, 17, 15], "pivot": [6, 41.5, 9], "rotation": [0, 20, 0], "uv": [68, 72]},
						{"origin": [-6, 13.5, 1.5], "size": [0, 17, 15], "pivot": [-6, 41.5, 9], "rotation": [0, -20, 0], "uv": [56, 25]},
						{"origin": [-6, -1.5, 1.5], "size": [0, 17, 15], "inflate": 0.01, "pivot": [-6, 41.5, 9], "rotation": [0, -20, 0], "uv": [68, 55]}
					]
				},
				{
					"name": "right_ear",
					"parent": "torso",
					"pivot": [8, 34.1, 4.6],
					"cubes": [
						{"origin": [4.5, 23.4, -5], "size": [6, 7, 6], "pivot": [8, 26, -2], "rotation": [-37.72848, 4.91533, 6.31962], "uv": [98, 61]},
						{"origin": [5, 29.8, -5.3], "size": [5, 7, 5], "inflate": -0.2, "pivot": [8, 26, -2], "rotation": [-47.72848, 4.91533, 6.31962], "uv": [0, 0]},
						{"origin": [7.55384, 33.9754, 3.68556], "size": [3, 7, 3], "pivot": [8, 34.1, 4.6], "rotation": [-71.72848, 4.91533, 6.31962], "uv": [66, 104]}
					]
				},
				{
					"name": "lowertorrso",
					"parent": "torso",
					"pivot": [0, 6, 2],
					"cubes": [
						{"origin": [-9.5, -4.5, -5.5], "size": [19, 12, 18], "pivot": [0, -5, 0], "rotation": [9.5, 0, 0], "uv": [0, 40]}
					]
				},
				{
					"name": "tongue",
					"parent": "torso",
					"pivot": [0, 7.5, 2],
					"cubes": [
						{"origin": [-7.5, 7.5, -8], "size": [15, 0, 10], "uv": [64, 57]}
					]
				},
				{
					"name": "tongue2",
					"parent": "tongue",
					"pivot": [0, 7.5, -8],
					"rotation": [-90, 0, 0],
					"cubes": [
						{"origin": [-7.5, 7.5, -18], "size": [15, 0, 10], "uv": [52, 10]}
					]
				},
				{
					"name": "tongue3",
					"parent": "tongue2",
					"pivot": [0, 7.5, -18],
					"rotation": [-90, 0, 0],
					"cubes": [
						{"origin": [-7.5, 7.5, -28], "size": [15, 0, 10], "uv": [52, 0]}
					]
				},
				{
					"name": "eye_right",
					"parent": "torso",
					"pivot": [-6, 18.3, -8.5],
					"cubes": [
						{"origin": [-9, 14.3, -9], "size": [7, 7, 1], "inflate": 0.01, "uv": [16, 100]},
						{"origin": [-2.5, 19.6, -9.1], "size": [5, 6, 0], "uv": [78, 104]}
					]
				},
				{
					"name": "eyelid_right",
					"parent": "eye_right",
					"pivot": [-5.5, 17.8, -8.4],
					"cubes": [
						{"origin": [-9, 14.3, -8.9], "size": [7, 7, 1], "inflate": 0.02, "uv": [0, 100]}
					]
				},
				{
					"name": "eyelid_right2",
					"parent": "eye_right",
					"pivot": [-0.5, 22.8, -9.4],
					"cubes": [
						{"origin": [-3, 19.3, -8.9], "size": [6, 7, 1], "inflate": 0.02, "uv": [104, 52]}
					]
				},
				{
					"name": "eye_left",
					"parent": "torso",
					"pivot": [6, 18.3, -8.5],
					"cubes": [
						{"origin": [2, 14.3, -9], "size": [7, 7, 1], "inflate": 0.01, "uv": [98, 82]}
					]
				},
				{
					"name": "eyelid_left",
					"parent": "eye_left",
					"pivot": [5.5, 17.8, -8.4],
					"cubes": [
						{"origin": [2, 14.3, -8.9], "size": [7, 7, 1], "inflate": 0.02, "uv": [98, 74]}
					]
				},
				{
					"name": "mouth_closed",
					"parent": "torso",
					"pivot": [0, 11.45, -9],
					"cubes": [
						{"origin": [-10.5, 7.45, -9], "size": [21, 7, 0], "inflate": 0.01, "uv": [92, 11]}
					]
				},
				{
					"name": "ear_right",
					"parent": "torso",
					"pivot": [-7.75, 22.75, 0.5],
					"rotation": [-20, 20, -35]
				},
				{
					"name": "ear_center",
					"parent": "torso",
					"pivot": [0.35, 22.75, -2.5],
					"rotation": [-6.14922, 0.40924, 2.40784],
					"cubes": [
						{"origin": [-5.15, 23.25, -2.5], "size": [9, 12, 0], "uv": [0, 45]}
					]
				},
				{
					"name": "arm_right",
					"parent": "torso",
					"pivot": [-11, 16.25, -0.25],
					"rotation": [2.00307, -14.8687, -52.7614],
					"cubes": [
						{"origin": [-24, 14.25, -3.75], "size": [15, 5, 6], "uv": [92, 0]}
					]
				},
				{
					"name": "arm_right2",
					"parent": "arm_right",
					"pivot": [-21.6, 16.15, -0.75],
					"rotation": [0, 0, 0],
					"cubes": [
						{"origin": [-33.7, 13.25, -4.25], "size": [13, 8, 8], "uv": [86, 36]},
						{"origin": [-31.1, 19.45, -1.25], "size": [10, 2, 0], "pivot": [-30.6, 21.15, -1.25], "rotation": [0, 0, -19], "uv": [36, 91]},
						{"origin": [-32.6, 20.95, -1.25], "size": [8, 2, 0], "pivot": [-30.6, 21.15, -1.25], "rotation": [0, 0, -37], "uv": [98, 90]},
						{"origin": [-28.5, 13.95, -1.25], "size": [8, 2, 0], "pivot": [-30.6, 21.15, -1.25], "rotation": [0, 0, 37], "uv": [92, 18]},
						{"origin": [-28.6, 13.95, -1.25], "size": [10, 2, 0], "pivot": [-30.6, 21.15, -1.25], "rotation": [0, 0, 19], "uv": [36, 89]}
					]
				},
				{
					"name": "arm_left",
					"parent": "torso",
					"pivot": [11, 16.25, -0.25],
					"rotation": [2.00307, 14.8687, 52.7614],
					"cubes": [
						{"origin": [9, 14.25, -3.75], "size": [15, 5, 6], "uv": [0, 89]}
					]
				},
				{
					"name": "arm_left2",
					"parent": "arm_left",
					"pivot": [21.6, 16.15, -0.75],
					"rotation": [0, 0, 0],
					"cubes": [
						{"origin": [20.7, 13.25, -4.25], "size": [13, 8, 8], "uv": [82, 20]},
						{"origin": [21.1, 19.45, -1.25], "size": [10, 2, 0], "pivot": [30.6, 21.15, -1.25], "rotation": [0, 0, 19], "uv": [74, 67]},
						{"origin": [24.6, 20.95, -1.25], "size": [8, 2, 0], "pivot": [30.6, 21.15, -1.25], "rotation": [0, 0, 37], "uv": [86, 54]},
						{"origin": [20.5, 13.95, -1.25], "size": [8, 2, 0], "pivot": [30.6, 21.15, -1.25], "rotation": [0, 0, -37], "uv": [86, 52]},
						{"origin": [18.6, 13.95, -1.25], "size": [10, 2, 0], "pivot": [30.6, 21.15, -1.25], "rotation": [0, 0, -19], "uv": [0, 17]}
					]
				},
				{
					"name": "left_ear",
					"parent": "torso",
					"pivot": [-8, 34.1, 4.6],
					"cubes": [
						{"origin": [-10.5, 23.4, -5], "size": [6, 7, 6], "pivot": [-8, 26, -2], "rotation": [-37.72848, -4.91533, -6.31962], "uv": [98, 61], "mirror": true},
						{"origin": [-10, 29.8, -5.3], "size": [5, 7, 5], "inflate": -0.2, "pivot": [-8, 26, -2], "rotation": [-47.72848, -4.91533, -6.31962], "uv": [0, 0], "mirror": true},
						{"origin": [-10.55384, 33.9754, 3.68556], "size": [3, 7, 3], "pivot": [-8, 34.1, 4.6], "rotation": [-71.72848, -4.91533, -6.31962], "uv": [66, 104], "mirror": true}
					]
				}
			]
		}
	]
}