{
  "target": "cobblemon:dartrix",
  "moves": [
    "1:growl",
    "1:leafage",
    "1:peck",
    "1:tackle",
    "11:astonish",
    "12:shadowsneak",
    "14:razorleaf",
    "16:ominouswind",
    "19:foresight",
    "24:pluck",
    "28:synthesis",
    "33:furyattack",
    "37:suckerpunch",
    "38:bulkup",
    "42:leafblade",
    "46:featherdance",
    "51:bravebird",
    "55:nastyplot",
    "tm:aerialace",
    "tm:aircutter",
    "tm:airslash",
    "tm:attract",
    "tm:batonpass",
    "tm:bravebird",
    "tm:bulletseed",
    "tm:confide",
    "tm:doubleteam",
    "tm:echoedvoice",
    "tm:endure",
    "tm:energyball",
    "tm:facade",
    "tm:falseswipe",
    "tm:frustration",
    "tm:gigadrain",
    "tm:grassknot",
    "tm:grasspledge",
    "tm:grassyterrain",
    "tm:helpinghand",
    "tm:hiddenpower",
    "tm:leafblade",
    "tm:leafstorm",
    "tm:lightscreen",
    "tm:magicalleaf",
    "tm:nastyplot",
    "tm:naturepower",
    "tm:protect",
    "tm:raindance",
    "tm:rest",
    "tm:return",
    "tm:roost",
    "tm:round",
    "tm:safeguard",
    "tm:seedbomb",
    "tm:shadowclaw",
    "tm:sleeptalk",
    "tm:snore",
    "tm:solarbeam",
    "tm:steelwing",
    "tm:substitute",
    "tm:sunnyday",
    "tm:swagger",
    "tm:swift",
    "tm:swordsdance",
    "tm:tailwind",
    "tm:takedown",
    "tm:terablast",
    "tm:toxic",
    "tm:trailblaze",
    "tm:workup",
    "tutor:covet",
    "tutor:defog",
    "tutor:dualwingbeat",
    "tutor:gigadrain",
    "tutor:grasspledge",
    "tutor:grassyglide",
    "tutor:seedbomb",
    "tutor:skyattack",
    "tutor:snore",
    "tutor:synthesis",
    "tutor:worryseed"
  ],
  "evolutions": [
    {
      "id": "dartrix_hisui_decidueye",
      "variant": "level_up",
      "result": "decidueye hisuian",
      "consumeHeldItem": false,
      "learnableMoves": [
        "triplearrows"
      ],
      "requirements": [
        {
          "variant": "level",
          "minLevel": 34
        },
        {
          "variant": "has_move",
          "move": "bulkup"
        }
      ]
    }
  ]
}