{
  "target": "cobblemon:dewott",
  "moves": [
    "1:soak",
    "1:tackle",
    "1:tailwhip",
    "1:watergun",
    "1:watersport",
    "13:focusenergy",
    "17:razorshell",
    "20:furycutter",
    "25:waterpulse",
    "28:revenge",
    "29:aerialace",
    "33:aquajet",
    "36:encore",
    "38:nightslash",
    "41:aquatail",
    "44:retaliate",
    "49:swordsdance",
    "52:hydropump",
    "tm:aerialace",
    "tm:airslash",
    "tm:attract",
    "tm:avalanche",
    "tm:blizzard",
    "tm:brickbreak",
    "tm:chillingwater",
    "tm:confide",
    "tm:cut",
    "tm:dig",
    "tm:dive",
    "tm:doubleteam",
    "tm:encore",
    "tm:endure",
    "tm:facade",
    "tm:falseswipe",
    "tm:fling",
    "tm:frustration",
    "tm:grassknot",
    "tm:hail",
    "tm:helpinghand",
    "tm:hiddenpower",
    "tm:hydropump",
    "tm:icebeam",
    "tm:icywind",
    "tm:liquidation",
    "tm:protect",
    "tm:raindance",
    "tm:rest",
    "tm:retaliate",
    "tm:return",
    "tm:rocksmash",
    "tm:round",
    "tm:scald",
    "tm:secretpower",
    "tm:sleeptalk",
    "tm:snowscape",
    "tm:substitute",
    "tm:surf",
    "tm:swagger",
    "tm:swift",
    "tm:swordsdance",
    "tm:takedown",
    "tm:taunt",
    "tm:terablast",
    "tm:thief",
    "tm:toxic",
    "tm:waterfall",
    "tm:waterpledge",
    "tm:waterpulse",
    "tm:workup",
    "tm:xscissor",
    "tutor:aquatail",
    "tutor:covet",
    "tutor:helpinghand",
    "tutor:icywind",
    "tutor:irontail",
    "tutor:sleeptalk",
    "tutor:snore",
    "tutor:waterpledge",
    "tutor:waterpulse"
  ],
  "evolutions": [
    {
      "id": "dewott_hisui_samurott",
      "variant": "level_up",
      "result": "samurott hisuian",
      "consumeHeldItem": false,
      "learnableMoves": [
        "ceaselessedge"
      ],
      "requirements": [
        {
          "variant": "level",
          "minLevel": 36
        },
        {
          "variant": "has_move",
          "move": "nightslash"
        }
      ]
    }
  ]
}