{
	"format_version": "1.8.0",
	"animations": {
		"animation.sneasler.ground_idle": {
			"loop": true,
			"bones": {
				"body": {
					"position": [0, -0.7, 0]
				},
				"waist": {
					"rotation": [0, 0, 9],
					"position": [0, -0.2, 0]
				},
				"torso": {
					"rotation": [0, 0, -9]
				},
				"head": {
					"rotation": [0, 0, 0]
				},
				"feather": {
					"rotation": [-47.5, 22.5, 0]
				},
				"feather2": {
					"rotation": [-35, 0, 0]
				},
				"feather3": {
					"rotation": [-50, 0, 0]
				},
				"feather4": {
					"rotation": [-32.5, 0, 0]
				},
				"arm_right": {
					"rotation": [30, 22.5, -46.5]
				},
				"arm_right2": {
					"rotation": [45, -90, 0]
				},
				"hand_right": {
					"rotation": [10, 5, -15]
				},
				"arm_claw_back_right": {
					"rotation": [0, 0, -30]
				},
				"arm_claw_middle_right": {
					"rotation": [0, 0, -20]
				},
				"arm_claw_front_right": {
					"rotation": [0, 0, -10]
				},
				"arm_left": {
					"rotation": [0, -5, 70]
				},
				"arm_left2": {
					"rotation": [0, 10, 0]
				},
				"arm_claw_middle_left": {
					"rotation": [0, 0, 5]
				},
				"arm_claw_front_left": {
					"rotation": [0, 0, 10]
				},
				"tail": {
					"rotation": [-20, 0, 0]
				},
				"leg_right": {
					"rotation": [1.5, 5, 8],
					"position": [0, 0.4, 0]
				},
				"leg_right2": {
					"rotation": [3, 0, 0]
				},
				"foot_right": {
					"rotation": [-3.5, 0, 0]
				},
				"feather5": {
					"rotation": [-27.5, 0, 0]
				},
				"feather6": {
					"rotation": [15, 0, 0]
				},
				"feather7": {
					"rotation": [22.5, 0, 0]
				},
				"feather8": {
					"rotation": [25, 0, 0]
				},
				"leg_left": {
					"rotation": [-15, -15, -8],
					"position": [0, -0.8, 0]
				},
				"leg_right3": {
					"rotation": [0, 0, -8]
				},
				"leg_left2": {
					"rotation": [25, 0, 0]
				},
				"leg_left3": {
					"rotation": [0, 0, 8]
				},
				"foot_left": {
					"rotation": [-8, 0, 0]
				}
			}
		},
		"animation.sneasler.ground_walk": {
			"loop": true,
			"bones": {
				"body": {
					"rotation": [16, 0, 0],
					"position": [0, -0.7, 0]
				},
				"waist": {
					"rotation": ["6+math.sin(q.anim_time*90*2-0)*1.5", 0, "math.sin(q.anim_time*90*1-0)*1.5"],
					"position": [0, 0, "0+math.sin(q.anim_time*90*2-75+180)*0.5"]
				},
				"torso": {
					"rotation": ["0+math.sin(q.anim_time*90*2-0)*1.5", 0, "0+math.sin(q.anim_time*90*1-0)*1.5"],
					"position": [0, 0, "-0.1+math.sin(q.anim_time*90*2-75+180)*0.1"]
				},
				"head": {
					"rotation": [0, 0, 0]
				},
				"feather": {
					"rotation": [-47.5, 22.5, 0]
				},
				"feather2": {
					"rotation": ["-30+math.sin(q.anim_time*90*2-0)*1.5", 0, "0+math.sin(q.anim_time*90*1-0)*1.5"]
				},
				"feather3": {
					"rotation": ["-56+math.sin(q.anim_time*90*2-0)*1.5", 0, "math.sin(q.anim_time*90*1-0)*1.5"]
				},
				"feather4": {
					"rotation": ["-46+math.sin(q.anim_time*90*2-0)*1.5", 0, "0+math.sin(q.anim_time*90*1-0)*1.5"]
				},
				"arm_right": {
					"rotation": [28.07846, "24.9286+math.sin(q.anim_time*90*2-0)*7", "-51.2745+math.sin(q.anim_time*90*2-0)*7"]
				},
				"arm_right2": {
					"rotation": [0, 0, "-2.5+math.sin(q.anim_time*90*2-0)*7"]
				},
				"hand_right": {
					"rotation": [10, 5, "-15+math.sin(q.anim_time*90*2-0)*-7"]
				},
				"arm_claw_back_right": {
					"rotation": ["math.sin(q.anim_time*90*2-0)*1.5", 0, "-10+math.sin(q.anim_time*90*1-0)*16"]
				},
				"arm_claw_middle_right": {
					"rotation": ["0+math.sin(q.anim_time*90*2-0)*1.5", 0, "-15+math.sin(q.anim_time*90*1-0)*16"]
				},
				"arm_claw_front_right": {
					"rotation": ["0+math.sin(q.anim_time*90*2-0)*1.5", 0, "-25+math.sin(q.anim_time*90*1-0)*16"]
				},
				"arm_left": {
					"rotation": [9.01643, "-37.2357-math.sin(q.anim_time*90*2-0)*7", "57.5169-math.sin(q.anim_time*90*2-0)*7"]
				},
				"arm_left2": {
					"rotation": [1.23103, 9.9247, "7.1069-math.sin(q.anim_time*90*2-0)*7"]
				},
				"arm_claw_middle_left": {
					"rotation": ["0+math.sin(q.anim_time*90*2-0)*1.5", 0, "7.5+math.sin(q.anim_time*90*1-0)*16"]
				},
				"arm_claw_front_left": {
					"rotation": ["math.sin(q.anim_time*90*2-0)*1.5", 0, "17.5+math.sin(q.anim_time*90*1-0)*16"]
				},
				"tail": {
					"rotation": ["-32+math.sin(q.anim_time*90*2-0)*1.5", 0, "math.sin(q.anim_time*90*1-0)*1.5"],
					"position": [0, 0, "0+math.sin(q.anim_time*90*2-75+180)*0.5"]
				},
				"leg_right": {
					"rotation": [
						"0+math.clamp(math.sin(query.anim_time*90*4*1.1+180)*22.5,-22,0)+math.clamp(math.sin(query.anim_time*90*4*1+180)*22.5,0,22)",
						0,
						"6-(math.clamp(math.sin(query.anim_time*90*4*1+10+180)*1,-1,0))"
					],
					"position": [0, 0.4, 0]
				},
				"leg_right2": {
					"rotation": ["15.006+math.sin(q.anim_time*90*2-30)*5", -0.62434, -5.71814]
				},
				"foot_right": {
					"rotation": [-3.5, 0, 0]
				},
				"feather5": {
					"rotation": ["-18+math.sin(q.anim_time*90*2-0)*1.5", 0, "math.sin(q.anim_time*90*1-0)*1.5"]
				},
				"feather6": {
					"rotation": ["16+math.sin(q.anim_time*90*2-0)*1.5", 0, "0+math.sin(q.anim_time*90*1-0)*1.5"]
				},
				"feather7": {
					"rotation": ["11+math.sin(q.anim_time*90*2-0)*1.5", 0, "0+math.sin(q.anim_time*90*1-0)*1.5"]
				},
				"feather8": {
					"rotation": ["34+math.sin(q.anim_time*90*2-0)*1.5", 0, "0+math.sin(q.anim_time*90*1-0)*1.5"]
				},
				"leg_left": {
					"rotation": [
						"math.clamp(math.sin(query.anim_time*90*4*1.1+0)*22.5,-22,0)+math.clamp(math.sin(query.anim_time*50*4*1+0)*22.5,0,22)",
						0,
						"-4+math.clamp(math.sin(query.anim_time*50*4*1+1)*1,-1,0)"
					],
					"position": [
						0,
						"math.clamp(math.sin(query.anim_time*90*4*1+200)*0.75,-0.0,0.75)+math.clamp(math.sin(query.anim_time*90*4*1+180)*0.125,-0.125,0.0)",
						"0+math.sin(q.anim_time*90*4-75)*0.55"
					]
				},
				"leg_left2": {
					"rotation": ["14.9773+math.sin(q.anim_time*90*2-30)*5", 1.05697, 3.76528]
				},
				"foot_left": {
					"rotation": [-9, 0, 0]
				},
				"shoulder_fluff_right": {
					"rotation": ["0+math.sin(q.anim_time*90*2-0)*1.5", 0, "0+math.sin(q.anim_time*90*1-0)*1.5"],
					"position": [0, 0, "0+math.sin(q.anim_time*90*2-75+180)*0.5"]
				},
				"shoulder_fluff_left": {
					"rotation": ["0+math.sin(q.anim_time*90*2-0)*1.5", 0, "0+math.sin(q.anim_time*90*1-0)*1.5"],
					"position": [0, 0, "0+math.sin(q.anim_time*90*2-75+180)*0.5"]
				},
				"ear_right": {
					"rotation": ["0+math.sin(q.anim_time*90*2-0)*1.5", 0, "0+math.sin(q.anim_time*90*1-0)*1.5"]
				},
				"ear_left": {
					"rotation": ["7+math.sin(q.anim_time*90*2-0)*15", "math.sin(q.anim_time*90*1-0)*15", "math.sin(q.anim_time*90*1-0)*15"]
				},
				"hand_left": {
					"rotation": [0, 0, "2.5+math.sin(q.anim_time*90*2-0)*7"]
				},
				"arm_claw_back_left": {
					"rotation": ["0+math.sin(q.anim_time*90*2-0)*1.5", 0, "0+math.sin(q.anim_time*90*1-0)*16"]
				}
			}
		},
		"animation.sneasler.mouth_test": {
			"animation_length": 2,
			"bones": {
				"fang": {
					"rotation": {
						"0.0": [0, 0, 0],
						"0.6667": {"pre": [0, 0, 0], "post": [0, 0, 0]},
						"0.7083": {"pre": [0, 0, 0], "post": [0, 0, 11.5]},
						"1.5": {"pre": [0, 0, 11.5], "post": [0, 0, 11.5]},
						"1.5417": {"pre": [0, 0, 11.5], "post": [0, 0, 0]}
					},
					"position": {
						"0.0": [0, 0, 0],
						"0.6667": {"pre": [0, 0, 0], "post": [0, 0, 0]},
						"0.7083": {"pre": [0, 0, 0], "post": [0, 0.7, 0.4]},
						"1.5": {"pre": [0, 0.7, 0.4], "post": [0, 0.7, 0.4]},
						"1.5417": {"pre": [0, 0.7, 0.4], "post": [0, 0, 0]}
					}
				},
				"jaw": {
					"position": {
						"0.0": [0, 0, 0],
						"0.6667": {"pre": [0, 0, 0], "post": [0, 0, 0]},
						"0.7083": {"pre": [0, 0, 0], "post": [0, 0, 0.61]},
						"1.5": {"pre": [0, 0, 0.61], "post": [0, 0, 0.61]},
						"1.5417": {"pre": [0, 0, 0.61], "post": [0, 0, 0]}
					}
				}
			}
		},
		"animation.sneasler.blink": {
			"animation_length": 0.16667,
			"bones": {
				"eyelid_right": {
					"position": {
						"0.0": [0, 0, -0.1],
						"0.125": [0, 0, -0.1],
						"0.1667": [0, 0, 0]
					}
				},
				"eyelid_left": {
					"position": {
						"0.0": [0, 0, -0.1],
						"0.125": [0, 0, -0.1],
						"0.1667": [0, 0, 0]
					}
				}
			}
		},
		"animation.sneasler.cry": {
			"animation_length": 1,
			"bones": {
				"head": {
					"rotation": {
						"0.0": [0, 0, 0],
						"0.0833": [-0.9, 0, 0],
						"0.1667": [0.8, 0, 0],
						"0.25": [-1.37, 0, 0],
						"0.2917": [-1.6, 0, 0],
						"0.3333": [-1.37, 0, 0],
						"0.4167": [0.3, 0, 0],
						"0.5": [0, 0, 0]
					}
				},
				"fang": {
					"rotation": {
						"0.0": [0, 0, 0],
						"0.0417": {"pre": [0, 0, 0], "post": [0, 0, 11.5]},
						"0.1667": {"pre": [0, 0, 11.5], "post": [0, 0, 11.5]},
						"0.2083": {"pre": [0, 0, 11.5], "post": [0, 0, 0]},
						"0.25": {"pre": [0, 0, 0], "post": [0, 0, 11.5]},
						"0.4583": {"pre": [0, 0, 11.5], "post": [0, 0, 11.5]},
						"0.5": {"pre": [0, 0, 11.5], "post": [0, 0, 0]}
					},
					"position": {
						"0.0": [0, 0, 0],
						"0.0417": {"pre": [0, 0, 0], "post": [0, 0.7, 0.4]},
						"0.1667": {"pre": [0, 0.7, 0.4], "post": [0, 0.7, 0.4]},
						"0.2083": {"pre": [0, 0.7, 0.4], "post": [0, 0, 0]},
						"0.25": {"pre": [0, 0, 0], "post": [0, 0.7, 0.4]},
						"0.4583": {"pre": [0, 0.7, 0.4], "post": [0, 0.7, 0.4]},
						"0.5": {"pre": [0, 0.7, 0.4], "post": [0, 0, 0]}
					}
				},
				"feather": {
					"rotation": {
						"0.0": [0, 0, 0],
						"0.0833": [0.9, 0, 0],
						"0.1667": [-0.8, 0, 0],
						"0.25": [1.37, 0, 0],
						"0.2917": [1.6, 0, 0],
						"0.3333": [1.37, 0, 0],
						"0.4167": [-0.3, 0, 0],
						"0.5": [0, 0, 0]
					}
				},
				"jaw": {
					"position": {
						"0.0": [0, 0, 0],
						"0.0417": {"pre": [0, 0, 0], "post": [0, 0, 0.61]},
						"0.1667": {"pre": [0, 0, 0.61], "post": [0, 0, 0.61]},
						"0.2083": {"pre": [0, 0, 0.61], "post": [0, 0, 0]},
						"0.25": {"pre": [0, 0, 0], "post": [0, 0, 0.61]},
						"0.4583": {"pre": [0, 0, 0.61], "post": [0, 0, 0.61]},
						"0.5": {"pre": [0, 0, 0.61], "post": [0, 0, 0]}
					}
				}
			},
			"sound_effects": {
				"0.0": {
					"effect": "903sneasler"
				}
			}
		}
	}
}