{
	"format_version": "1.12.0",
	"minecraft:geometry": [
		{
			"description": {
				"identifier": "geometry.sandile",
				"texture_width": 64,
				"texture_height": 64,
				"visible_bounds_width": 4,
				"visible_bounds_height": 2.5,
				"visible_bounds_offset": [0, 0.75, 0]
			},
			"bones": [
				{
					"name": "sandile",
					"pivot": [0, 0, 0]
				},
				{
					"name": "body",
					"parent": "sandile",
					"pivot": [0, 0, 0]
				},
				{
					"name": "torso",
					"parent": "body",
					"pivot": [0, 0, 0],
					"cubes": [
						{"origin": [-2.5, 2, -3], "size": [5, 3, 6], "inflate": 0.01, "uv": [0, 9]}
					]
				},
				{
					"name": "torso2",
					"parent": "torso",
					"pivot": [0, 3.5, 3],
					"cubes": [
						{"origin": [-2.5, 2, 2], "size": [5, 3, 6], "inflate": -0.15, "uv": [0, 0]}
					]
				},
				{
					"name": "torso3",
					"parent": "torso2",
					"pivot": [0, 3.5, 7.8],
					"cubes": [
						{"origin": [-2, 2.5, 7], "size": [4, 2, 6], "uv": [16, 3]}
					]
				},
				{
					"name": "torso4",
					"parent": "torso3",
					"pivot": [0, 3.5, 13],
					"cubes": [
						{"origin": [-1.5, 3, 12], "size": [3, 1, 6], "uv": [16, 12]}
					]
				},
				{
					"name": "left_leg_back",
					"parent": "torso2",
					"pivot": [2.5, 4, 6.3],
					"cubes": [
						{"origin": [1, 0, 4.8], "size": [3, 4, 3], "uv": [28, 11]},
						{"origin": [3.9, 0, 3.8], "size": [0, 1, 1], "uv": [26, 10]},
						{"origin": [2.5, 0, 3.8], "size": [0, 1, 1], "uv": [12, 25]},
						{"origin": [1.1, 0, 3.8], "size": [0, 1, 1], "uv": [24, 10]}
					]
				},
				{
					"name": "right_leg_back",
					"parent": "torso2",
					"pivot": [-2.5, 4, 6.3],
					"cubes": [
						{"origin": [-4, 0, 4.8], "size": [3, 4, 3], "uv": [26, 27]},
						{"origin": [-3.9, 0, 3.8], "size": [0, 1, 1], "uv": [22, 10]},
						{"origin": [-2.5, 0, 3.8], "size": [0, 1, 1], "uv": [20, 13]},
						{"origin": [-1.1, 0, 3.8], "size": [0, 1, 1], "uv": [20, 4]}
					]
				},
				{
					"name": "head",
					"parent": "torso",
					"pivot": [0, 5, -3],
					"cubes": [
						{"origin": [-1, 6, -6.01], "size": [2, 2, 0], "uv": [18, 30]},
						{"origin": [-3, 4, -6], "size": [6, 4, 4], "uv": [0, 18]},
						{"origin": [2, 4.1, -5.5], "size": [2, 3, 3], "uv": [28, 34]},
						{"origin": [-4, 4.1, -5.5], "size": [2, 3, 3], "uv": [18, 33]}
					]
				},
				{
					"name": "eye_left",
					"parent": "head",
					"pivot": [0, 0, 0],
					"cubes": [
						{"origin": [0.3, 6, -6.01], "size": [3, 3, 3], "uv": [0, 33]},
						{"origin": [0.3, 6, -6.02], "size": [3, 3, 0], "uv": [0, 12]}
					]
				},
				{
					"name": "eye_pupil",
					"parent": "eye_left",
					"pivot": [0, 0, 0],
					"cubes": [
						{"origin": [1.3, 6.5, -6.03], "size": [1, 2, 0], "uv": [26, 23]}
					]
				},
				{
					"name": "eye_left_closed",
					"parent": "eye_left",
					"pivot": [0, 0, 0],
					"cubes": [
						{"origin": [0.3, 6, -5.04], "size": [3, 3, 0], "uv": [0, 40]}
					]
				},
				{
					"name": "eye_right",
					"parent": "head",
					"pivot": [0, 0, 0],
					"cubes": [
						{"origin": [-3.3, 6, -6.01], "size": [3, 3, 3], "uv": [9, 30]},
						{"origin": [-3.3, 6, -6.02], "size": [3, 3, 0], "uv": [0, 9]}
					]
				},
				{
					"name": "eye_pupil2",
					"parent": "eye_right",
					"pivot": [0, 0, 0],
					"cubes": [
						{"origin": [-2.3, 6.5, -6.03], "size": [1, 2, 0], "uv": [0, 26]}
					]
				},
				{
					"name": "eye_right_closed",
					"parent": "eye_right",
					"pivot": [0, 0, 0],
					"cubes": [
						{"origin": [-3.3, 6, -5.04], "size": [3, 3, 0], "uv": [0, 40], "mirror": true}
					]
				},
				{
					"name": "snout",
					"parent": "head",
					"pivot": [0, 5, -3],
					"cubes": [
						{"origin": [-3.5, 5.1, -8], "size": [7, 1, 3], "uv": [20, 19]},
						{"origin": [-3, 5.09, -7], "size": [6, 0, 3], "uv": [17, 0]},
						{"origin": [-1.5, 5.09, -10], "size": [3, 0, 3], "uv": [13, 19]},
						{"origin": [-0.5, 5.09, -13], "size": [1, 0, 3], "uv": [0, 0]},
						{"origin": [-2, 5.1, -11], "size": [4, 1, 3], "uv": [30, 4]},
						{"origin": [0.9, 4.1, -12.7], "size": [0, 1, 1], "uv": [18, 13]},
						{"origin": [-0.9, 4.1, -12.7], "size": [0, 1, 1], "uv": [0, 18]},
						{"origin": [-1, 5.1, -14], "size": [2, 1, 3], "uv": [35, 31]},
						{"origin": [0.2, 5.9, -13.9], "size": [1, 1, 1], "uv": [12, 28]},
						{"origin": [0.2, 6, -14.2], "size": [1, 1, 1], "inflate": -0.25, "uv": [13, 26]},
						{"origin": [-1.2, 5.9, -13.9], "size": [1, 1, 1], "uv": [9, 26]},
						{"origin": [-1.2, 6, -14.2], "size": [1, 1, 1], "inflate": -0.25, "uv": [0, 20]}
					]
				},
				{
					"name": "snout_bottom",
					"parent": "snout",
					"pivot": [0, 5, -6],
					"cubes": [
						{"origin": [-3, 4.1, -7], "size": [6, 1, 2], "inflate": 0.01, "uv": [26, 23]},
						{"origin": [-2, 4.1, -10], "size": [4, 1, 3], "uv": [30, 0]},
						{"origin": [-1, 4.1, -13], "size": [2, 1, 3], "uv": [35, 26]},
						{"origin": [-1.5, 5.11, -8], "size": [3, 0, 3], "uv": [13, 11]},
						{"origin": [-1, 5.11, -9], "size": [2, 0, 1], "uv": [0, 5]},
						{"origin": [-0.5, 5.11, -11], "size": [1, 0, 2], "uv": [18, 3]}
					]
				},
				{
					"name": "tounge",
					"parent": "snout_bottom",
					"pivot": [0, 5.2, -6],
					"cubes": [
						{"origin": [-1, 5.2, -8], "size": [2, 0, 2], "uv": [0, 3]}
					]
				},
				{
					"name": "tounge2",
					"parent": "tounge",
					"pivot": [0, 5.2, -8],
					"cubes": [
						{"origin": [-0.5, 5.2, -10], "size": [1, 0, 2], "uv": [0, 18]}
					]
				},
				{
					"name": "left_leg_front",
					"parent": "torso",
					"pivot": [2.5, 4, -0.5],
					"cubes": [
						{"origin": [1, 0, -2], "size": [3, 4, 3], "uv": [0, 26]},
						{"origin": [3.9, 0, -3], "size": [0, 1, 1], "uv": [0, 17]},
						{"origin": [2.5, 0, -3], "size": [0, 1, 1], "uv": [16, 13]},
						{"origin": [1.1, 0, -3], "size": [0, 1, 1], "uv": [0, 3]}
					]
				},
				{
					"name": "right_leg_front",
					"parent": "torso",
					"pivot": [-2.5, 4, -0.5],
					"cubes": [
						{"origin": [-4, 0, -2], "size": [3, 4, 3], "uv": [17, 23]},
						{"origin": [-3.9, 0, -3], "size": [0, 1, 1], "uv": [0, 2]},
						{"origin": [-2.5, 0, -3], "size": [0, 1, 1], "uv": [0, 1]},
						{"origin": [-1.1, 0, -3], "size": [0, 1, 1], "uv": [0, 0]}
					]
				}
			]
		}
	]
}