{
    "enabled": "true",
    "neededInstalledMods": [],
    "neededUninstalledMods": [],
    "spawns": [
        {
            "id": "typhlosion-hisuian-1",
            "pokemon": "typhlosion hisuian",
            "presets": [
                "natural"
            ],
            "type": "pokemon",
            "context": "grounded",
            "bucket": "ultra-rare",
            "level": "36-53",
            "weight": 0.1,
            "condition": {
                "biomes": [
                    "minecraft:dark_forest"
                ]
            }
        },
        {
            "id": "typhlosion-hisuian-2",
            "pokemon": "typhlosion hisuian",
            "presets": [
                "natural"
            ],
            "type": "pokemon",
            "context": "grounded",
            "bucket": "ultra-rare",
            "level": "36-53",
            "weight": 0.1,
            "condition": {
                "canSeeSky": true,
                "biomes": [
                    "#cobblemon:is_spooky"
                ],
                "isRaining": false
            }
        }
    ]
}