{
	"format_version": "1.12.0",
	"minecraft:geometry": [
		{
			"description": {
				"identifier": "geometry.vibrava",
				"texture_width": 128,
				"texture_height": 128,
				"visible_bounds_width": 6,
				"visible_bounds_height": 3.5,
				"visible_bounds_offset": [0, 1.25, 0]
			},
			"bones": [
				{
					"name": "vibrava",
					"pivot": [0, 0, 0]
				},
				{
					"name": "body",
					"parent": "vibrava",
					"pivot": [0, 0, 0]
				},
				{
					"name": "torso",
					"parent": "body",
					"pivot": [0, 4, 1.5],
					"cubes": [
						{"origin": [-2.5, 4, -1], "size": [5, 5, 6], "uv": [0, 44]},
						{"origin": [0.5, 7.5, 0], "size": [1, 2, 2], "pivot": [1, 9, 0], "rotation": [15, 25, 0], "uv": [0, 12]},
						{"origin": [-1.5, 7.5, 0], "size": [1, 2, 2], "pivot": [-1, 9, 0], "rotation": [15, -25, 0], "uv": [8, 10]}
					]
				},
				{
					"name": "torso2",
					"parent": "torso",
					"pivot": [0, 6.5, 5],
					"cubes": [
						{"origin": [-2, 4.5, 5], "size": [4, 4, 5], "uv": [35, 51]}
					]
				},
				{
					"name": "torso3",
					"parent": "torso2",
					"pivot": [0, 6.5, 10],
					"cubes": [
						{"origin": [-1.5, 5, 10], "size": [3, 3, 6], "uv": [46, 26]}
					]
				},
				{
					"name": "torso4",
					"parent": "torso3",
					"pivot": [0, 6.5, 16],
					"cubes": [
						{"origin": [-1, 5.5, 16], "size": [2, 2, 7], "uv": [22, 44]}
					]
				},
				{
					"name": "torso5",
					"parent": "torso4",
					"pivot": [0, 6.5, 23],
					"cubes": [
						{"origin": [-0.5, 6, 23], "size": [1, 1, 7], "uv": [0, 0]}
					]
				},
				{
					"name": "tail_piece_left",
					"parent": "torso5",
					"pivot": [0, 6.5, 27],
					"rotation": [0, 50, 0],
					"cubes": [
						{"origin": [0, 6.5, 26], "size": [7, 0, 9], "uv": [17, 35]}
					]
				},
				{
					"name": "tail_piece_right",
					"parent": "torso5",
					"pivot": [0, 6.5, 27],
					"rotation": [0, -50, 0],
					"cubes": [
						{"origin": [-7, 6.5, 26], "size": [7, 0, 9], "uv": [3, 35]}
					]
				},
				{
					"name": "head",
					"parent": "torso",
					"pivot": [0, 6.5, -0.5],
					"cubes": [
						{"origin": [-3.5, 3, -7.5], "size": [7, 7, 7], "uv": [33, 37]}
					]
				},
				{
					"name": "eye_left",
					"parent": "head",
					"pivot": [0, 4, 1.5],
					"cubes": [
						{"origin": [5, 9.6, -1.5], "size": [-2, -4, -4], "uv": [8, 64]},
						{"origin": [3.51, 5.6, -5.5], "size": [0, 4, 4], "uv": [8, 77], "mirror": true}
					]
				},
				{
					"name": "eye_left2",
					"parent": "eye_left",
					"pivot": [0, 4, 1.5],
					"cubes": [
						{"origin": [3, 6.1, -4.5], "size": [1, 3, 2], "uv": [9, 0]}
					]
				},
				{
					"name": "eye_right",
					"parent": "head",
					"pivot": [0, 4, 1.5],
					"cubes": [
						{"origin": [-3, 9.6, -1.5], "size": [-2, -4, -4], "uv": [8, 89]},
						{"origin": [-3.5, 5.6, -5.5], "size": [0, 4, 4], "uv": [8, 77]}
					]
				},
				{
					"name": "eye_right2",
					"parent": "eye_right",
					"pivot": [0, 4, 1.5],
					"cubes": [
						{"origin": [-4, 6.1, -4.5], "size": [1, 3, 2], "uv": [0, 0]}
					]
				},
				{
					"name": "antena_left",
					"parent": "head",
					"pivot": [2, 10, -5.5],
					"cubes": [
						{"origin": [1, 9.5, -5.5], "size": [2, 3, 0], "uv": [6, 14]}
					]
				},
				{
					"name": "antena_left2",
					"parent": "antena_left",
					"pivot": [2, 12.5, -5.5],
					"cubes": [
						{"origin": [1, 12.5, -5.5], "size": [2, 2, 0], "uv": [10, 14]}
					]
				},
				{
					"name": "antena_left3",
					"parent": "antena_left2",
					"pivot": [2, 14.5, -5.5],
					"cubes": [
						{"origin": [1.5, 14.5, -5.5], "size": [1, 2, 0], "uv": [4, 16]}
					]
				},
				{
					"name": "antena_left4",
					"parent": "antena_left3",
					"pivot": [2, 16.5, -5.5],
					"cubes": [
						{"origin": [1.5, 16.5, -5.5], "size": [1, 2, 0], "uv": [2, 16]}
					]
				},
				{
					"name": "antena_left5",
					"parent": "antena_left4",
					"pivot": [2, 18.5, -5.5],
					"cubes": [
						{"origin": [1.5, 18.5, -5.5], "size": [1, 1, 0], "uv": [10, 17]}
					]
				},
				{
					"name": "antena_right",
					"parent": "head",
					"pivot": [-2, 10, -5.5],
					"cubes": [
						{"origin": [-3, 9.5, -5.5], "size": [2, 3, 0], "uv": [12, 8]}
					]
				},
				{
					"name": "antena_right2",
					"parent": "antena_right",
					"pivot": [-2, 12.5, -5.5],
					"cubes": [
						{"origin": [-3, 12.5, -5.5], "size": [2, 2, 0], "uv": [4, 12]}
					]
				},
				{
					"name": "antena_right3",
					"parent": "antena_right2",
					"pivot": [-2, 14.5, -5.5],
					"cubes": [
						{"origin": [-2.5, 14.5, -5.5], "size": [1, 2, 0], "uv": [0, 16]}
					]
				},
				{
					"name": "antena_right4",
					"parent": "antena_right3",
					"pivot": [-2, 16.5, -5.5],
					"cubes": [
						{"origin": [-2.5, 16.5, -5.5], "size": [1, 2, 0], "uv": [14, 15]}
					]
				},
				{
					"name": "antena_right5",
					"parent": "antena_right4",
					"pivot": [-2, 18.5, -5.5],
					"cubes": [
						{"origin": [-2.5, 18.5, -5.5], "size": [1, 1, 0], "uv": [8, 17]}
					]
				},
				{
					"name": "wing_1_left",
					"parent": "torso",
					"pivot": [1.8, 9.5, 1.8],
					"cubes": [
						{"origin": [-3.5, 9.5, 1], "size": [9, 0, 16], "pivot": [1, 9, 0], "rotation": [0, 25, 0], "uv": [18, 16]}
					]
				},
				{
					"name": "wing_1_right",
					"parent": "torso",
					"pivot": [-1.8, 9.5, 1.8],
					"cubes": [
						{"origin": [-5.5, 9.5, 1], "size": [9, 0, 16], "pivot": [-1, 9, 0], "rotation": [0, -25, 0], "uv": [18, 0]}
					]
				},
				{
					"name": "wing_2_left",
					"parent": "torso",
					"pivot": [1.8, 9.4, 1.8],
					"cubes": [
						{"origin": [-3.5, 9.4, 1], "size": [9, 0, 16], "pivot": [1, 8.9, 0], "rotation": [0, 25, 0], "uv": [18, 16]}
					]
				},
				{
					"name": "wing_2_right",
					"parent": "torso",
					"pivot": [-1.8, 9.4, 1.8],
					"cubes": [
						{"origin": [-5.5, 9.4, 1], "size": [9, 0, 16], "pivot": [-1, 8.9, 0], "rotation": [0, -25, 0], "uv": [18, 0]}
					]
				},
				{
					"name": "front_leg_left",
					"parent": "torso",
					"pivot": [2, 5, 1.5],
					"cubes": [
						{"origin": [2, 4.5, 1.5], "size": [3, 1, 0], "uv": [9, 6]}
					]
				},
				{
					"name": "front_leg_left2",
					"parent": "front_leg_left",
					"pivot": [5, 5, 1.5],
					"cubes": [
						{"origin": [5, 4.5, 1.5], "size": [5, 1, 0], "uv": [0, 11]}
					]
				},
				{
					"name": "front_leg_left3",
					"parent": "front_leg_left2",
					"pivot": [10, 5, 1.5],
					"cubes": [
						{"origin": [10, 4.5, 1.5], "size": [1, 1, 0], "uv": [6, 17]}
					]
				},
				{
					"name": "front_leg_left4",
					"parent": "front_leg_left3",
					"pivot": [10.5, 5.5, 1.5],
					"cubes": [
						{"origin": [10, 5.5, 1.5], "size": [1, 2, 0], "uv": [14, 13]}
					]
				},
				{
					"name": "front_leg_left5",
					"parent": "front_leg_left3",
					"pivot": [10.5, 4.5, 1.5],
					"cubes": [
						{"origin": [10, 2.5, 1.5], "size": [1, 2, 0], "uv": [0, 18]}
					]
				},
				{
					"name": "back_leg_left",
					"parent": "torso",
					"pivot": [1, 5, 8.5],
					"cubes": [
						{"origin": [1, 4.5, 8.5], "size": [3, 1, 0], "uv": [9, 5]}
					]
				},
				{
					"name": "back_leg_left2",
					"parent": "back_leg_left",
					"pivot": [4, 5, 8.5],
					"cubes": [
						{"origin": [4, 4.5, 8.5], "size": [5, 1, 0], "uv": [0, 10]}
					]
				},
				{
					"name": "back_leg_left3",
					"parent": "back_leg_left2",
					"pivot": [9, 5, 8.5],
					"cubes": [
						{"origin": [9, 4.5, 8.5], "size": [1, 1, 0], "uv": [12, 16]}
					]
				},
				{
					"name": "back_leg_left4",
					"parent": "back_leg_left3",
					"pivot": [9.5, 5.5, 8.5],
					"cubes": [
						{"origin": [9, 5.5, 8.5], "size": [1, 2, 0], "uv": [13, 0]}
					]
				},
				{
					"name": "back_leg_left5",
					"parent": "back_leg_left3",
					"pivot": [9.5, 4.5, 8.5],
					"cubes": [
						{"origin": [9, 2.5, 8.5], "size": [1, 2, 0], "uv": [0, 12]}
					]
				},
				{
					"name": "back_leg_right",
					"parent": "torso",
					"pivot": [-1, 5, 8.5],
					"cubes": [
						{"origin": [-4, 4.5, 8.5], "size": [3, 1, 0], "uv": [0, 6]}
					]
				},
				{
					"name": "back_leg_right2",
					"parent": "back_leg_right",
					"pivot": [-4, 5, 8.5],
					"cubes": [
						{"origin": [-9, 4.5, 8.5], "size": [5, 1, 0], "uv": [0, 9]}
					]
				},
				{
					"name": "back_leg_right3",
					"parent": "back_leg_right2",
					"pivot": [-9, 5, 8.5],
					"cubes": [
						{"origin": [-10, 4.5, 8.5], "size": [1, 1, 0], "uv": [10, 16]}
					]
				},
				{
					"name": "back_leg_right4",
					"parent": "back_leg_right3",
					"pivot": [-9.5, 5.5, 8.5],
					"cubes": [
						{"origin": [-10, 5.5, 8.5], "size": [1, 2, 0], "uv": [10, 8]}
					]
				},
				{
					"name": "back_leg_right5",
					"parent": "back_leg_right3",
					"pivot": [-9.5, 4.5, 8.5],
					"cubes": [
						{"origin": [-10, 2.5, 8.5], "size": [1, 2, 0], "uv": [9, 0]}
					]
				},
				{
					"name": "front_leg_right",
					"parent": "torso",
					"pivot": [-2, 5, 1.5],
					"cubes": [
						{"origin": [-5, 4.5, 1.5], "size": [3, 1, 0], "uv": [0, 5]}
					]
				},
				{
					"name": "front_leg_right2",
					"parent": "front_leg_right",
					"pivot": [-5, 5, 1.5],
					"cubes": [
						{"origin": [-10, 4.5, 1.5], "size": [5, 1, 0], "uv": [0, 8]}
					]
				},
				{
					"name": "front_leg_right3",
					"parent": "front_leg_right2",
					"pivot": [-10, 5, 1.5],
					"cubes": [
						{"origin": [-11, 4.5, 1.5], "size": [1, 1, 0], "uv": [12, 11]}
					]
				},
				{
					"name": "front_leg_right4",
					"parent": "front_leg_right3",
					"pivot": [-10.5, 5.5, 1.5],
					"cubes": [
						{"origin": [-11, 5.5, 1.5], "size": [1, 2, 0], "uv": [4, 0]}
					]
				},
				{
					"name": "front_leg_right5",
					"parent": "front_leg_right3",
					"pivot": [-10.5, 4.5, 1.5],
					"cubes": [
						{"origin": [-11, 2.5, 1.5], "size": [1, 2, 0], "uv": [3, 19]}
					]
				}
			]
		}
	]
}