{
	"format_version": "1.8.0",
	"animations": {
		"animation.megagallade.ground_walk": {
			"loop": true,
			"animation_length": 1,
			"bones": {
				"body": {
					"position": {
						"0.0": {
							"post": [0, 3.75, -1.1],
							"lerp_mode": "catmullrom"
						},
						"0.125": {
							"post": [0, 2.58, 0],
							"lerp_mode": "catmullrom"
						},
						"0.2083": {
							"post": [0, -1.5, 1],
							"lerp_mode": "catmullrom"
						},
						"0.3333": {
							"post": [0, 2.5, -1],
							"lerp_mode": "catmullrom"
						},
						"0.4583": {
							"post": [0, 3.58, -1],
							"lerp_mode": "catmullrom"
						},
						"0.625": {
							"post": [0, 2.58, 0],
							"lerp_mode": "catmullrom"
						},
						"0.7083": {
							"post": [0, -1.5, 2],
							"lerp_mode": "catmullrom"
						},
						"0.8333": {
							"post": [0, 2.5, -1],
							"lerp_mode": "catmullrom"
						},
						"1.0": {
							"post": [0, 3.75, -1.1],
							"lerp_mode": "catmullrom"
						}
					}
				},
				"torso": {
					"rotation": [
						"17.5+Math.cos((query.anim_time) * 90 * 8 - 90) * 8",
						"0+Math.cos((query.anim_time) * 90 * 4) * 10",
						"0+Math.cos((query.anim_time) * 90 * 4) * -5"
					],
					"position": [0, "0+Math.cos((query.anim_time) * 90 * 8 - 90) * 0.4", 0]
				},
				"waist": {
					"rotation": [
						"8.5+Math.cos((query.anim_time) * 90 * 8 - 90) * -8",
						"0+Math.cos((query.anim_time) * 90 * 4) * -10",
						"0+Math.cos((query.anim_time) * 90 * 4) * 10"
					]
				},
				"arm_left": {
					"rotation": {
						"0.0": [49.58957, "16.7486+Math.cos((query.anim_time) * 90 * 4) * -50", 9.77237],
						"1.0": [49.58957, "16.7486+Math.cos((query.anim_time) * 90 * 4) * -50", 9.77237]
					}
				},
				"arm_left2": {
					"rotation": [0, "Math.cos((query.anim_time) * 90 * 4 - 45) * -42.5", 0]
				},
				"neck": {
					"rotation": ["-10 + Math.cos((query.anim_time) * 90 * 8 - 90) * -4", 0, 0]
				},
				"leg_right": {
					"rotation": {
						"0.0": [53.25, 0, 0],
						"0.1667": {
							"pre": [37.5, 0, 0],
							"post": [37.5, 0, 0],
							"lerp_mode": "catmullrom"
						},
						"0.2917": {
							"post": [-45.5, 0, 0],
							"lerp_mode": "catmullrom"
						},
						"0.5": {
							"post": [-67.25, 0, 0],
							"lerp_mode": "catmullrom"
						},
						"0.7083": {
							"post": [-47.5, 0, 0],
							"lerp_mode": "catmullrom"
						},
						"0.8333": {
							"post": [34, 0, 0],
							"lerp_mode": "catmullrom"
						},
						"1.0": [53.25, 0, 0]
					}
				},
				"leg_right2": {
					"rotation": {
						"0.0": [46.37, 0, 0],
						"0.0833": [57.5, 0, 0],
						"0.1667": [62, 0, 0],
						"0.2917": [56.25, 0, 0],
						"0.4167": [9.6, 0, 0],
						"0.5": [3.5, 0, 0],
						"0.625": [1.67, 0, 0],
						"0.75": [13, 0, 0],
						"1.0": [46.37, 0, 0]
					}
				},
				"leg_left": {
					"rotation": {
						"0.0": [-67.25, 0, 0],
						"0.2083": {
							"pre": [-47.5, 0, 0],
							"post": [-47.5, 0, 0],
							"lerp_mode": "catmullrom"
						},
						"0.3333": {
							"post": [34, 0, 0],
							"lerp_mode": "catmullrom"
						},
						"0.5": {
							"post": [53.25, 0, 0],
							"lerp_mode": "catmullrom"
						},
						"0.6667": {
							"post": [37.5, 0, 0],
							"lerp_mode": "catmullrom"
						},
						"0.7917": {
							"post": [-45.5, 0, 0],
							"lerp_mode": "catmullrom"
						},
						"1.0": [-67.25, 0, 0]
					}
				},
				"leg_left2": {
					"rotation": {
						"0.0": [3.5, 0, 0],
						"0.125": [1.67, 0, 0],
						"0.25": [13, 0, 0],
						"0.5833": [57.5, 0, 0],
						"0.6667": [62, 0, 0],
						"0.7917": [56.25, 0, 0],
						"0.9167": [9.6, 0, 0],
						"1.0": [3.5, 0, 0]
					}
				},
				"Head": {
					"rotation": [-7.5, 0, 0]
				},
				"left_cape": {
					"rotation": {
						"0.0": [45.06009, 33.17641, 6.37821],
						"0.2917": [39.00941, 19.73917, -7.05976],
						"0.5": [43.96826, 52.1849, 7.12186],
						"0.75": [39.00941, 19.73917, -7.05976],
						"1.0": [45.06009, 33.17641, 6.37821]
					}
				},
				"left_cape_lower": {
					"rotation": {
						"0.0": [-17.5, 0, 0],
						"0.25": [-25.79168, 0.58653, 2.61989],
						"0.5": [-17.88461, 2.12572, 13.8485],
						"1.0": [-17.5, 0, 0]
					},
					"position": {
						"0.0": [0, 0, 0],
						"0.25": [0, 0, 0],
						"0.5": [0, 0.6, 0],
						"1.0": [0, 0, 0]
					}
				},
				"left_cape_lower2": {
					"rotation": {
						"0.0": [27.5, 0, 0],
						"0.25": [0.69927, 2.37377, -4.28426],
						"0.625": [29.6606, -3.81602, 8.71057],
						"1.0": [27.5, 0, 0]
					},
					"position": {
						"0.0": [0, 0, 0],
						"0.25": [0, 0.8, 0],
						"0.625": [0, 0.8, 0],
						"1.0": [0, 0, 0]
					}
				},
				"arm_right": {
					"rotation": {
						"0.0": [-3.98105, "5.7712+Math.cos((query.anim_time) * 90 * 4) * -50", 10.68002],
						"1.0": [-3.98105, "5.7712+Math.cos((query.anim_time) * 90 * 4) * -50", 10.68002]
					}
				},
				"arm_right2": {
					"rotation": {
						"0.0": [0, "Math.cos((query.anim_time) * 90 * 4 - 45) * -42.5", 0],
						"1.0": [0, "Math.cos((query.anim_time) * 90 * 4 - 45) * -42.5", 0]
					}
				},
				"right_cape": {
					"rotation": {
						"0.0": [23.7711, -31.29883, 12.76606],
						"0.25": [38.7711, -31.29883, 12.76606],
						"0.625": [38.87172, -30.93262, -16.29997],
						"1.0": [23.7711, -31.29883, 12.76606]
					}
				},
				"right_cape_lower": {
					"rotation": {
						"0.0": [0, 0, 11],
						"0.25": [-30, 0, 20],
						"0.5833": [3.33333, 0, 16],
						"1.0": [0, 0, 11]
					},
					"position": {
						"0.0": [0, 0.8, 0],
						"1.0": [0, 0.8, 0]
					}
				},
				"right_cape_lower2": {
					"rotation": {
						"0.0": [0, 0, 10],
						"0.25": [-16, 0, 14],
						"0.5833": [21.86469, 3.37567, 3.87443],
						"1.0": [0, 0, 10]
					},
					"position": {
						"0.0": [0, 0.9, 0],
						"0.25": [0, 1.9, 0],
						"1.0": [0, 0.9, 0]
					}
				}
			}
		},
		"animation.megagallade.ground_idle": {
			"loop": true,
			"bones": {
				"leg_left": {
					"rotation": ["-9.9242+Math.cos((query.anim_time) * 90 * 4) * 6", 1.00761, -24.22422],
					"position": [
						"0+Math.cos((query.anim_time) * 90 * 4) * 0.3",
						"0.5+Math.cos((query.anim_time) * 90 * 4) * -0.2",
						"0+Math.cos((query.anim_time) * 90 * 4) * 0.2"
					]
				},
				"leg_left2": {
					"rotation": ["25.7084+Math.cos((query.anim_time) * 90 * 4) * -8", 11.45156, 6.7033]
				},
				"torso": {
					"rotation": ["5+Math.cos((query.anim_time) * 90 * 4 - 90) * -1", -10, "0+Math.cos((query.anim_time) * 90 * 2) * -2"],
					"position": [0, "0+Math.cos((query.anim_time) * 90 * 4 - 30) * 0.3", 0]
				},
				"waist": {
					"rotation": ["10+Math.cos((query.anim_time) * 90 * 4 - 160) * -1", -32.5, "0+Math.cos((query.anim_time) * 90 * 2) * 2"]
				},
				"arm_left": {
					"rotation": [-0.01907, -45.21761, "34.5801+Math.cos((query.anim_time) * 90 * 4 - 90) * -4"]
				},
				"arm_left2": {
					"rotation": [22.67951, "-38.3225+Math.cos((query.anim_time) * 90 * 4 - 180) * -4", 9.32773]
				},
				"arm_blade_left": {
					"position": [-1, 0, 0]
				},
				"arm_blade_left2": {
					"position": [0, 0, 0]
				},
				"hand_left": {
					"rotation": [0.7522, 2.38422, 17.51565]
				},
				"neck": {
					"rotation": ["0+Math.cos((query.anim_time) * 90 * 4 - 160) * 2", 37.5, 0]
				},
				"Head": {
					"rotation": [0, 2.5, -7.5]
				},
				"legs": {
					"rotation": [0, -32.5, 0]
				},
				"leg_right": {
					"rotation": ["-32.831+Math.cos((query.anim_time) * 90 * 4) * 6", 59.9933, 11.24487],
					"position": [0, 0.5, 0]
				},
				"leg_right2": {
					"rotation": ["27.4777+Math.cos((query.anim_time) * 90 * 4) * -3", 1.15408, "-2.2178+Math.cos((query.anim_time) * 90 * 4) * 3"]
				},
				"foot_left": {
					"rotation": ["27.5+Math.cos((query.anim_time) * 90 * 4) * -2", 0, 10]
				},
				"foot_right": {
					"rotation": ["14.9907+Math.cos((query.anim_time) * 90 * 4) * -3", 0.43399, -2.46207]
				},
				"body": {
					"position": [0, "-2.9+Math.cos((query.anim_time) * 90 * 4) * 0.6", "0+Math.cos((query.anim_time) * 90 * 4) * -0.6"]
				},
				"chest": {
					"rotation": [2.5, 0, 0]
				},
				"left_cape": {
					"rotation": ["26.1356+Math.cos((query.anim_time) * 80 * 4 - 150) * -4", 31.81193, -0.3398]
				},
				"left_cape_lower": {
					"rotation": ["-9.5-Math.cos((query.anim_time) * 40 * 4 - 150) * -6", 0, 0],
					"position": [0, 0.2, 0]
				},
				"left_cape_lower2": {
					"rotation": ["-15-Math.cos((query.anim_time) * 90 * 4 - 90) * -12", 0, 0],
					"position": [0, 0.2, 0]
				},
				"arm_right": {
					"rotation": [0, "-18+Math.cos((query.anim_time) * 90 * 4 - 90) * -4", "0+Math.cos((query.anim_time) * 90 * 4 - 90) * -4"]
				},
				"arm_right2": {
					"rotation": [
						"-184.7782+Math.cos((query.anim_time) * 90 * 4 - 90) * -4",
						"18.3033+Math.cos((query.anim_time) * 90 * 4 - 90) * -4",
						"-158.0976+Math.cos((query.anim_time) * 90 * 4 - 90) * -4"
					]
				},
				"right_cape": {
					"rotation": ["37.5245+Math.cos((query.anim_time) * 90 * 4 - 90) * -4", -13.24624, "18.2462+Math.cos((query.anim_time) * 20 * 4 - 40) * -4"]
				},
				"right_cape_lower": {
					"rotation": ["-7.5+Math.cos((query.anim_time) * 20 * 15 + 20) * -4", 0, "0+Math.cos((query.anim_time) * 30 * 4 - 30) * -5"],
					"position": [0, 0.2, 0]
				},
				"right_cape_lower2": {
					"rotation": ["-14-Math.cos((query.anim_time) * 90 * 4 - 20) * -11", 0, 0],
					"position": [0, 0.2, 0]
				}
			}
		},
		"animation.megagallade.faint": {
			"animation_length": 3,
			"bones": {
				"body": {
					"rotation": {
						"0.0": [0, -10, 0],
						"1.875": [0, -10, 0],
						"2.0417": {
							"pre": [9, -10, 0],
							"post": [9, -10, 0],
							"lerp_mode": "catmullrom"
						},
						"2.2083": {
							"post": [75.5, -10, 0],
							"lerp_mode": "catmullrom"
						},
						"2.2917": [87.5, -10, 0]
					},
					"position": {
						"0.0": [0, -1.25, 0],
						"0.125": {
							"pre": [0, -1.25, -0.235],
							"post": [0, -1.25, -0.235],
							"lerp_mode": "catmullrom"
						},
						"0.375": {
							"post": [0, -1.4, -3.93],
							"lerp_mode": "catmullrom"
						},
						"0.625": [0, -1.625, -4.5],
						"0.8333": [0, -2.075, -4.575],
						"1.0": [0, -3.12, -5.07],
						"1.125": {
							"pre": [0, -9.75, -9.07],
							"post": [0, -9.75, -9.07],
							"lerp_mode": "catmullrom"
						},
						"1.2083": {
							"post": [0, -10.325, -10.32],
							"lerp_mode": "catmullrom"
						},
						"1.3333": [0, -9.75, -10.82],
						"1.875": [0, -9.5, -10.82],
						"2.0417": [0, -11, -11.57],
						"2.1667": {
							"pre": [0, -17.25, -15.82],
							"post": [0, -17.25, -15.82],
							"lerp_mode": "catmullrom"
						},
						"2.25": {
							"post": [0, -18.25, -17.32],
							"lerp_mode": "catmullrom"
						},
						"2.4167": [0, -17.25, -17.32]
					},
					"scale": {
						"1.0": [1, 1, 1],
						"1.0833": [0.9, 1.2, 0.9],
						"1.1667": [1.2, 0.9, 1.1],
						"1.25": [1, 1, 1]
					}
				},
				"torso": {
					"rotation": {
						"0.0": [0, 0, 0],
						"0.1667": {
							"pre": [7.5, 12.5, -7.8],
							"post": [7.5, 12.5, -7.8],
							"lerp_mode": "catmullrom"
						},
						"0.2917": {
							"post": [4.71, 13.53, -8.17],
							"lerp_mode": "catmullrom"
						},
						"0.4167": {
							"post": [-6.62, 12, -7],
							"lerp_mode": "catmullrom"
						},
						"0.5": [-6.5, 12.25, -2.25],
						"0.7083": [-2.5, 12.25, 0],
						"1.0417": [-12.5, 12.25, 0],
						"1.2083": {
							"pre": [37.5, 12.25, 0],
							"post": [37.5, 12.25, 0],
							"lerp_mode": "catmullrom"
						},
						"1.4167": {
							"post": [36, 12.25, 0],
							"lerp_mode": "catmullrom"
						},
						"2.0": [14.5, 6.5, 0],
						"2.125": [-13, 6.5, 0],
						"2.25": [0, 0, 0]
					},
					"position": {
						"0.0": {
							"post": [0, -1, 0],
							"lerp_mode": "catmullrom"
						},
						"0.2083": {
							"post": [0, 0.5, 0],
							"lerp_mode": "catmullrom"
						},
						"0.4167": [0, 0.07, 0],
						"0.5833": [0, -0.5, 0],
						"0.7083": [0, "0+Math.cos((query.anim_time) * 90 * 32) * 0.2", 0],
						"1.0833": [0, 0, 0]
					}
				},
				"waist": {
					"rotation": {
						"0.0": [10, 10, 0],
						"0.1667": {
							"pre": [17, 1.26, 5.25],
							"post": [17, 1.26, 5.25],
							"lerp_mode": "catmullrom"
						},
						"0.25": {
							"post": [10, -2.5, 7.5],
							"lerp_mode": "catmullrom"
						},
						"0.375": {
							"post": [5, -3.28, 7.93],
							"lerp_mode": "catmullrom"
						},
						"0.5": {
							"post": [10, -2.5, 2.5],
							"lerp_mode": "catmullrom"
						},
						"0.75": [10, -2.5, 0],
						"1.0": [5, -2.5, 0],
						"1.125": {
							"pre": [-20, -2.5, 0],
							"post": [-20, -2.5, 0],
							"lerp_mode": "catmullrom"
						},
						"1.3333": {
							"post": [15, -2.5, 0],
							"lerp_mode": "catmullrom"
						},
						"1.5": [20, -2.5, 0],
						"2.0": [10, -2.5, 0],
						"2.1667": [-12.5, -2.5, 0],
						"2.2917": [-2.5, -1, 0],
						"2.375": [0, 0, 0],
						"2.5417": [1.5, 0, 0]
					}
				},
				"arm_left": {
					"rotation": {
						"0.0": [11.89031, -33.16347, 21.44785],
						"0.7083": {
							"pre": [9.34604, -33.09786, 37.08167],
							"post": [9.34604, -33.09786, 37.08167],
							"lerp_mode": "catmullrom"
						},
						"0.9167": {
							"post": [0, -46, 52.5],
							"lerp_mode": "catmullrom"
						},
						"1.1667": {
							"post": [0, -32.5, -15],
							"lerp_mode": "catmullrom"
						},
						"1.375": {
							"post": [11.90178, 4.61353, 40.38977],
							"lerp_mode": "catmullrom"
						},
						"1.625": {
							"post": [11.90178, 4.61353, 40.38977],
							"lerp_mode": "catmullrom"
						},
						"2.0417": [12.5, 2.5, 57.5],
						"2.1667": [-7.5, 2.5, 15],
						"2.2917": [-90, 3.5, 15],
						"2.4167": [-90, 6, 17],
						"2.5417": [-90, 1, 15]
					}
				},
				"arm_left2": {
					"rotation": {
						"0.0": [0, -10, 0],
						"0.375": [0, -55, 0],
						"0.8333": [0, -67.5, 0],
						"1.0417": [0, -51.25, 0],
						"1.3333": [-139.19621, -49.92577, -171.43197],
						"1.625": [-151.35605, -41.30002, -188.69974],
						"1.7917": [3, 57.5, -10],
						"2.0833": [23, 59.5, 32.5],
						"2.1667": [23, 59.5, 70],
						"2.2917": [0, 32.5, -12.5]
					}
				},
				"arm_blade_left": {
					"position": {
						"0.0": [0, 0, 0],
						"2.5": [0, 0, 0]
					}
				},
				"neck": {
					"rotation": {
						"0.0": [-7.5, 0, 0],
						"0.125": [5, 0, 0],
						"0.4167": {
							"pre": [-14, 0, 0],
							"post": [-14, 0, 0],
							"lerp_mode": "catmullrom"
						},
						"0.5417": {
							"post": [-13, 0, 0],
							"lerp_mode": "catmullrom"
						},
						"0.625": {
							"post": [8.5, 0, 0],
							"lerp_mode": "catmullrom"
						},
						"1.0": {
							"post": [10, 0, 0],
							"lerp_mode": "catmullrom"
						},
						"1.125": {
							"post": [-22.5, 0, 0],
							"lerp_mode": "catmullrom"
						},
						"1.3333": [5.5, 0, 0],
						"1.4167": [2.875, 0, 0],
						"1.8333": [-20.75, 0, 0],
						"1.9583": [-22.5, 0, 0],
						"2.2083": [-35, 0, 0],
						"2.2917": [-20, -34, 0],
						"2.375": [-17.25, -41.5, 0]
					}
				},
				"eyelid_left": {
					"position": {
						"0.0": [0, 0, 0],
						"0.0833": {"pre": [0, 0, 0], "post": [0, 0, -0.1]},
						"0.5417": {"pre": [0, 0, -0.1], "post": [0, 1.75, -0.1]},
						"1.0": {"pre": [0, 1.75, -0.1], "post": [0, 0, -0.1]},
						"1.5417": {"pre": [0, 0, -0.1], "post": [0, 1.75, -0.1]},
						"2.125": {"pre": [0, 1.75, -0.1], "post": [0, 0, -0.1]}
					}
				},
				"eye_shine_right": {
					"position": {
						"0.0": [0, 0, 0],
						"0.5417": [0, 0, 0]
					}
				},
				"eyelid_right": {
					"position": {
						"0.0": [0, 0, 0],
						"0.0833": {"pre": [0, 0, 0], "post": [0, 0, -0.1]},
						"0.5417": {"pre": [0, 0, -0.1], "post": [0, 1.75, -0.1]},
						"1.0": {"pre": [0, 1.75, -0.1], "post": [0, 0, -0.1]},
						"1.5417": {"pre": [0, 0, -0.1], "post": [0, 1.75, -0.1]},
						"2.125": {"pre": [0, 1.75, -0.1], "post": [0, 0, -0.1]}
					}
				},
				"leg_right": {
					"rotation": {
						"0.0": [-26.41832, 14.76802, 4.58564],
						"0.0833": [-24.2, 14.77, 4.59],
						"0.375": [-5.17, 14.77, 4.59],
						"0.5": [-1.42, 14.77, 4.59],
						"0.6667": [-1.42, 14.77, 4.59],
						"1.0": [-16.42, 14.77, 4.59],
						"1.2083": [33.58, 14.77, 4.59],
						"1.4167": [31.08, 14.77, 4.59],
						"2.0417": [36.08, 14.77, 4.59],
						"2.2083": [53.58, 2.27, 4.59],
						"2.375": [41.08, 2.27, 4.59],
						"2.5417": [-16.42, 2.27, 4.59],
						"2.5833": [-6.42, 2.27, 4.59]
					}
				},
				"leg_right2": {
					"rotation": {
						"0.0": [12.5, 0, 0],
						"0.25": [17.5, 0, 0],
						"0.5417": [12.5, 0, 0],
						"1.0": {
							"pre": [37.5, 0, 0],
							"post": [37.5, 0, 0],
							"lerp_mode": "catmullrom"
						},
						"1.0833": {
							"post": [63.81, 0, 0],
							"lerp_mode": "catmullrom"
						},
						"1.2083": {
							"post": [57.5, 0, 0],
							"lerp_mode": "catmullrom"
						},
						"1.4167": [52.5, 0, 0],
						"1.875": [45, 0, 0],
						"1.9583": [51.25, 0, 0],
						"2.0417": [42.5, 0, 0],
						"2.4583": [55, 0, 0],
						"2.5833": [12.75, 0, 0],
						"2.6667": [10.25, 0, 0]
					}
				},
				"foot_right": {
					"rotation": {
						"0.0": [12.5, 0, 0],
						"0.4167": [20, 0, 0],
						"0.7083": [25, 0, 0],
						"1.0": [25, 0, 0],
						"1.2083": [12.5, 0, 0]
					}
				},
				"leg_left": {
					"rotation": {
						"0.0": [7.98081, 8.08025, -10.12591],
						"0.0833": [4.98, 8.08, -10.13],
						"0.4167": [-19.52, 8.08, -10.13],
						"0.5": [-22.02, 8.08, -10.13],
						"0.7917": [-22.02, 8.08, -10.13],
						"1.0": [-44.52, 8.08, -10.13],
						"1.1667": [-104.52, -16.92, 7.37],
						"1.375": [-102.02, -16.92, 7.37],
						"1.875": [-97.02, -16.92, 7.37],
						"2.0833": [-92.63, -7.91, -11.3],
						"2.2083": [10, -2.5, -22.5],
						"2.3333": [29.5, -2.5, -22.5],
						"2.4583": [17, -2.5, -22.5],
						"2.5417": [-5, -2.5, -22.5]
					},
					"position": {
						"0.0": [0, 0, 0],
						"0.2917": [0, 1.75, 0],
						"0.625": [0, 0, 0]
					}
				},
				"leg_left2": {
					"rotation": {
						"0.0": [12.5, 0, 0],
						"0.2083": [38.71, 0, 0],
						"0.375": [31.2, 0, 0],
						"0.5": [15.68, 0, 0],
						"0.5833": [10, 0, 0],
						"0.7917": [7.5, 0, 0],
						"1.0": [35, 0, 0],
						"1.1667": [70, 0, 0],
						"1.375": [67.5, 0, 0],
						"1.875": [57.5, 0, 0],
						"2.0417": [57.5, 0, 0],
						"2.0833": [156, 0, 0],
						"2.125": [134.5, 0, 0],
						"2.2083": [59, 0, 0],
						"2.4583": [53.25, 0, 0],
						"2.5833": [19, 0, 0],
						"2.7083": [14, 0, 0]
					},
					"position": {
						"2.0417": [0, 0, 0],
						"2.0833": [0, 0, 3],
						"2.1667": [0, 0, 0]
					}
				},
				"foot_left": {
					"rotation": {
						"0.0": [12.5, 0, 0],
						"0.1667": [34.53, 0, 0],
						"0.2917": [37.92, 0, 0],
						"0.5417": [20.11, 0, 0],
						"0.625": [17.5, 0, 0],
						"2.5": [17.5, 0, 0],
						"2.625": [5, 0, 0]
					}
				},
				"left_cape": {
					"rotation": {
						"0.0": [32.5, 0, 0],
						"0.7083": [51.82467, 9.9003, 22.34275]
					}
				},
				"left_cape_lower": {
					"rotation": {
						"0.0": [-7.5, 0, 0],
						"2.4583": [-25, 0, 0],
						"2.8333": [-30, 0, 0]
					}
				},
				"left_cape_lower2": {
					"rotation": {
						"0.0": [-25, 0, 0],
						"2.4167": [32.5, 0, 0],
						"2.8333": [-42.5, 0, 0]
					},
					"position": {
						"0.0": [0, 0, 0],
						"2.8333": [0, 0.2, 0]
					}
				},
				"arm_right": {
					"rotation": {
						"0.0": [0, -62.5, 0],
						"0.6667": [23.25862, -34.89206, -13.11662],
						"1.0": [44.48593, -10.73605, -43.89901],
						"1.625": [47.5088, -33.86414, -10.14253],
						"2.5": [40.47066, -19.37716, 5.36368]
					}
				},
				"arm_right2": {
					"rotation": {
						"0.0": [90, 15, -92.5],
						"0.4167": [153.01339, 9.95471, -175.79908],
						"0.6667": [0, -28.14, 0],
						"1.0": [92.4803, 80.61353, -65.60899],
						"1.625": [0, 35, 0],
						"2.5": [60.29958, 63.88782, -69.92727],
						"2.875": [58.93885, 59.5734, -67.05671]
					}
				},
				"arm_blade_right": {
					"rotation": {
						"0.0": [0, 0, 0],
						"1.0": [0, 0, 0]
					}
				},
				"right_cape": {
					"rotation": {
						"0.0": [22.62113, -12.19908, 21.99054],
						"2.8333": [25.62113, -12.19908, 21.99054]
					}
				},
				"right_cape_lower": {
					"rotation": [-7.5, 0, 0]
				},
				"right_cape_lower2": {
					"rotation": {
						"0.0": [-17.5, 0, 0],
						"2.8333": [-46.5, 0, 0]
					}
				}
			}
		},
		"animation.megagallade.blink": {
			"animation_length": 0.16667,
			"bones": {
				"eyelid_left": {
					"position": {
						"0.0": [0, 0, -0.1],
						"0.125": [0, 0, -0.1],
						"0.1667": [0, 0, 0.1]
					}
				},
				"eyelid_right": {
					"position": {
						"0.0": [0, 0, -0.1],
						"0.125": [0, 0, -0.1],
						"0.1667": [0, 0, 0.1]
					}
				}
			}
		},
		"animation.megagallade.cry": {
			"animation_length": 1.5,
			"bones": {
				"torso": {
					"rotation": {
						"0.0": [0, 0, 0],
						"0.0417": [0, 7, 0],
						"0.125": [0, 0, 0],
						"0.5833": [0, 0, 0],
						"0.6667": [-3.5, 0, 0],
						"0.8333": [4.5, 0, 0],
						"0.9167": [3.91, 0, 0],
						"1.0417": [1.04, 0, 0],
						"1.125": [0, 0, 0]
					}
				},
				"waist": {
					"rotation": {
						"0.0": [0, 0, 0],
						"0.0417": [0, 10, 0],
						"0.1667": [0, 2, 0],
						"0.2917": [0, 0, 0],
						"0.625": [0, 0, 0],
						"0.7083": [-7.5, 0, 0],
						"0.875": [-0.87, 0, 0],
						"0.9583": [0, 0, 0]
					}
				},
				"arm_left": {
					"rotation": {
						"0.0": [0, 0, 0],
						"0.125": [0, 12.5, 0],
						"0.2917": [0, 3.14, 0],
						"0.4167": [0, 0, 0],
						"0.5417": [0, 0, 0],
						"0.7083": [0, -22.5, 0],
						"0.8333": [0, 12.5, 0],
						"0.9167": [-1.91284, -19.09695, -6.1377],
						"1.0417": [0, 161.86, 0],
						"1.1667": [0, 161.86, 0],
						"1.2917": [0, 161.86, 0],
						"1.5": [0, 0, 0]
					}
				},
				"arm_left2": {
					"rotation": {
						"0.4583": [0, 0, 0],
						"0.6667": [0, -22.5, 0],
						"0.7917": [0, 11.5, 0],
						"0.875": [0, 17.5, 0],
						"1.0": [0, 38.22, 0],
						"1.125": [0, 32.22, 0],
						"1.4167": [0, 3.64, 0],
						"1.5": [0, 0, 0]
					}
				},
				"arm_blade_left": {
					"rotation": [0, 0, 0]
				},
				"hand_left": {
					"rotation": {
						"0.0": [0, 0, 0],
						"0.7083": [0, 0, 0],
						"0.875": [0, 0, 35],
						"1.2083": [0, 0, 35],
						"1.375": [0, 0, 4],
						"1.4583": [0, 0, 0]
					}
				},
				"neck": {
					"rotation": {
						"0.0": [0, 0, 0],
						"0.0833": [5, 10.5, 0],
						"0.2083": [-11.5, 2.5, 0],
						"0.3333": [-10.69, 0, 0],
						"0.5417": [1.25, 0, 0],
						"0.625": [2, 0, 0],
						"0.8333": [-7.5, 0, 0],
						"1.0": [4, 0, 0],
						"1.1667": [5.12, 0, 0],
						"1.2917": [3.33, 0, 0],
						"1.4167": [0.48, 0, 0],
						"1.5": [0, 0, 0]
					}
				},
				"eyelid_left": {
					"position": {
						"0.0": [0, 0, -0.1],
						"0.1667": {"pre": [0, 0, -0.1], "post": [0, 0, 0]}
					}
				},
				"eyelid_right": {
					"position": {
						"0.0": [0, 0, -0.1],
						"0.1667": {"pre": [0, 0, -0.1], "post": [0, 0, 0]}
					}
				},
				"mouth_open": {
					"position": {
						"0.0": [0, -0.1, -0.2],
						"0.5": {"pre": [0, -0.1, -0.2], "post": [0, 0, 0]}
					}
				},
				"arm_right2": {
					"rotation": {
						"0.0": [0, 0, -24.5],
						"0.625": [0, -50, -39.29],
						"1.5": [0, 0, 0]
					}
				}
			},
			"sound_effects": {
				"0.0": {
					"effect": "pokemon.gallade.cry"
				}
			}
		}
	}
}