{
	"format_version": "1.8.0",
	"animations": {
		"animation.eternatus.ground_idle": {
			"loop": true,
			"animation_length": 1.75,
			"bones": {
				"eternatus": {
					"rotation": {
						"0.0": [-2.5, 0, 0],
						"0.7917": [8, 0, 0],
						"1.75": [-2.5, 0, 0]
					},
					"position": {
						"0.0": [0, 4, 0],
						"0.5833": [0, 2.7, 0],
						"1.0": [0, 3.46, 0],
						"1.75": [0, 4, 0]
					}
				},
				"tailbone1": {
					"rotation": {
						"0.0": [-12.5, 0, 0],
						"0.5417": [-5, 0, 0],
						"1.0": [-15.34, 0, 0],
						"1.75": [-12.5, 0, 0]
					}
				},
				"tailbone2": {
					"rotation": {
						"0.0": [2.5, 0, 0],
						"0.5417": [15, 0, 0],
						"1.0": [-2.24, 0, 0],
						"1.75": [2.5, 0, 0]
					}
				},
				"tailbone3": {
					"rotation": {
						"0.0": [0, 0, 0],
						"0.5417": [-13.02, 0, 0],
						"1.0": [17.5, 0, 0],
						"1.75": [0, 0, 0]
					}
				},
				"tailbone4": {
					"rotation": {
						"0.0": [5, 0, 0],
						"0.5417": [-14.27, 0, 0],
						"1.0": [-20, 0, 0],
						"1.75": [5, 0, 0]
					}
				},
				"tail": {
					"rotation": {
						"0.0": [5, 0, 0],
						"0.5417": [-38.96, 0, 0],
						"1.0": [17.5, 0, 0],
						"1.75": [5, 0, 0]
					}
				},
				"tail2": {
					"rotation": {
						"0.0": [5, 0, 0],
						"0.5417": [15, 0, 0],
						"1.0": [-37.76, 0, 0],
						"1.75": [5, 0, 0]
					}
				},
				"tail3": {
					"rotation": {
						"0.0": [-10, 0, 0],
						"0.5417": [-6.46, 0, 0],
						"1.0": [-25, 0, 0],
						"1.75": [-10, 0, 0]
					}
				},
				"legupperright": {
					"rotation": {
						"0.0": [0, 0, 57.5],
						"0.8333": [0, -7.5, 57.5],
						"1.75": [0, 0, 57.5]
					}
				},
				"legglowerright": {
					"rotation": {
						"0.0": [0, -37.5, 0],
						"0.8333": [0, -45, 0],
						"1.75": [0, -37.5, 0]
					}
				},
				"legupperleft": {
					"rotation": {
						"0.0": [0, 0, -57.5],
						"0.8333": [0, 0, -62.5],
						"1.75": [0, 0, -57.5]
					}
				},
				"leglowerleft": {
					"rotation": {
						"0.0": [0, 42.5, 0],
						"0.8333": [0, 55, 0],
						"1.75": [0, 42.5, 0]
					}
				},
				"armupperright": {
					"rotation": {
						"0.0": [0, 0, 32.5],
						"0.7917": [0, 0, 42.5],
						"1.75": [0, 0, 32.5]
					}
				},
				"legglowerright2": {
					"rotation": {
						"0.0": [0, 32.5, 0],
						"1.75": [0, 32.5, 0]
					}
				},
				"armupperleft": {
					"rotation": {
						"0.0": [0, 0, -22.5],
						"0.6667": [0, 0, -42.5],
						"1.75": [0, 0, -22.5]
					}
				},
				"legglowerleft": {
					"rotation": {
						"0.0": [0, -20, 0],
						"0.625": [3.61644, -19.6835, -10.62758],
						"1.75": [0, -20, 0]
					}
				},
				"w1": {
					"rotation": {
						"0.0": [-30.90686, -10.58927, -17.06488],
						"0.5833": [-20.90686, -10.58927, -17.06488],
						"1.75": [-30.90686, -10.58927, -17.06488]
					}
				},
				"w2": {
					"rotation": {
						"0.0": [-5, 0, 0],
						"1.125": [-4.98107, 0.43523, 4.98107],
						"1.75": [-5, 0, 0]
					}
				},
				"w3": {
					"rotation": {
						"0.0": [-7.5, 0, 0],
						"1.75": [-7.5, 0, 0]
					}
				},
				"w4": {
					"rotation": {
						"0.0": [-7.5, 0, 0],
						"0.5833": [-17.5, 0, 0],
						"1.125": [-2.86, 0, 0],
						"1.75": [-7.5, 0, 0]
					}
				},
				"w5": {
					"rotation": {
						"0.0": [-5, 0, 0],
						"1.75": [-5, 0, 0]
					}
				},
				"w6": {
					"rotation": {
						"0.0": [15, 0, 0],
						"1.125": [2.4905, 0.21782, -4.99527],
						"1.75": [15, 0, 0]
					}
				},
				"w7": {
					"rotation": {
						"0.0": [17.10967, 3.73171, -11.93845],
						"0.5833": [27.10967, 3.73171, -11.93845],
						"1.125": [7.46681, 3.73171, -11.93845],
						"1.75": [17.10967, 3.73171, -11.93845]
					}
				},
				"w8": {
					"rotation": {
						"0.0": [-15, 0, 12.5],
						"1.75": [-15, 0, 12.5]
					}
				},
				"w9": {
					"rotation": {
						"0.0": [0, 0, -12.5],
						"0.5833": [-22.5, 0, -12.5],
						"1.125": [17.94643, 0, -12.5],
						"1.75": [0, 0, -12.5]
					}
				},
				"w23": {
					"rotation": {
						"0.0": [0, 0, -2.5],
						"1.75": [0, 0, -2.5]
					}
				},
				"w24": {
					"rotation": {
						"0.0": [0, 0, 5],
						"1.75": [0, 0, 5]
					}
				},
				"w10": {
					"rotation": {
						"0.0": [40.23749, -4.55749, -5.96275],
						"0.7917": [52.63324, -4.55749, -5.96275],
						"1.75": [40.23749, -4.55749, -5.96275]
					}
				},
				"w11": {
					"rotation": {
						"0.0": [0, 0, -5],
						"0.4167": [-6.05263, 0, -5],
						"0.7917": [7.5, 0, -5],
						"1.75": [0, 0, -5]
					}
				},
				"w12": {
					"rotation": {
						"0.0": [-10, 0, 0],
						"0.7917": [-20, 0, 0],
						"1.75": [-10, 0, 0]
					}
				},
				"w13": {
					"rotation": {
						"0.0": [12.5, 0, 2.5],
						"0.4167": [31.57895, 0, 2.5],
						"0.7917": [25, 0, 2.5],
						"1.75": [12.5, 0, 2.5]
					}
				},
				"w14": {
					"rotation": {
						"0.0": [17.5, 0, -2.5],
						"0.7917": [25, 0, -2.5],
						"1.75": [17.5, 0, -2.5]
					}
				},
				"w15": {
					"rotation": {
						"0.0": [0, 0, 5],
						"0.7917": [-37.5, 0, 5],
						"1.75": [0, 0, 5]
					}
				},
				"w16": {
					"rotation": {
						"0.0": [-20, 0, 5],
						"0.7917": [-5, 0, 5],
						"1.75": [-20, 0, 5]
					}
				},
				"w17": {
					"rotation": {
						"0.0": [-20, 0, 0],
						"0.7917": [-12.5, 0, 0],
						"1.75": [-20, 0, 0]
					}
				},
				"w18": {
					"rotation": {
						"0.0": [-15, 0, 0],
						"0.7917": [-27.5, 0, 0],
						"1.0833": [-43.7, 0, 0],
						"1.75": [-15, 0, 0]
					}
				},
				"w20": {
					"rotation": {
						"0.0": [-12.5, 0, 0],
						"0.7917": [20, 0, 0],
						"1.0833": [25.11, 0, 0],
						"1.75": [-12.5, 0, 0]
					}
				},
				"w21": {
					"rotation": {
						"0.0": [0.65426, 4.95712, 7.52832],
						"0.7917": [-19.34574, 4.95712, 7.52832],
						"1.75": [0.65426, 4.95712, 7.52832]
					}
				},
				"core": {
					"rotation": {
						"0.0": [0, 12.5, 0],
						"0.75": [0, 360, 0],
						"1.75": [0, 12.5, 0]
					},
					"position": {
						"0.0": [0, 0, 0],
						"0.2917": [2.3, 0.13, 0],
						"0.4583": [0, 0.2, 0],
						"0.5833": [-0.7, 0.12, 0],
						"1.0417": [0, -0.19, 0],
						"1.2917": [2.8, -0.12, 0],
						"1.4583": [2.68, -0.08, 0],
						"1.6667": [1.07, -0.62, 0],
						"1.75": [0, 0, 0]
					}
				},
				"neck1": {
					"rotation": {
						"0.0": [-7.5, 0, 0],
						"0.7917": [-15, 0, 0],
						"1.125": [-2.39, 0, 0],
						"1.75": [-7.5, 0, 0]
					}
				},
				"neck2": {
					"rotation": {
						"0.0": [7.5, 0, 0],
						"0.7917": [17.5, 0, 0],
						"1.125": [6.52, 0, 0],
						"1.75": [7.5, 0, 0]
					}
				},
				"head": {
					"rotation": {
						"0.0": [5, 0, 0],
						"0.7917": [-5, 0, 0],
						"1.75": [5, 0, 0]
					}
				},
				"faceplate": {
					"rotation": {
						"0.0": [2.5, 0, 0],
						"0.75": [-2.5, 0, 0],
						"1.75": [2.5, 0, 0]
					}
				},
				"bone5": {
					"rotation": [0, 0, 0]
				},
				"mouth": {
					"rotation": {
						"0.0": [-7.5, 0, 0],
						"0.4583": [-1.58, 0, 0],
						"0.7917": [-27.5, 0, 0],
						"1.0833": [-31.41, 0, 0],
						"1.4583": [-0.46, 0, 0],
						"1.75": [-7.5, 0, 0]
					}
				},
				"righthand": {
					"rotation": [0, 5, 0]
				},
				"lefthand": {
					"rotation": {
						"0.0": [0, -12.5, 0],
						"1.75": [0, -12.5, 0]
					}
				}
			}
		},
		"animation.eternatus.battle_idle": {
			"loop": true,
			"animation_length": 1.75,
			"bones": {
				"eternatus": {
					"rotation": {
						"0.0": [-2.5, 0, 0],
						"0.7917": [8, 0, 0],
						"1.75": [-2.5, 0, 0]
					},
					"position": {
						"0.0": [0, 11, 0],
						"0.5833": [0, 5, 0],
						"1.0": [0, 7, 0],
						"1.75": [0, 11, 0]
					}
				},
				"tailbone1": {
					"rotation": {
						"0.0": [-12.5, 0, 0],
						"0.5417": [-5, 0, 0],
						"1.0": [-15.34, 0, 0],
						"1.75": [-12.5, 0, 0]
					}
				},
				"tailbone2": {
					"rotation": {
						"0.0": [2.5, 0, 0],
						"0.5417": [15, 0, 0],
						"1.0": [-2.24, 0, 0],
						"1.75": [2.5, 0, 0]
					}
				},
				"tailbone3": {
					"rotation": {
						"0.0": [0, 0, 0],
						"0.5417": [-13.02, 0, 0],
						"1.0": [17.5, 0, 0],
						"1.75": [0, 0, 0]
					}
				},
				"tailbone4": {
					"rotation": {
						"0.0": [5, 0, 0],
						"0.5417": [-14.27, 0, 0],
						"1.0": [-20, 0, 0],
						"1.75": [5, 0, 0]
					}
				},
				"tail": {
					"rotation": {
						"0.0": [5, 0, 0],
						"0.5417": [-38.96, 0, 0],
						"1.0": [17.5, 0, 0],
						"1.75": [5, 0, 0]
					}
				},
				"tail2": {
					"rotation": {
						"0.0": [5, 0, 0],
						"0.5417": [15, 0, 0],
						"1.0": [-37.76, 0, 0],
						"1.75": [5, 0, 0]
					}
				},
				"tail3": {
					"rotation": {
						"0.0": [-10, 0, 0],
						"0.5417": [-6.46, 0, 0],
						"1.0": [-25, 0, 0],
						"1.75": [-10, 0, 0]
					}
				},
				"legupperright": {
					"rotation": {
						"0.0": [0, 0, 57.5],
						"0.875": [0, 15.37471, 57.5],
						"1.75": [0, 0, 57.5]
					}
				},
				"legglowerright": {
					"rotation": {
						"0.0": [0, -37.5, 0],
						"0.8333": [0, -45, 0],
						"1.75": [0, -37.5, 0]
					}
				},
				"legupperleft": {
					"rotation": {
						"0.0": [0, 0, -57.5],
						"0.8333": [0, 0, -62.5],
						"1.75": [0, 0, -57.5]
					}
				},
				"leglowerleft": {
					"rotation": {
						"0.0": [0, 42.5, 0],
						"0.8333": [0, 55, 0],
						"1.75": [0, 42.5, 0]
					}
				},
				"armupperright": {
					"rotation": {
						"0.0": [0, 0, 32.5],
						"0.7917": [0, 0, 42.5],
						"1.75": [0, 0, 32.5]
					}
				},
				"legglowerright2": {
					"rotation": {
						"0.0": [0, 32.5, 0],
						"1.75": [0, 32.5, 0]
					}
				},
				"armupperleft": {
					"rotation": {
						"0.0": [0, 0, -22.5],
						"0.6667": [0, 0, -42.5],
						"1.75": [0, 0, -22.5]
					}
				},
				"legglowerleft": {
					"rotation": {
						"0.0": [0, -20, 0],
						"0.625": [3.61644, -19.6835, -10.62758],
						"1.75": [0, -20, 0]
					}
				},
				"w1": {
					"rotation": {
						"0.0": [-30.90686, -10.58927, -17.06488],
						"0.5833": [-20.90686, -10.58927, -17.06488],
						"1.75": [-30.90686, -10.58927, -17.06488]
					}
				},
				"w2": {
					"rotation": {
						"0.0": [-5, 0, 0],
						"1.125": [-4.98107, 0.43523, 4.98107],
						"1.75": [-5, 0, 0]
					}
				},
				"w3": {
					"rotation": {
						"0.0": [-7.5, 0, 0],
						"1.75": [-7.5, 0, 0]
					}
				},
				"w4": {
					"rotation": {
						"0.0": [-7.5, 0, 0],
						"0.5833": [-17.5, 0, 0],
						"1.125": [-2.86, 0, 0],
						"1.75": [-7.5, 0, 0]
					}
				},
				"w5": {
					"rotation": {
						"0.0": [-5, 0, 0],
						"1.75": [-5, 0, 0]
					}
				},
				"w6": {
					"rotation": {
						"0.0": [15, 0, 0],
						"1.125": [2.4905, 0.21782, -4.99527],
						"1.75": [15, 0, 0]
					}
				},
				"w7": {
					"rotation": {
						"0.0": [17.10967, 3.73171, -11.93845],
						"0.5833": [27.10967, 3.73171, -11.93845],
						"1.125": [7.46681, 3.73171, -11.93845],
						"1.75": [17.10967, 3.73171, -11.93845]
					}
				},
				"w8": {
					"rotation": {
						"0.0": [-15, 0, 12.5],
						"1.75": [-15, 0, 12.5]
					}
				},
				"w9": {
					"rotation": {
						"0.0": [0, 0, -12.5],
						"0.5833": [-22.5, 0, -12.5],
						"1.125": [17.94643, 0, -12.5],
						"1.75": [0, 0, -12.5]
					}
				},
				"w23": {
					"rotation": {
						"0.0": [0, 0, -2.5],
						"1.75": [0, 0, -2.5]
					}
				},
				"w24": {
					"rotation": {
						"0.0": [0, 0, 5],
						"1.75": [0, 0, 5]
					}
				},
				"w10": {
					"rotation": {
						"0.0": [40.23749, -4.55749, -5.96275],
						"0.7917": [52.63324, -4.55749, -5.96275],
						"1.75": [40.23749, -4.55749, -5.96275]
					}
				},
				"w11": {
					"rotation": {
						"0.0": [0, 0, -5],
						"0.4167": [-6.05263, 0, -5],
						"0.7917": [7.5, 0, -5],
						"1.75": [0, 0, -5]
					}
				},
				"w12": {
					"rotation": {
						"0.0": [-10, 0, 0],
						"0.7917": [-20, 0, 0],
						"1.75": [-10, 0, 0]
					}
				},
				"w13": {
					"rotation": {
						"0.0": [12.5, 0, 2.5],
						"0.4167": [31.57895, 0, 2.5],
						"0.7917": [25, 0, 2.5],
						"1.75": [12.5, 0, 2.5]
					}
				},
				"w14": {
					"rotation": {
						"0.0": [17.5, 0, -2.5],
						"0.7917": [25, 0, -2.5],
						"1.75": [17.5, 0, -2.5]
					}
				},
				"w15": {
					"rotation": {
						"0.0": [0, 0, 5],
						"0.7917": [-37.5, 0, 5],
						"1.75": [0, 0, 5]
					}
				},
				"w16": {
					"rotation": {
						"0.0": [-20, 0, 5],
						"0.7917": [-5, 0, 5],
						"1.75": [-20, 0, 5]
					}
				},
				"w17": {
					"rotation": {
						"0.0": [-20, 0, 0],
						"0.7917": [-12.5, 0, 0],
						"1.75": [-20, 0, 0]
					}
				},
				"w18": {
					"rotation": {
						"0.0": [-15, 0, 0],
						"0.7917": [-27.5, 0, 0],
						"1.0833": [-43.7, 0, 0],
						"1.75": [-15, 0, 0]
					}
				},
				"w20": {
					"rotation": {
						"0.0": [-12.5, 0, 0],
						"0.7917": [20, 0, 0],
						"1.0833": [25.11, 0, 0],
						"1.75": [-12.5, 0, 0]
					}
				},
				"w21": {
					"rotation": {
						"0.0": [0.65426, 4.95712, 7.52832],
						"0.7917": [-19.34574, 4.95712, 7.52832],
						"1.75": [0.65426, 4.95712, 7.52832]
					}
				},
				"core": {
					"rotation": {
						"0.0": [0, 12.5, 0],
						"0.75": [0, 360, 0],
						"1.75": [0, 12.5, 0]
					},
					"position": {
						"0.0": [0, 0, 0],
						"0.2917": [2.3, 0.13, 0],
						"0.4583": [0, 0.2, 0],
						"0.5833": [-0.7, 0.12, 0],
						"1.0417": [0, -0.19, 0],
						"1.2917": [2.8, -0.12, 0],
						"1.4583": [2.68, -0.08, 0],
						"1.6667": [1.07, -0.62, 0],
						"1.75": [0, 0, 0]
					}
				},
				"neck1": {
					"rotation": {
						"0.0": [-7.5, 0, 0],
						"0.7917": [-12.5, 0, 0],
						"1.125": [-3.26, 0, 0],
						"1.75": [-7.5, 0, 0]
					}
				},
				"neck2": {
					"rotation": {
						"0.0": [7.5, 0, 0],
						"0.7917": [10, 0, 0],
						"1.125": [-3.37, 0, 0],
						"1.75": [7.5, 0, 0]
					}
				},
				"head": {
					"rotation": {
						"0.0": [5, 0, 0],
						"0.7917": [-5, 0, 0],
						"1.75": [5, 0, 0]
					}
				},
				"faceplate": {
					"rotation": {
						"0.0": [2.5, 0, 0],
						"0.875": [0, 0, 0],
						"1.75": [2.5, 0, 0]
					}
				},
				"bone5": {
					"rotation": [0, 0, 0]
				},
				"mouth": {
					"rotation": {
						"0.0": [-7.5, 0, 0],
						"0.4583": [-1.58, 0, 0],
						"0.7917": [-27.5, 0, 0],
						"1.0833": [-31.41, 0, 0],
						"1.4583": [-0.46, 0, 0],
						"1.75": [-7.5, 0, 0]
					}
				},
				"righthand": {
					"rotation": [0, 5, 0]
				},
				"lefthand": {
					"rotation": {
						"0.0": [0, -12.5, 0],
						"1.75": [0, -12.5, 0]
					}
				},
				"mouth1": {
					"rotation": {
						"0.0": [-15.82623, 4.58309, -3.31428],
						"0.75": [2.37305, 12.59417, -0.34891],
						"1.75": [-15.82623, 4.58309, -3.31428]
					}
				},
				"mouth2": {
					"rotation": {
						"0.0": [-16.50482, -9.76792, 2.36416],
						"0.75": [2.39296, -7.0628, -7.6425],
						"1.75": [-16.50482, -9.76792, 2.36416]
					}
				}
			}
		},
		"animation.eternatus.ground_walk": {
			"loop": true,
			"animation_length": 2.5,
			"bones": {
				"eternatus": {
					"rotation": {
						"0.0": [-2.5, 0, 0],
						"0.4167": [-2.50238, 2.49762, -0.10912],
						"1.2083": [-2.56395, -12.30947, 0.54725],
						"2.0417": [-2.51926, 3.38961, -0.14715],
						"2.4583": [-2.5, 0, 0]
					},
					"position": {
						"0.0": [0, 4, 0],
						"0.5833": [0, 2.7, 3],
						"1.0": [0, 3.46, 0],
						"2.4583": [0, 4, 0]
					}
				},
				"tailbone1": {
					"rotation": {
						"0.0": [-12.5, 0, 0],
						"0.5833": [-14.81412, 16.95219, -4.40958],
						"1.0": [-15.85436, -14.45373, 4.05463],
						"2.0417": [-13.77631, 12.8858, -2.95857],
						"2.4583": [-12.5, 0, 0]
					}
				},
				"tailbone2": {
					"rotation": {
						"0.0": [2.5, 0, 0],
						"0.5417": [16.47027, -24.09293, -6.8817],
						"1.0": [2.74069, 7.49424, -0.29482],
						"2.0417": [2.60372, 9.63359, 0.25574],
						"2.4583": [2.5, 0, 0]
					}
				},
				"tailbone3": {
					"rotation": {
						"0.0": [0, 0, 0],
						"0.5417": [-13.6288, 17.03616, -4.06313],
						"1.0": [17.64168, -7.15102, -2.26708],
						"1.625": [10.18718, 7.77947, 0.4234],
						"2.0417": [5.22507, 15.38778, 0.92249],
						"2.4583": [0, 0, 0]
					}
				},
				"tailbone4": {
					"rotation": {
						"0.0": [5, 0, 0],
						"0.5417": [-14.75179, 14.52682, -3.77874],
						"1.0": [-22.30998, -25.71543, 10.09541],
						"2.0417": [-2.82389, 10.13197, 2.02853],
						"2.4583": [5, 0, 0]
					}
				},
				"tail": {
					"rotation": {
						"0.0": [5, 0, 0],
						"0.5417": [-14.04089, 12.3495, -1.94907],
						"1.0": [17.89807, -11.91276, -3.81397],
						"1.625": [9.83801, -28.089, -5.23796],
						"2.4583": [5, 0, 0]
					}
				},
				"tail2": {
					"rotation": {
						"0.0": [5, 0, 0],
						"0.5417": [2.5, 0, 0],
						"1.0": [-8.13166, 17.33464, -2.43777],
						"2.4583": [5, 0, 0]
					}
				},
				"tail3": {
					"rotation": {
						"0.0": [-10, 0, 0],
						"0.5417": [-6.46, 0, 0],
						"1.0": [-25, 0, 0],
						"2.4583": [-10, 0, 0]
					}
				},
				"legupperright": {
					"rotation": {
						"0.0": [0, 0, 57.5],
						"0.7917": [0, -35, 57.5],
						"2.4583": [0, 0, 57.5]
					}
				},
				"legglowerright": {
					"rotation": {
						"0.0": [0, -37.5, 0],
						"0.8333": [0, -45, 0],
						"2.4583": [0, -37.5, 0]
					}
				},
				"legupperleft": {
					"rotation": {
						"0.0": [0, 0, -57.5],
						"0.75": [-40, 30, -57],
						"2.4583": [0, 0, -57.5]
					}
				},
				"leglowerleft": {
					"rotation": {
						"0.0": [0, 42.5, 0],
						"0.8333": [0, 55, 0],
						"2.4583": [0, 42.5, 0]
					}
				},
				"armupperright": {
					"rotation": {
						"0.0": [0, 0, 32.5],
						"0.7917": [0, -55, 42.5],
						"2.4583": [0, 0, 32.5]
					}
				},
				"legglowerright2": {
					"rotation": {
						"0.0": [0, 32.5, 0],
						"0.7917": [0, -32.5, 0],
						"1.75": [0, 32.5, 0]
					}
				},
				"armupperleft": {
					"rotation": {
						"0.0": [0, 0, -22.5],
						"0.625": [0, 30, -22.5],
						"2.4583": [0, 0, -22.5]
					}
				},
				"legglowerleft": {
					"rotation": {
						"0.0": [0, -20, 0],
						"0.625": [4.45935, 40.1946, -6.52665],
						"0.7917": [4.69564, 46.23661, -4.13921],
						"2.4583": [0, -20, 0]
					}
				},
				"w1": {
					"rotation": {
						"0.0": [-30.90686, -10.58927, -17.06488],
						"0.5833": [-20.90686, -10.58927, -17.06488],
						"2.4583": [-30.90686, -10.58927, -17.06488]
					}
				},
				"w2": {
					"rotation": {
						"0.0": [-5, 0, 0],
						"1.125": [-4.98107, 0.43523, 4.98107],
						"2.4583": [-5, 0, 0]
					}
				},
				"w3": {
					"rotation": {
						"0.0": [-7.5, 0, 0],
						"2.4583": [-7.5, 0, 0]
					}
				},
				"w4": {
					"rotation": {
						"0.0": [-7.5, 0, 0],
						"0.5833": [-17.5, 0, 0],
						"1.125": [-2.86, 0, 0],
						"2.4583": [-7.5, 0, 0]
					}
				},
				"w5": {
					"rotation": {
						"0.0": [-5, 0, 0],
						"0.5833": [12.5, 0, 0],
						"1.1667": [-18.75, 0, 0],
						"2.4583": [-5, 0, 0]
					}
				},
				"w6": {
					"rotation": {
						"0.0": [15, 0, 0],
						"1.125": [2.4905, 0.21782, -4.99527],
						"2.4583": [15, 0, 0]
					}
				},
				"w7": {
					"rotation": {
						"0.0": [17.10967, 3.73171, -11.93845],
						"0.5833": [27.10967, 3.73171, -11.93845],
						"1.125": [7.46681, 3.73171, -11.93845],
						"2.4583": [17.10967, 3.73171, -11.93845]
					}
				},
				"w8": {
					"rotation": {
						"0.0": [-15, 0, 12.5],
						"2.4583": [-15, 0, 12.5]
					}
				},
				"w9": {
					"rotation": {
						"0.0": [0, 0, -12.5],
						"0.5833": [-22.5, 0, -12.5],
						"1.125": [17.94643, 0, -12.5],
						"2.4583": [0, 0, -12.5]
					}
				},
				"w23": {
					"rotation": {
						"0.0": [0, 0, -2.5],
						"2.4583": [0, 0, -2.5]
					}
				},
				"w24": {
					"rotation": {
						"0.0": [0, 0, 5],
						"1.75": [0, 0, 5]
					}
				},
				"w10": {
					"rotation": {
						"0.0": [40.23749, -4.55749, -5.96275],
						"0.7917": [52.63324, -4.55749, -5.96275],
						"2.4583": [40.23749, -4.55749, -5.96275]
					}
				},
				"w11": {
					"rotation": {
						"0.0": [0, 0, -5],
						"0.4167": [-6.05263, 0, -5],
						"0.7917": [7.5, 0, -5],
						"2.4583": [0, 0, -5]
					}
				},
				"w12": {
					"rotation": {
						"0.0": [-10, 0, 0],
						"0.7917": [-20, 0, 0],
						"2.4583": [-10, 0, 0]
					}
				},
				"w13": {
					"rotation": {
						"0.0": [12.5, 0, 2.5],
						"0.4167": [31.57895, 0, 2.5],
						"0.7917": [25, 0, 2.5],
						"2.4583": [12.5, 0, 2.5]
					}
				},
				"w14": {
					"rotation": {
						"0.0": [17.5, 0, -2.5],
						"0.7917": [25, 0, -2.5],
						"1.75": [17.5, 0, -2.5]
					}
				},
				"w15": {
					"rotation": {
						"0.0": [0, 0, 5],
						"0.7917": [-37.5, 0, 5],
						"1.75": [0, 0, 5]
					}
				},
				"w16": {
					"rotation": {
						"0.0": [-20, 0, 5],
						"0.7917": [-22.5, 0, 5],
						"1.75": [-20, 0, 5]
					}
				},
				"w17": {
					"rotation": {
						"0.0": [-20, 0, 0],
						"0.4583": [-12.5, 0, 0],
						"1.0417": [18.04, 0, 0],
						"1.75": [-20, 0, 0]
					}
				},
				"w18": {
					"rotation": {
						"0.0": [-15, 0, 0],
						"0.7917": [-27.5, 0, 0],
						"1.0417": [-6.39, 0, 0],
						"1.75": [-15, 0, 0]
					}
				},
				"w20": {
					"rotation": {
						"0.0": [-12.5, 0, 0],
						"0.7917": [20, 0, 0],
						"1.0833": [25.11, 0, 0],
						"1.75": [-12.5, 0, 0]
					}
				},
				"w21": {
					"rotation": {
						"0.0": [0.65426, 4.95712, 7.52832],
						"0.7917": [-19.34574, 4.95712, 7.52832],
						"1.75": [0.65426, 4.95712, 7.52832]
					}
				},
				"core": {
					"rotation": {
						"0.0": [0, 12.5, 0],
						"0.75": [0, 360, 0],
						"1.75": [0, 12.5, 0]
					},
					"position": {
						"0.0": [0, 0, 0],
						"0.2917": [2.3, 0.13, 0],
						"0.4583": [0, 0.2, 0],
						"0.5833": [-0.7, 0.12, 0],
						"1.0417": [0, -0.19, 0],
						"1.2917": [2.8, -0.12, 0],
						"1.4583": [2.68, -0.08, 0],
						"1.6667": [1.07, -0.62, 0],
						"1.75": [0, 0, 0]
					}
				},
				"neck1": {
					"rotation": {
						"0.0": [-7.5, 0, 0],
						"0.7917": [-7.97532, 19.82169, -2.71994],
						"1.1667": [-2.84674, 16.65033, -0.7476],
						"2.0417": [-5.99167, -4.57451, 0.80202],
						"2.4583": [-7.5, 0, 0]
					}
				},
				"neck2": {
					"rotation": {
						"0.0": [7.5, 0, 0],
						"0.7917": [-2.53852, -9.99038, 0.44067],
						"1.125": [-9.01555, -19.77218, 3.07226],
						"2.0417": [2.49361, -21.16563, 0.31111],
						"2.4583": [7.5, 0, 0]
					}
				},
				"head": {
					"rotation": {
						"0.0": [5, 0, 0],
						"0.7917": [-5, 0, 0],
						"1.125": [13.48, 0, 0],
						"1.75": [5, 0, 0],
						"2.0417": [5.07673, 9.96156, 0.88045]
					}
				},
				"faceplate": {
					"rotation": {
						"0.0": [2.5, 0, 0],
						"0.75": [-2.5, 0, 0],
						"1.75": [2.5, 0, 0]
					}
				},
				"bone5": {
					"rotation": [0, 0, 0]
				},
				"mouth": {
					"rotation": {
						"0.0": [-7.5, 0, 0],
						"0.875": [-35, 0, 0],
						"1.75": [-7.5, 0, 0]
					}
				},
				"righthand": {
					"rotation": {
						"0.0": [0, 5, 0],
						"0.7917": [0, -20, 0],
						"1.75": [0, 5, 0]
					}
				},
				"lefthand": {
					"rotation": {
						"0.0": [0, -12.5, 0],
						"0.7917": [0, 12.5, 0],
						"2.4583": [0, -12.5, 0]
					}
				}
			}
		},
		"animation.eternatus.faint": {
			"animation_length": 4.5,
			"bones": {
				"eternatus": {
					"rotation": {
						"0.0": [-5, 0, 0],
						"0.5": [-15, 0, 0],
						"0.75": [-24.62, 0, 0],
						"1.0": [-22.98, 0, 0],
						"1.5833": [-2.5, 0, 0],
						"2.0": [5, 0, 0],
						"2.125": [-2.5, 0, 0]
					},
					"position": {
						"0.0": [0, 0, 0],
						"0.5": [0, 0, -9],
						"0.75": [0, 2.54, -7.62],
						"1.5833": [0, -9, -3],
						"1.9167": [0, -16.15, -3],
						"2.125": [0, -19, -3]
					}
				},
				"bonetorsoupper1": {
					"rotation": {
						"0.0": [0, 0, 2.5],
						"0.5": [0, 0, -40],
						"1.6667": [0, 0, -7.5]
					}
				},
				"redmemright": {
					"rotation": [0, 0, 2.5],
					"scale": [0.97, 1, 1]
				},
				"redmemleft": {
					"rotation": {
						"0.0": [0, 0, 0],
						"0.5": [0, 0, 42.5],
						"1.6667": [0, 0, 7.5]
					},
					"scale": [0.96, 1, 1]
				},
				"bonetorsoupper6": {
					"rotation": {
						"0.0": [0, 0, -2.5],
						"0.5": [0, -1.46, 37.5],
						"1.6667": [-180.73012, -178.73564, -172.50806]
					}
				},
				"bonetorsoupper2": {
					"rotation": {
						"0.0": [0, 0, 2.5],
						"0.5": [0, 0, -37.5],
						"1.6667": [0, 0, -2.5]
					}
				},
				"bonetorsoupper7": {
					"rotation": {
						"0.0": [0, 0, 2],
						"0.5": [0, 0, 42],
						"1.6667": [0, 0, 7]
					}
				},
				"bonetorsoupper8": {
					"rotation": {
						"0.0": [0, 0, 0],
						"0.5": [0, 0, 42.5],
						"1.6667": [0, 0, 7.5]
					}
				},
				"bonetorsoupper9": {
					"rotation": {
						"0.0": [0, 0, -1],
						"0.5": [0, 0, 41.5],
						"1.6667": [0, 0, 6.5]
					}
				},
				"bontorsolower9": {
					"rotation": [0, 0, 1]
				},
				"bonetorsoupper10": {
					"rotation": {
						"0.0": [0, 0, 1],
						"0.5": [0, 0, 38.5],
						"1.6667": [0, 0, 6]
					}
				},
				"tailbone1": {
					"rotation": {
						"0.6667": [17.5, 0, 0],
						"1.3333": [-2.5, 0, 0]
					}
				},
				"tailbone2": {
					"rotation": {
						"0.0": [-10, 0, 0],
						"0.6667": [7.5, 0, 0]
					}
				},
				"tailbone3": {
					"rotation": {
						"0.0": [10, 0, 0],
						"0.6667": [-10, 0, 0],
						"1.3333": [-2.5, 0, 0],
						"2.125": [-12.5, 0, 0]
					}
				},
				"tailbone4": {
					"rotation": {
						"0.0": [-17.5, 0, 0],
						"0.6667": [-2.5, 0, 0],
						"1.3333": [2.5, 0, 0]
					}
				},
				"tail": {
					"rotation": {
						"0.0": [17.5, 0, 0],
						"0.6667": [40, 0, 0],
						"1.3333": [15, 0, 0],
						"2.125": [5, 0, 0]
					}
				},
				"tail2": {
					"rotation": {
						"0.6667": [-22.5, 0, 0],
						"2.125": [-5, 0, 0]
					}
				},
				"tail3": {
					"rotation": [12.5, 0, 0]
				},
				"legupperright": {
					"rotation": {
						"0.0": [0, 0, 57.5],
						"1.0": [0, -20, 57.5],
						"2.0": [13.54652, -13.79761, 12.34338],
						"2.5417": [11.06517, -16.76559, 23.36446]
					}
				},
				"legglowerright": {
					"rotation": {
						"0.0": [0, -72.5, 0],
						"2.0": [-50.60795, -54.89118, 43.57563]
					}
				},
				"legupperleft": {
					"rotation": {
						"0.0": [0, 0, -52.5],
						"1.0": [0, 25, -40],
						"1.0417": [202.22364, 154.15357, -229.22064],
						"1.125": [193.93707, 153.61741, -226.08895],
						"1.2917": [155.91022, 144.99131, -194.05041],
						"2.0417": [155.19632, 150.7331, -196.55256],
						"2.5417": [170.93841, 156.60104, -198.11977]
					}
				},
				"leglowerleft": {
					"rotation": {
						"0.0": [0, 52.5, 0],
						"1.0": [-102.83069, 46.54119, -58.87031],
						"2.0417": [-68.61014, 45.36331, -21.61481]
					}
				},
				"armupperright": {
					"rotation": {
						"0.0": [0, 0, 50],
						"2.0": [0, 0, 3.2],
						"2.5417": [0, 0, 35]
					}
				},
				"legglowerright2": {
					"rotation": {
						"0.0": [-8.63197, 40.42966, -25.68155],
						"2.5417": [18.86803, 40.42966, -25.68155]
					}
				},
				"righthand": {
					"rotation": [-10, 0, 0]
				},
				"armupperleft": {
					"rotation": {
						"0.0": [0, 0, -27.5],
						"2.0": [0, 0, -10]
					}
				},
				"legglowerleft": {
					"rotation": {
						"0.0": [0, -37.5, 0],
						"2.5417": [9.42961, -36.46498, -15.61249]
					}
				},
				"lefthand": {
					"rotation": [0, -7.5, 0]
				},
				"wingbaseleft": {
					"rotation": {
						"0.0": [10, 0, 0],
						"0.5": [9.76758, 2.15393, -12.31594]
					}
				},
				"upperwingleft": {
					"rotation": {
						"0.0": [0, 0, 0],
						"0.5": [32.5, 0, -12.5],
						"0.7917": [20, 0, -12.5],
						"1.2083": [20.27836, -14.85064, -14.63565],
						"1.9583": [10.8868, -16.23265, -35.35388]
					}
				},
				"w1": {
					"rotation": {
						"0.0": [-20, 0, 0],
						"0.5": [-35, 0, 0],
						"0.7917": [-40, 0, 0],
						"1.2083": [-40, 0, 0]
					}
				},
				"w2": {
					"rotation": {
						"0.0": [0, 0, -12.5],
						"0.2917": [-16.91564, 7.0394, -21.45254],
						"0.5": [-3.28396, 12.06754, -27.84721],
						"0.7917": [16.78656, 2.08353, -27.27688],
						"1.9583": [16.74976, 0.12542, -12.19777]
					}
				},
				"w3": {
					"rotation": {
						"0.0": [-15, 0, 0],
						"0.2917": [2.37123, 5.63263, -1.52424],
						"0.5": [-15.22074, 9.65594, -2.61298],
						"0.7917": [-17.68483, 3.20552, -24.31862]
					}
				},
				"w4": {
					"rotation": {
						"0.0": [0, 0, -12.5],
						"0.5": [0, 0, -20],
						"0.7917": [0, 0, -17.5],
						"1.0417": [-27.5, 0, -17.5],
						"1.375": [-17.5, 0, -17.5]
					}
				},
				"w5": {
					"rotation": {
						"0.0": [-10, 0, 12.5],
						"0.2917": [17.13391, 11.48204, 10.39041],
						"0.5": [-10.62758, 19.6835, 8.88356],
						"0.7917": [-21.77336, 4.78886, -40.18917],
						"1.0833": [-47.32061, 41.75253, -97.52582],
						"1.375": [-45.60199, 12.38366, -94.5585],
						"1.6667": [-47.3002, -22.39989, -66.91424],
						"1.9583": [-48.45324, 29.05153, -109.94378]
					}
				},
				"w6": {
					"rotation": {
						"0.0": [2.5, 0, -22.5],
						"0.2917": [-12.61088, -0.55793, -9.38625],
						"0.5": [2.30991, -0.95645, -0.01928]
					}
				},
				"w7": {
					"rotation": {
						"0.0": [-12.5, 0, 0],
						"0.5": [-12.39638, -1.61888, -7.32417],
						"0.7917": [-9.97528, -7.57131, -36.83829],
						"1.2083": [-12.42125, -37.03161, -30.60974],
						"1.9583": [-10.22033, 14.5889, -40.76602]
					}
				},
				"w8": {
					"rotation": {
						"0.0": [10, 0, 0],
						"0.5": [9.96271, 0.86717, -4.92442]
					}
				},
				"w9": {
					"rotation": {
						"0.0": [2.5, 0, 0],
						"0.2917": [-22.52213, 0.25316, -5.82789],
						"0.5": [2.46207, 0.43399, -9.99067],
						"0.7917": [2.16541, 1.2497, -29.97638]
					}
				},
				"w23": {
					"rotation": {
						"0.0": [-17.5, 0, 0],
						"0.5": [-17.10967, -3.73171, -11.93845],
						"0.7917": [-13.57875, -11.14485, -38.66901],
						"1.5": [-23.09958, 14.5508, -23.04635]
					}
				},
				"w24": {
					"rotation": {
						"0.0": [-10, 0, 0],
						"0.5": [-9.6658, -2.57594, -14.78217],
						"0.7917": [-7.96341, -6.06809, -37.07723]
					}
				},
				"wingbaseright": {
					"rotation": {
						"0.0": [0, 0, 0],
						"0.5": [15, 0, 0]
					}
				},
				"upperwingright": {
					"rotation": {
						"0.0": [7.5, 0, 0],
						"0.5": [-5.40908, 0.84466, 14.98189],
						"0.7917": [-6.02681, -13.56467, 19.20619],
						"1.2083": [13.97319, -13.56467, 19.20619],
						"1.9583": [2.94727, -12.0696, 60.61214]
					}
				},
				"w10": {
					"rotation": {
						"0.0": [5, 0, 0],
						"0.5": [4.76968, 1.50179, -17.43745],
						"0.7917": [4.92442, -0.86717, 9.96271],
						"1.2083": [14.92442, -0.86717, 9.96271]
					}
				},
				"w11": {
					"rotation": {
						"0.0": [-7.5, 0, 0],
						"0.5": [-7.32417, 1.61888, 12.39638],
						"0.7917": [20.17583, 1.61888, 12.39638],
						"1.2083": [40.17583, 1.61888, 12.39638],
						"2.0417": [65.17583, 1.61888, 12.39638]
					}
				},
				"w12": {
					"rotation": {
						"0.0": [20, 0, 0],
						"0.2917": [-5.36747, 2.96249, -8.24409],
						"0.5": [19.37006, 5.07855, -14.13272],
						"0.7917": [41.87006, 5.07855, -14.13272],
						"1.2083": [14.37006, 5.07855, -14.13272]
					}
				},
				"w13": {
					"rotation": {
						"0.0": [-12.5, 0, 0],
						"0.5": [-12.31594, 2.15393, 9.76758],
						"0.7917": [-29.81594, 2.15393, 9.76758],
						"1.2083": [-54.81594, 2.15393, 9.76758],
						"2.0417": [1.92372, -12.16164, -87.43539]
					}
				},
				"w14": {
					"rotation": {
						"0.0": [35, 0, 0],
						"0.5": [35.93866, -12.2403, -8.73739],
						"0.7917": [37.67774, 1.35371, -26.79207]
					}
				},
				"w15": {
					"rotation": {
						"0.0": [10, 0, 0],
						"0.2917": [22.77696, 10.04836, 1.82809],
						"0.5": [10.47479, 17.22575, 3.13388],
						"0.7917": [-7.02521, 17.22575, 3.13388],
						"1.2083": [0.47479, 17.22575, 3.13388],
						"1.5": [-22.02521, 17.22575, 3.13388]
					}
				},
				"w16": {
					"rotation": {
						"0.0": [-20, 0, 0],
						"0.5": [-20.28356, 9.39129, -3.45118],
						"0.7917": [-10.28356, 9.39129, -3.45118],
						"1.2083": [-30.28356, 9.39129, -3.45118],
						"2.0417": [-36.59089, -13.79926, -33.14877]
					}
				},
				"w17": {
					"rotation": {
						"0.0": [-22.5, 0, 0],
						"0.5": [-22.67458, -6.92618, 2.88419],
						"0.7917": [-45.17458, -6.92618, 2.88419]
					}
				},
				"w18": {
					"rotation": {
						"0.0": [35, 0, 0],
						"0.2917": [-3.08223, 12.9645, 9.69782],
						"0.5": [38.28761, 22.22485, 16.62484],
						"0.7917": [50.78761, 22.22485, 16.62484],
						"1.2083": [58.28761, 22.22485, 16.62484],
						"1.5": [-31.71239, 22.22485, 16.62484],
						"2.0417": [-38.02843, -1.31975, -16.53407]
					}
				},
				"w20": {
					"rotation": {
						"0.0": [10, 0, 0],
						"0.5": [10.08453, 7.38542, 1.30962],
						"0.7917": [-27.41547, 7.38542, 1.30962],
						"2.0417": [-26.58325, -10.13641, -31.98611]
					}
				},
				"w21": {
					"rotation": {
						"0.0": [-27.5, 0, 0],
						"0.7917": [-22.5, 0, 0]
					}
				},
				"core": {
					"rotation": {
						"0.0": [0, 5, 0],
						"0.5": [0, 360, 0],
						"0.7917": [0, -5362.5, 0],
						"1.0417": [0, -15300, 0],
						"1.5833": [-84.03725, -15484.55749, 1477.26251]
					},
					"position": {
						"0.0": [0, 0, 0],
						"0.7917": [0, 0, 0],
						"1.0417": [0, 1.1, 0],
						"1.9583": [0, 9.1, 0]
					},
					"scale": {
						"0.0": [1, 1, 1],
						"0.5417": [1, 1.3, 1],
						"0.625": [1.68, 1.1667, 0.975],
						"0.7083": [1, 1.0333, 1.45],
						"0.75": [1.46, 0.9667, 0.755],
						"0.7917": [1, 0.9, 1],
						"0.875": [1, 0.8333, 0.72],
						"0.9583": [1.29, 0.2867, 0.86],
						"1.0": [1.145, 0.2833, 0.93],
						"1.0417": [1, 0.7, 1],
						"1.5833": [1, 0, 1],
						"1.8333": [0.3, 0, 0.2]
					}
				},
				"neck1": {
					"rotation": {
						"0.0": [10, 0, 0],
						"0.25": [0, 0, 0],
						"0.75": [17.5, 0, 0],
						"1.0": [-35, 0, 0],
						"1.4583": [4.91, 0, 0],
						"2.125": [20, 0, 0]
					}
				},
				"neck2": {
					"rotation": {
						"0.0": [-5, 0, 0],
						"0.25": [-17.5, 0, 0],
						"0.75": [-10, 0, 0],
						"1.0": [12.5, 0, 0],
						"1.4583": [28.51834, -1.21944, -7.02779],
						"1.9167": [-20.15082, -2.43888, -14.05557],
						"2.125": [-9.54589, -2.99318, -17.25002]
					}
				},
				"head": {
					"rotation": {
						"0.0": [5, 0, 0],
						"0.5": [25, 0, 0],
						"0.75": [15, 0, 0],
						"1.4583": [-0.78836, -1.82616, 10.0338],
						"2.125": [-14.51082, -3.84097, -14.51082]
					}
				},
				"faceplate": {
					"rotation": {
						"0.0": [5, 0, 0],
						"0.5": [-12.5, 0, 0],
						"0.75": [-5, 0, 0],
						"1.0": [5, 0, 0]
					}
				},
				"mouth": {
					"rotation": {
						"0.0": [-27.5, 0, 0],
						"0.5": [-10, 0, 0],
						"1.0": [44.5, 0, 0],
						"1.375": [32, 0, 0],
						"2.125": [-39.59, 0, 0],
						"2.2917": [-28, 0, 0]
					}
				},
				"mouth1": {
					"rotation": {
						"0.0": [0, 0, 0],
						"0.5": [0, -35, 0],
						"1.0": [2.5, 15, 0]
					}
				},
				"mouth2": {
					"rotation": {
						"0.0": [0, 0, 2.5],
						"0.5": [5.63455, 37.25029, 9.6474],
						"1.25": [0, -15, 2.5]
					}
				}
			}
		},
		"animation.eternatus.cry": {
			"animation_length": 3.33333,
			"bones": {
				"faceplate": {
					"rotation": {
						"0.0": [0, 0, 0],
						"0.25": [-9.06, 0, 0],
						"1.0": [-12.5, 0, 0],
						"2.0": [-4.64, 0, 0],
						"3.3333": [0, 0, 0]
					}
				},
				"mouth": {
					"rotation": {
						"0.0": [-27.5, 0, 0],
						"0.2083": [55, 0, 0],
						"1.0": [11.5, 0, 0],
						"1.8333": [-15.17, 0, 0],
						"2.5": [-27.5, 0, 0]
					}
				},
				"mouth1": {
					"rotation": [0, 0, 0]
				}
			},
			"sound_effects": {
				"0.125": {
					"effect": "eternatus.mp3"
				}
			}
		}
	}
}