{
	"species": "cobblemon:darmanitan",
	"order": 1,
	"variations": [
		{
			"aspects": [],
			"poser": "cobblemon:darmanitan",
			"model": "cobblemon:darmanitan.geo",
			"texture": "cobblemon:textures/pokemon/darmanitan/darmanitan.png",
			"layers": [
				{
					"name": "glow",
					"texture": "cobblemon:textures/pokemon/darmanitan/darmanitan_emissive.png",
					"emissive": true
				  }
			]
		},
		{
			"aspects": [ "shiny" ],
			"texture": "cobblemon:textures/pokemon/darmanitan/darmanitan_shiny.png",
			"layers": [
				{
					"name": "glow",
					"texture": "cobblemon:textures/pokemon/darmanitan/darmanitan_emissive.png",
					"emissive": true
				  }
			]
		}
	]
}