{
    "criteria": {
      "defeat_all_sevensages": {
        "conditions": {
          "count": -1,
          "entity": {
            "type": null
          },
          "trainer_ids": [],
          "trainer_type": "sevensages"
        },
        "trigger": "rctmod:defeat_count"
      }
    },
    "display": {
      "announce_to_chat": true,
      "background": null,
      "description": {
        "text": "Find and Defeat all Plasma Seven Sages"
      },
      "frame": "challenge",
      "hidden": true,
      "icon": {
        "id": "cobblemon:ultra_ball"
      },
      "show_toast": true,
      "title": {
        "text": "Seven Sages Defeated"
      }
    },
    "parent": "rctmod:trainers/defeat_any",
    "requirements": [
      [
        "defeat_all_sevensages"
      ]
    ]
  }