{
    "parent": "rctmod:trainers/defeat_pokespe_silver",
    "display": {
      "title": {
        "text": "The Evolver"
      },
      "description": {
        "text": "Defeat Trainer Green"
      },
      "icon": {
        "id": "cobblemon:poke_ball"
      },
      "announce_to_chat": true,
      "show_toast": true,
      "hidden": false,
      "frame": "goal"
    },
    "criteria": {
      "first_defeat": {
        "conditions": {
          "trainer_ids": ["pokespe_green"]
        },
        "trigger": "rctmod:defeat_count"
      }
    },
    "requirements": [
      [
        "first_defeat"
      ]
    ]
  }