{
  "parent": "rctmod:trainers/defeat_hoennleader_norman",
  "display": {
    "title": {
      "text": "Feather Badge"
    },
    "description": {
      "text": "Defeat Leader Winona"
    },
    "icon": {
      "id": "cobblemonpokemonbadges:feather_badge"
    },
    "announce_to_chat": true,
    "show_toast": true,
    "hidden": false,
    "frame": "goal"
  },
  "criteria": {
    "first_defeat": {
      "conditions": {
        "trainer_ids": ["hoennleader_winona"]
      },
      "trigger": "rctmod:defeat_count"
    }
  },
  "requirements": [
    [
      "first_defeat"
    ]
  ]
}