{
  "parent": "rctmod:trainers/defeat_kalosleader_clemont",
  "display": {
    "title": {
      "text": "Fairy Badge"
    },
    "description": {
      "text": "Defeat Leader Valerie"
    },
    "icon": {
      "id": "cobblemonpokemonbadges:fairy_badge_kalos"
    },
    "announce_to_chat": true,
    "show_toast": true,
    "hidden": false,
    "frame": "goal"
  },
  "criteria": {
    "first_defeat": {
      "conditions": {
        "trainer_ids": ["kalosleader_valerie"]
      },
      "trigger": "rctmod:defeat_count"
    }
  },
  "requirements": [
    [
      "first_defeat"
    ]
  ]
}