{
  "parent": "rctmod:trainers/defeat_aqua_grunt_male_ray",
  "display": {
    "title": {
      "text": "Defeat Aqua Grunt Octo"
    },
    "description": {
      "text": "Defeat Aqua Grunt Octo"
    },
    "icon": {
      "id": "cobblemon:azure_ball"
    },
    "announce_to_chat": true,
    "show_toast": true,
    "hidden": false,
    "frame": "goal"
  },
  "criteria": {
    "first_defeat": {
      "conditions": {
        "trainer_ids": ["aqua_grunt_female_octo"]
      },
      "trigger": "rctmod:defeat_count"
    }
  },
  "requirements": [
    [
      "first_defeat"
    ]
  ]
}