{
  "parent": "rctmod:trainers/defeat_hoennelitefour_phoebe",
  "display": {
    "title": {
      "text": "Hoenn Elite Four Glacia"
    },
    "description": {
      "text": "Defeat Hoenn Elite Four Glacia"
    },
    "icon": {
      "id": "cobblemon:ultra_ball"
    },
    "announce_to_chat": true,
    "show_toast": true,
    "hidden": false,
    "frame": "goal"
  },
  "criteria": {
    "first_defeat": {
      "conditions": {
        "trainer_ids": ["hoennelitefour_glacia"]
      },
      "trigger": "rctmod:defeat_count"
    }
  },
  "requirements": [
    [
      "first_defeat"
    ]
  ]
}