{
  "parent": "rctmod:trainers/defeat_pokespe_blake",
  "display": {
    "title": {
      "text": "White, The Dreamer"
    },
    "description": {
      "text": "Defeat Trainer White"
    },
    "icon": {
      "id": "cobblemon:great_ball"
    },
    "announce_to_chat": true,
    "show_toast": true,
    "hidden": false,
    "frame": "goal"
  },
  "criteria": {
    "first_defeat": {
      "conditions": {
        "trainer_ids": ["pokespe_white"]
      },
      "trigger": "rctmod:defeat_count"
    }
  },
  "requirements": [
    [
      "first_defeat"
    ]
  ]
}