{
  "parent": "rctmod:trainers/defeat_unovaleader_elesa",
  "display": {
    "title": {
      "text": "Quake Badge"
    },
    "description": {
      "text": "Defeat Leader Clay"
    },
    "icon": {
      "id": "cobblemonpokemonbadges:quake_badge"
    },
    "announce_to_chat": true,
    "show_toast": true,
    "hidden": false,
    "frame": "goal"
  },
  "criteria": {
    "first_defeat": {
      "conditions": {
        "trainer_ids": ["unovaleader_clay"]
      },
      "trigger": "rctmod:defeat_count"
    }
  },
  "requirements": [
    [
      "first_defeat"
    ]
  ]
}