{
  "parent": "rctmod:trainers/defeat_any",
  "display": {
    "title": {
      "text": "Coal Badge"
    },
    "description": {
      "text": "Defeat Leader Roark"
    },
    "icon": {
      "id": "cobblemonpokemonbadges:coal_badge"
    },
    "announce_to_chat": true,
    "show_toast": true,
    "hidden": false,
    "frame": "goal"
  },
  "criteria": {
    "first_defeat": {
      "conditions": {
        "trainer_ids": ["sinnohleader_roark"]
      },
      "trigger": "rctmod:defeat_count"
    }
  },
  "requirements": [
    [
      "first_defeat"
    ]
  ]
}