{
  "parent": "rctmod:trainers/defeat_kaloselitefour_wikstrom",
  "display": {
    "title": {
      "text": "Kalos Elite Four Drasna"
    },
    "description": {
      "text": "Defeat Kalos Elite Four Drasna"
    },
    "icon": {
      "id": "cobblemon:ultra_ball"
    },
    "announce_to_chat": true,
    "show_toast": true,
    "hidden": false,
    "frame": "goal"
  },
  "criteria": {
    "first_defeat": {
      "conditions": {
        "trainer_ids": ["kaloselitefour_drasna"]
      },
      "trigger": "rctmod:defeat_count"
    }
  },
  "requirements": [
    [
      "first_defeat"
    ]
  ]
}