{
  "parent": "rctmod:trainers/defeat_any",
  "display": {
    "title": {
      "text": "The Healer"
    },
    "description": {
      "text": "Defeat Trainer Yellow"
    },
    "icon": {
      "id": "cobblemon:poke_ball"
    },
    "announce_to_chat": true,
    "show_toast": true,
    "hidden": false,
    "frame": "goal"
  },
  "criteria": {
    "first_defeat": {
      "conditions": {
        "trainer_ids": ["pokespe_yellow"]
      },
      "trigger": "rctmod:defeat_count"
    }
  },
  "requirements": [
    [
      "first_defeat"
    ]
  ]
}