{
  "parent": "rctmod:trainers/defeat_hoennleader_wattson",
  "display": {
    "title": {
      "text": "Heat Badge"
    },
    "description": {
      "text": "Defeat Leader Flannery"
    },
    "icon": {
      "id": "cobblemonpokemonbadges:heat_badge"
    },
    "announce_to_chat": true,
    "show_toast": true,
    "hidden": false,
    "frame": "goal"
  },
  "criteria": {
    "first_defeat": {
      "conditions": {
        "trainer_ids": ["hoennleader_flannery"]
      },
      "trigger": "rctmod:defeat_count"
    }
  },
  "requirements": [
    [
      "first_defeat"
    ]
  ]
}