{
  "parent": "rctmod:trainers/defeat_pokespe_white",
  "display": {
    "title": {
      "text": "Black, The Dreamer"
    },
    "description": {
      "text": "Defeat Trainer Black"
    },
    "icon": {
      "id": "cobblemon:great_ball"
    },
    "announce_to_chat": true,
    "show_toast": true,
    "hidden": false,
    "frame": "goal"
  },
  "criteria": {
    "first_defeat": {
      "conditions": {
        "trainer_ids": ["pokespe_black"]
      },
      "trigger": "rctmod:defeat_count"
    }
  },
  "requirements": [
    [
      "first_defeat"
    ]
  ]
}