{
    "criteria": {
      "defeat_all_neoteamplasma": {
        "conditions": {
          "count": -1,
          "entity": {
            "type": null
          },
          "trainer_ids": [],
          "trainer_type": "neoteamplasma"
        },
        "trigger": "rctmod:defeat_count"
      }
    },
    "display": {
      "announce_to_chat": true,
      "background": null,
      "description": {
        "text": "Defeat all Neo Team Plasma members"
      },
      "frame": "challenge",
      "hidden": true,
      "icon": {
        "id": "cobblemon:poke_ball"
      },
      "show_toast": true,
      "title": {
        "text": "Neo Team Plasma Defeated"
      }
    },
    "parent": "rctmod:trainers/defeat_all_teamplasma",
    "requirements": [
      [
        "defeat_all_neoteamplasma"
      ]
    ]
  }