{
	"format_version": "1.12.0",
	"minecraft:geometry": [
		{
			"description": {
				"identifier": "geometry.corsola_tube",
				"texture_width": 128,
				"texture_height": 128,
				"visible_bounds_width": 3,
				"visible_bounds_height": 2.5,
				"visible_bounds_offset": [0, 0.75, 0]
			},
			"bones": [
				{
					"name": "corsola",
					"pivot": [0, 0, 0]
				},
				{
					"name": "head",
					"parent": "corsola",
					"pivot": [0, 0, 0],
					"cubes": [
						{"origin": [-7.79758, -1.33853, -1.88207], "size": [4, 5, 4], "inflate": -1, "pivot": [-4.5, 0, 0], "rotation": [-0.62918, 0.77438, 17.13299], "uv": [0, 59]},
						{"origin": [-7.79758, -0.73853, 3.41793], "size": [4, 5, 4], "inflate": -1, "pivot": [-4.5, 0, 0], "rotation": [9.37082, 0.77438, 17.13299], "uv": [0, 59]},
						{"origin": [-7, 3.8, -7], "size": [14, 8, 14], "inflate": -0.6, "uv": [0, 0]},
						{"origin": [-7, 1, -7], "size": [14, 13, 14], "inflate": -1.1, "uv": [0, 0]},
						{"origin": [3.79758, -0.73853, 3.41793], "size": [4, 5, 4], "inflate": -1, "pivot": [4.5, 0, 0], "rotation": [9.37082, -0.77438, -17.13299], "uv": [0, 59], "mirror": true},
						{"origin": [4.3, -0.6, -7.9], "size": [4, 5, 4], "inflate": -1, "pivot": [5, 1, -3.8], "rotation": [-20.384, -0.211, -21.96018], "uv": [48, 52]},
						{"origin": [-8.3, -0.6, -7.9], "size": [4, 5, 4], "inflate": -1, "pivot": [-5, 1, -3.8], "rotation": [-20.384, 0.211, 21.96018], "uv": [48, 52], "mirror": true},
						{"origin": [-5.9, 8.5, -4.5], "size": [4, 11, 4], "inflate": -1, "pivot": [-3.3, 9.8, -2.4], "rotation": [14.99736, -26.99922, -17.17804], "uv": [32, 44]},
						{"origin": [0.6, 6.7, -4.2], "size": [4, 11, 4], "inflate": -1, "pivot": [-3.3, 9.8, -2.4], "rotation": [5.82261, -30.10288, 1.87487], "uv": [32, 44]},
						{"origin": [-4.2, 9.4, -6.5], "size": [4, 11, 4], "inflate": -0.6, "pivot": [-3.3, 9.8, -2.4], "rotation": [15.82261, -30.10288, 1.87487], "uv": [32, 44]},
						{"origin": [2, 7.5, -6.5], "size": [4, 11, 4], "inflate": -0.76, "pivot": [2, 9.8, -2.4], "rotation": [-161.17064, -51.85456, 177.37351], "uv": [32, 44]},
						{"origin": [3.7, 8.8, 0.1], "size": [4, 11, 4], "inflate": -0.5, "pivot": [2, 9.8, -2.4], "rotation": [-171.17064, -51.85456, 177.37351], "uv": [32, 44]},
						{"origin": [0.7, 7.8, -4.2], "size": [4, 11, 4], "inflate": -1, "pivot": [-3.3, 9.8, 0.7], "rotation": [34.07503, 10.87939, 1.65162], "uv": [32, 44]},
						{"origin": [-3.3, 7.5, -5.1], "size": [4, 11, 4], "inflate": -1, "pivot": [-3.3, 9.8, 0.7], "rotation": [17.07503, 10.87939, 1.65162], "uv": [32, 44]},
						{"origin": [-0.8, 8.8, -7], "size": [4, 11, 4], "pivot": [2, 9.8, -0.4], "rotation": [-14.9325, 63.83702, 3.68049], "uv": [32, 44]},
						{"origin": [-3.3, 7.5, -0.7], "size": [4, 11, 4], "inflate": -1, "pivot": [-3.3, 9.8, 2.7], "rotation": [-162.55232, -22.87412, 178.2396], "uv": [32, 44]},
						{"origin": [-4.2, 9.4, -4.5], "size": [4, 11, 4], "inflate": -0.6, "pivot": [-3.3, 9.8, -0.4], "rotation": [-163.76734, 18.10868, 178.29353], "uv": [32, 44]},
						{"origin": [0.3, 7.6, 3.2], "size": [4, 11, 4], "inflate": -0.8, "pivot": [2, 9.8, 0.7], "rotation": [-81.24346, -69.50988, 88.55982], "uv": [32, 44]},
						{"origin": [0.3, 7.6, 5.9], "size": [4, 11, 4], "inflate": -1.2, "pivot": [2, 9.8, 3.4], "rotation": [-79.32223, -55.76238, 103.87065], "uv": [32, 44]},
						{"origin": [2.1, 10.4, -3.8], "size": [4, 11, 4], "inflate": -0.6, "pivot": [2, 9.8, 0.3], "rotation": [-158.3795, -48.85751, 177.53439], "uv": [32, 44]},
						{"origin": [1, 6.7, -1.5], "size": [4, 11, 4], "inflate": -1, "pivot": [-3.3, 9.8, 0.3], "rotation": [5.7055, -33.10122, 1.93626], "uv": [32, 44]},
						{"origin": [1.4, 7.2, -6.9], "size": [4, 11, 4], "inflate": -1, "pivot": [-2.5, 10.3, -5.1], "rotation": [5.82261, -30.10288, 1.87487], "uv": [32, 44]},
						{"origin": [2.8, 8, -9.2], "size": [4, 11, 4], "inflate": -0.6, "pivot": [2.8, 10.3, -5.1], "rotation": [-161.17064, -51.85456, 177.37351], "uv": [32, 44]},
						{"origin": [0.7, 11.2, -1.6], "size": [4, 11, 4], "inflate": -0.86, "pivot": [-2.5, 12.2, -2.4], "rotation": [5.7055, -33.10122, 1.93626], "uv": [32, 44]},
						{"origin": [-0.6, 6.6, -4.5], "size": [4, 11, 4], "inflate": -1, "pivot": [2, 7.9, -2.4], "rotation": [167.146, -51.24227, -155.14308], "uv": [32, 44]},
						{"origin": [2.8, 9.4, -6.9], "size": [4, 11, 4], "inflate": -1, "pivot": [-1.1, 10.3, -5.1], "rotation": [116.9978, -57.54216, -94.54465], "uv": [32, 44]},
						{"origin": [-0.6, 8.2, -7.6], "size": [4, 11, 4], "inflate": -1, "pivot": [3.4, 7.9, -2.4], "rotation": [178.68134, 19.77521, -166.93123], "uv": [32, 44]},
						{"origin": [4.2, 8, -9.2], "size": [4, 11, 4], "inflate": -0.6, "pivot": [4.2, 10.3, -5.1], "rotation": [168.77064, 17.69419, -172.87435], "uv": [32, 44]},
						{"origin": [3.79758, -1.33853, -1.88207], "size": [4, 5, 4], "inflate": -1, "pivot": [4.5, 0, 0], "rotation": [-0.62918, -0.77438, -17.13299], "uv": [0, 59], "mirror": true}
					]
				},
				{
					"name": "face",
					"parent": "head",
					"pivot": [-2.6, 8.9, -7.1]
				},
				{
					"name": "eye",
					"parent": "face",
					"pivot": [-2.6, 8.9, -7.1],
					"cubes": [
						{"origin": [-2.5, 9.3, -6.51], "size": [1, 1, 1], "inflate": -0.1, "uv": [3, 10]},
						{"origin": [-2.5, 9.1, -6.51], "size": [1, 1, 1], "inflate": -0.1, "uv": [3, 10]},
						{"origin": [1, 7.6, -6.708], "size": [2, 3, 1], "inflate": -0.3, "uv": [1, 3], "mirror": true}
					]
				},
				{
					"name": "eye2",
					"parent": "face",
					"pivot": [2.6, 8.9, -7.1],
					"cubes": [
						{"origin": [1.5, 9.3, -6.51], "size": [1, 1, 1], "inflate": -0.1, "uv": [3, 10], "mirror": true},
						{"origin": [1.5, 9.1, -6.51], "size": [1, 1, 1], "inflate": -0.1, "uv": [3, 10], "mirror": true},
						{"origin": [-3, 7.6, -6.708], "size": [2, 3, 1], "inflate": -0.3, "uv": [1, 3]}
					]
				},
				{
					"name": "mouth",
					"parent": "face",
					"pivot": [-2.3, 2.3, -6.5],
					"rotation": [0, 0, -180],
					"cubes": [
						{"origin": [-3.9, -1.6, -6.71], "size": [3, 1, 1], "inflate": -0.3, "pivot": [-2.3, 2.3, -6.5], "rotation": [0, 0, 22.5], "uv": [0, 2]},
						{"origin": [-8.5, -1.6, -6.71], "size": [3, 1, 1], "inflate": -0.3, "pivot": [-7.1, 2.3, -6.5], "rotation": [0, 0, -22.5], "uv": [0, 2], "mirror": true}
					]
				}
			]
		}
	]
}