{
	"format_version": "1.12.0",
	"minecraft:geometry": [
		{
			"description": {
				"identifier": "geometry.corsola_horn",
				"texture_width": 128,
				"texture_height": 128,
				"visible_bounds_width": 3,
				"visible_bounds_height": 3.5,
				"visible_bounds_offset": [0, 1.25, 0]
			},
			"bones": [
				{
					"name": "corsola",
					"pivot": [0, 0, 0]
				},
				{
					"name": "head",
					"parent": "corsola",
					"pivot": [0, 0, 0],
					"cubes": [
						{"origin": [-7.79758, -1.33853, -1.88207], "size": [4, 5, 4], "inflate": -1, "pivot": [-4.5, 0, 0], "rotation": [-0.62918, 0.77438, 17.13299], "uv": [0, 59]},
						{"origin": [-7.79758, -0.73853, 3.41793], "size": [4, 5, 4], "inflate": -1, "pivot": [-4.5, 0, 0], "rotation": [9.37082, 0.77438, 17.13299], "uv": [0, 59]},
						{"origin": [-7, 3.8, -7], "size": [14, 8, 14], "inflate": -0.6, "uv": [0, 0]},
						{"origin": [-7, 8.9, -6.6], "size": [14, 3, 13], "inflate": -0.7, "pivot": [0, 12, 0], "rotation": [-14, 0, 0], "uv": [1, 1]},
						{"origin": [-5, 11, -5.8], "size": [10, 7, 2], "inflate": -0.7, "pivot": [0, 12, 0], "rotation": [-4, 0, 0], "uv": [12, 12]},
						{"origin": [-3, 16, -5.8], "size": [6, 3, 2], "inflate": -0.9, "pivot": [0, 12, 0], "rotation": [-4, 0, 0], "uv": [12, 12]},
						{"origin": [-7, 1, -7], "size": [14, 13, 14], "inflate": -1.1, "uv": [0, 0]},
						{"origin": [3.79758, -0.73853, 3.41793], "size": [4, 5, 4], "inflate": -1, "pivot": [4.5, 0, 0], "rotation": [9.37082, -0.77438, -17.13299], "uv": [0, 59], "mirror": true},
						{"origin": [4.3, -0.6, -7.9], "size": [4, 5, 4], "inflate": -1, "pivot": [5, 1, -3.8], "rotation": [-20.384, -0.211, -21.96018], "uv": [48, 52]},
						{"origin": [-8.3, -0.6, -7.9], "size": [4, 5, 4], "inflate": -1, "pivot": [-5, 1, -3.8], "rotation": [-20.384, 0.211, 21.96018], "uv": [48, 52], "mirror": true},
						{"origin": [-2.7, 8.5, -2.9], "size": [4, 11, 4], "inflate": -1, "pivot": [-1.2, 9.8, 1.1], "rotation": [-16.3266, 76.38811, -38.35679], "uv": [32, 44]},
						{"origin": [3.79758, -1.33853, -1.88207], "size": [4, 5, 4], "inflate": -1, "pivot": [4.5, 0, 0], "rotation": [-0.62918, -0.77438, -17.13299], "uv": [0, 59], "mirror": true},
						{"origin": [2.71719, 19.45758, -14.99908], "size": [4, 7, 4], "inflate": -1.56, "pivot": [5.3, 16.2, -6.8], "rotation": [-81.02711, -25.95392, 7.52747], "uv": [32, 44], "mirror": true},
						{"origin": [0.8, 8.5, -6.4], "size": [4, 11, 4], "inflate": -1, "pivot": [3.3, 9.8, -2.4], "rotation": [20.76362, -3.21375, 8.41107], "uv": [32, 44], "mirror": true},
						{"origin": [2.01719, 15.15758, -9.09908], "size": [4, 7, 4], "inflate": -1.2, "pivot": [5.3, 16.2, -6.8], "rotation": [-15.27401, -10.13756, 8.53192], "uv": [32, 44], "mirror": true},
						{"origin": [-1.5, 11.5, 4.2], "size": [4, 8, 4], "inflate": -1, "pivot": [1.3, 9.8, 6], "rotation": [137.17615, -74.41637, -117.93885], "uv": [32, 44], "mirror": true},
						{"origin": [3.21719, 15.75758, -0.49908], "size": [4, 7, 4], "inflate": -1.2, "pivot": [3.3, 16.2, 1.6], "rotation": [-23.05387, -47.56492, 12.50005], "uv": [32, 44], "mirror": true},
						{"origin": [-3.4, 11.5, -0.3], "size": [4, 8, 4], "inflate": -1, "pivot": [-0.9, 9.8, 1.6], "rotation": [39.46914, -55.87225, -25.02569], "uv": [32, 44], "mirror": true},
						{"origin": [-2.18281, 15.55758, -3.49908], "size": [4, 7, 4], "inflate": -1.2, "pivot": [1.1, 16.2, -2.8], "rotation": [-15.12374, -9.1486, 8.50675], "uv": [32, 44], "mirror": true},
						{"origin": [2.01719, 18.15758, -11.59908], "size": [4, 7, 4], "inflate": -1.4, "pivot": [5.3, 16.2, -6.8], "rotation": [-50.51834, -18.04618, 8.83562], "uv": [32, 44], "mirror": true},
						{"origin": [-6.71719, 19.45758, -14.99908], "size": [4, 7, 4], "inflate": -1.56, "pivot": [-5.3, 16.2, -6.8], "rotation": [-81.02711, 25.95392, -7.52747], "uv": [32, 44]},
						{"origin": [-6.01719, 18.15758, -11.59908], "size": [4, 7, 4], "inflate": -1.4, "pivot": [-5.3, 16.2, -6.8], "rotation": [-50.51834, 18.04618, -8.83562], "uv": [32, 44]},
						{"origin": [-9.31719, 15.15758, -8.09908], "size": [4, 7, 4], "inflate": -1.2, "pivot": [-3.2, 16.2, -3.3], "rotation": [-79.58336, 80.80793, -66.09743], "uv": [32, 44]},
						{"origin": [-6.51719, 13.95758, -8.39908], "size": [4, 5, 4], "inflate": -1.56, "pivot": [-5.1, 10.7, -0.2], "rotation": [77.852, 48.67463, 114.66561], "uv": [32, 44]},
						{"origin": [-5.81719, 9.65758, -2.49908], "size": [4, 7, 4], "inflate": -1.2, "pivot": [-5.1, 10.7, -0.2], "rotation": [135.06564, 63.43021, 104.09017], "uv": [32, 44]},
						{"origin": [-5.81719, 12.65758, -4.99908], "size": [4, 7, 4], "inflate": -1.4, "pivot": [-5.1, 10.7, -0.2], "rotation": [106.4334, 56.46062, 111.62707], "uv": [32, 44]},
						{"origin": [-6.01719, 15.15758, -9.09908], "size": [4, 7, 4], "inflate": -1.2, "pivot": [-5.3, 16.2, -6.8], "rotation": [-15.27401, 10.13756, -8.53192], "uv": [32, 44]},
						{"origin": [-4.8, 8.5, -6.4], "size": [4, 11, 4], "inflate": -1, "pivot": [-3.3, 9.8, -2.4], "rotation": [20.76362, 3.21375, -8.41107], "uv": [32, 44]}
					]
				},
				{
					"name": "face",
					"parent": "head",
					"pivot": [-2.6, 8.9, -7.1]
				},
				{
					"name": "eye",
					"parent": "face",
					"pivot": [-2.6, 8.9, -7.1],
					"cubes": [
						{"origin": [-2.5, 9.3, -6.63], "size": [1, 1, 1], "inflate": -0.2, "uv": [3, 10]},
						{"origin": [-2.5, 9.1, -6.63], "size": [1, 1, 1], "inflate": -0.2, "uv": [3, 10]},
						{"origin": [-2.4, 8.9, -6.47], "size": [1, 1, 1], "inflate": -0.05, "uv": [8, 6]},
						{"origin": [1, 7.6, -6.708], "size": [2, 3, 1], "inflate": -0.3, "uv": [1, 3], "mirror": true}
					]
				},
				{
					"name": "eye2",
					"parent": "face",
					"pivot": [2.6, 8.9, -7.1],
					"cubes": [
						{"origin": [1.5, 9.3, -6.63], "size": [1, 1, 1], "inflate": -0.2, "uv": [3, 10], "mirror": true},
						{"origin": [1.5, 9.1, -6.63], "size": [1, 1, 1], "inflate": -0.2, "uv": [3, 10], "mirror": true},
						{"origin": [1.5, 9.1, -6.47], "size": [1, 1, 1], "inflate": -0.05, "uv": [8, 6], "mirror": true},
						{"origin": [-3, 7.6, -6.708], "size": [2, 3, 1], "inflate": -0.3, "uv": [1, 3]}
					]
				},
				{
					"name": "mouth",
					"parent": "face",
					"pivot": [-2.3, 2.3, -6.5],
					"rotation": [0, 0, -180],
					"cubes": [
						{"origin": [-3.9, -1.6, -6.71], "size": [3, 1, 1], "inflate": -0.3, "pivot": [-2.3, 2.3, -6.5], "rotation": [0, 0, 22.5], "uv": [0, 2]},
						{"origin": [-8.5, -1.6, -6.71], "size": [3, 1, 1], "inflate": -0.3, "pivot": [-7.1, 2.3, -6.5], "rotation": [0, 0, -22.5], "uv": [0, 2], "mirror": true}
					]
				}
			]
		}
	]
}