{
	"format_version": "1.12.0",
	"minecraft:geometry": [
		{
			"description": {
				"identifier": "geometry.corsola_fire",
				"texture_width": 128,
				"texture_height": 128,
				"visible_bounds_width": 3,
				"visible_bounds_height": 3.5,
				"visible_bounds_offset": [0, 1.25, 0]
			},
			"bones": [
				{
					"name": "corsola",
					"pivot": [0, 0, 0]
				},
				{
					"name": "head",
					"parent": "corsola",
					"pivot": [0, 0, 0],
					"cubes": [
						{"origin": [-7.79758, -1.33853, -1.88207], "size": [4, 5, 4], "inflate": -1, "pivot": [-4.5, 0, 0], "rotation": [-0.62918, 0.77438, 17.13299], "uv": [0, 59]},
						{"origin": [-7.79758, -0.73853, 3.41793], "size": [4, 5, 4], "inflate": -1, "pivot": [-4.5, 0, 0], "rotation": [9.37082, 0.77438, 17.13299], "uv": [0, 59]},
						{"origin": [-7, 3.8, -7], "size": [14, 8, 14], "inflate": -0.6, "uv": [0, 0]},
						{"origin": [-7, 1, -7], "size": [14, 13, 14], "inflate": -1.1, "uv": [0, 0]},
						{"origin": [3.79758, -0.73853, 3.41793], "size": [4, 5, 4], "inflate": -1, "pivot": [4.5, 0, 0], "rotation": [9.37082, -0.77438, -17.13299], "uv": [0, 59], "mirror": true},
						{"origin": [4.3, -0.6, -7.9], "size": [4, 5, 4], "inflate": -1, "pivot": [5, 1, -3.8], "rotation": [-20.384, -0.211, -21.96018], "uv": [48, 52]},
						{"origin": [-8.3, -0.6, -7.9], "size": [4, 5, 4], "inflate": -1, "pivot": [-5, 1, -3.8], "rotation": [-20.384, 0.211, 21.96018], "uv": [48, 52], "mirror": true},
						{"origin": [3.79758, -1.33853, -1.88207], "size": [4, 5, 4], "inflate": -1, "pivot": [4.5, 0, 0], "rotation": [-0.62918, -0.77438, -17.13299], "uv": [0, 59], "mirror": true}
					]
				},
				{
					"name": "bone",
					"parent": "head",
					"pivot": [-5.1, 18.2, -2.1],
					"cubes": [
						{"origin": [-8.1144, 14.81431, -3.63872], "size": [4, 7, 4], "inflate": -1.2, "pivot": [-4.4, 16.5, -1.4], "rotation": [157.12872, -12.52646, -101.58454], "uv": [32, 44]},
						{"origin": [-4.5, 8.5, -2.5], "size": [4, 11, 4], "inflate": -1, "pivot": [-3.3, 9.8, -2.4], "rotation": [14.99736, -26.99922, -17.17804], "uv": [32, 44]},
						{"origin": [-10.4144, 14.51431, -3.63872], "size": [4, 7, 4], "inflate": -1.25, "pivot": [-4.4, 16.5, -1.4], "rotation": [-146.2939, -25.51263, -175.19414], "uv": [32, 44]},
						{"origin": [-9.3144, 19.31431, -4.33872], "size": [4, 7, 4], "inflate": -1.3, "pivot": [-5.1, 16.5, -2.1], "rotation": [-173.56789, -4.57799, -175.6498], "uv": [32, 44]},
						{"origin": [-7.1144, 15.61431, -4.33872], "size": [4, 7, 4], "inflate": -1.14, "pivot": [-5.1, 16.5, -2.1], "rotation": [-176.3457, -6.99674, -148.61591], "uv": [32, 44]},
						{"origin": [-7.1144, 17.31431, -4.33872], "size": [4, 7, 4], "inflate": -1.14, "pivot": [-5.1, 18.2, -2.1], "rotation": [21.94518, -21.89074, -33.85276], "uv": [32, 44]},
						{"origin": [-9.3144, 19.31431, -4.33872], "size": [4, 7, 4], "inflate": -1.14, "pivot": [-5.1, 18.2, -2.1], "rotation": [-4.75018, -30.27346, 22.72754], "uv": [32, 44]},
						{"origin": [-11.1144, 16.21431, -4.33872], "size": [4, 7, 4], "inflate": -1.25, "pivot": [-5.1, 18.2, -2.1], "rotation": [40.16583, -45.24272, -6.1646], "uv": [32, 44]},
						{"origin": [-8.8144, 16.51431, -4.33872], "size": [4, 7, 4], "inflate": -1.2, "pivot": [-5.1, 18.2, -2.1], "rotation": [45.94334, -6.58866, -74.29503], "uv": [32, 44]},
						{"origin": [-11.1144, 20.21431, -4.33872], "size": [4, 7, 4], "inflate": -1.45, "pivot": [-5.1, 18.2, -2.1], "rotation": [40.16583, -45.24272, -6.1646], "uv": [32, 44]},
						{"origin": [-9.3144, 21.01431, -4.33872], "size": [4, 7, 4], "inflate": -1.14, "pivot": [-5.1, 18.2, -2.1], "rotation": [9.22044, -29.31643, -4.97472], "uv": [32, 44]}
					]
				},
				{
					"name": "bone3",
					"parent": "head",
					"pivot": [-0.6, 15.7, 8.5],
					"rotation": [-58, 0, 0],
					"cubes": [
						{"origin": [-3.6144, 12.31431, 6.96128], "size": [4, 7, 4], "inflate": -1.2, "pivot": [0.1, 14, 9.2], "rotation": [157.12872, -12.52646, -101.58454], "uv": [32, 44]},
						{"origin": [0, 6, 8.1], "size": [4, 11, 4], "inflate": -1, "pivot": [1.2, 7.3, 8.2], "rotation": [14.99736, -26.99922, -17.17804], "uv": [32, 44]},
						{"origin": [-5.9144, 12.01431, 6.96128], "size": [4, 7, 4], "inflate": -1.25, "pivot": [0.1, 14, 9.2], "rotation": [-146.2939, -25.51263, -175.19414], "uv": [32, 44]},
						{"origin": [0.3856, 9.41431, 6.46128], "size": [4, 7, 4], "inflate": -1.3, "pivot": [4.6, 6.6, 8.7], "rotation": [142.59064, -0.28026, -173.69416], "uv": [32, 44]},
						{"origin": [2.5856, 5.71431, 6.46128], "size": [4, 7, 4], "inflate": -1.14, "pivot": [4.6, 6.6, 8.7], "rotation": [145.61802, 15.74998, -151.68969], "uv": [32, 44]},
						{"origin": [-2.6144, 14.81431, 6.26128], "size": [4, 7, 4], "inflate": -1.14, "pivot": [-0.6, 15.7, 8.5], "rotation": [21.94518, -21.89074, -33.85276], "uv": [32, 44]},
						{"origin": [-4.8144, 16.81431, 6.26128], "size": [4, 7, 4], "inflate": -1.14, "pivot": [-0.6, 15.7, 8.5], "rotation": [-4.75018, -30.27346, 22.72754], "uv": [32, 44]},
						{"origin": [-6.6144, 13.71431, 6.26128], "size": [4, 7, 4], "inflate": -1.25, "pivot": [-0.6, 15.7, 8.5], "rotation": [40.16583, -45.24272, -6.1646], "uv": [32, 44]},
						{"origin": [-4.3144, 14.01431, 6.26128], "size": [4, 7, 4], "inflate": -1.2, "pivot": [-0.6, 15.7, 8.5], "rotation": [45.94334, -6.58866, -74.29503], "uv": [32, 44]},
						{"origin": [-6.6144, 17.71431, 6.26128], "size": [4, 7, 4], "inflate": -1.45, "pivot": [-0.6, 15.7, 8.5], "rotation": [40.16583, -45.24272, -6.1646], "uv": [32, 44]},
						{"origin": [-4.8144, 18.51431, 6.26128], "size": [4, 7, 4], "inflate": -1.14, "pivot": [-0.6, 15.7, 8.5], "rotation": [9.22044, -29.31643, -4.97472], "uv": [32, 44]}
					]
				},
				{
					"name": "bone2",
					"parent": "head",
					"pivot": [2.7, 12.5, -2.1],
					"rotation": [0, -57, 0],
					"cubes": [
						{"origin": [-0.3144, 9.11431, -7.83872], "size": [4, 7, 4], "inflate": -1.2, "pivot": [3.4, 10.8, -5.6], "rotation": [122.15701, 23.21765, -93.20066], "uv": [32, 44]},
						{"origin": [3.3, 2.8, -2.5], "size": [4, 11, 4], "inflate": -1, "pivot": [4.5, 4.1, -2.4], "rotation": [14.99736, -26.99922, -17.17804], "uv": [32, 44]},
						{"origin": [-2.6144, 8.81431, -7.83872], "size": [4, 7, 4], "inflate": -1.25, "pivot": [3.4, 10.8, -5.6], "rotation": [156.53926, -36.6037, -131.73728], "uv": [32, 44]},
						{"origin": [-2.6144, 12.81431, -7.83872], "size": [4, 7, 4], "inflate": -1.35, "pivot": [3.4, 10.8, -5.6], "rotation": [156.53926, -36.6037, -131.73728], "uv": [32, 44]},
						{"origin": [-1.5144, 13.61431, -4.33872], "size": [4, 7, 4], "inflate": -1.3, "pivot": [2.7, 10.8, -2.1], "rotation": [-173.56789, -4.57799, -175.6498], "uv": [32, 44]},
						{"origin": [-1.5144, 17.21431, -6.63872], "size": [4, 7, 4], "inflate": -1.3, "pivot": [2.7, 10.8, -2.1], "rotation": [170.43211, -4.57799, -175.6498], "uv": [32, 44]},
						{"origin": [0.6856, 9.91431, -4.33872], "size": [4, 7, 4], "inflate": -1.14, "pivot": [2.7, 10.8, -2.1], "rotation": [-176.3457, -6.99674, -148.61591], "uv": [32, 44]},
						{"origin": [-6.0144, 9.11431, 1.56128], "size": [4, 7, 4], "inflate": -1.14, "pivot": [-4, 10, 3.8], "rotation": [-37.21338, -12.39464, -71.7931], "uv": [32, 44]},
						{"origin": [-8.2144, 10.71431, 1.56128], "size": [4, 7, 4], "inflate": -1.35, "pivot": [-4, 10, 3.8], "rotation": [-34.69749, 18.90329, -30.93461], "uv": [32, 44]},
						{"origin": [-11.2144, 12.51431, 1.56128], "size": [4, 7, 4], "inflate": -1.35, "pivot": [-4, 10, 3.8], "rotation": [-20.12512, 34.06462, 0.79622], "uv": [32, 44]},
						{"origin": [-5.9144, 10.51431, -5.53872], "size": [4, 7, 4], "inflate": -1.25, "pivot": [0.1, 12.5, -3.3], "rotation": [-21.00059, -34.49268, 32.50065], "uv": [32, 44]},
						{"origin": [-3.6144, 10.81431, -5.43872], "size": [4, 7, 4], "inflate": -1, "pivot": [0.1, 12.5, -3.3], "rotation": [30.8314, -51.9049, -69.26074], "uv": [32, 44]},
						{"origin": [-7.2144, 11.41431, -5.53872], "size": [4, 5, 4], "inflate": -1.45, "pivot": [0.1, 12.5, -3.3], "rotation": [-36.3751, -17.12557, 66.57867], "uv": [32, 44]},
						{"origin": [-7.2144, 8.81431, -5.53872], "size": [4, 5, 4], "inflate": -1.65, "pivot": [0.1, 12.5, -3.3], "rotation": [-38.64962, 9.85638, 100.4506], "uv": [32, 44]},
						{"origin": [-8.2144, 12.81431, 1.56128], "size": [4, 7, 4], "inflate": -1.14, "pivot": [-4, 10, 3.8], "rotation": [-38.72679, 4.41144, -50.53147], "uv": [32, 44]}
					]
				},
				{
					"name": "face",
					"parent": "head",
					"pivot": [-2.6, 8.9, -7.1]
				},
				{
					"name": "eye",
					"parent": "face",
					"pivot": [-2.6, 8.9, -7.1],
					"cubes": [
						{"origin": [-2.5, 9.3, -6.63], "size": [1, 1, 1], "inflate": -0.2, "uv": [3, 10]},
						{"origin": [-2.5, 9.1, -6.63], "size": [1, 1, 1], "inflate": -0.2, "uv": [3, 10]},
						{"origin": [-2.5, 9.1, -6.47], "size": [1, 1, 1], "inflate": -0.05, "uv": [8, 6]},
						{"origin": [-2.4, 8.9, -6.47], "size": [1, 1, 1], "inflate": -0.05, "uv": [8, 6]},
						{"origin": [-2.4, 8.9, -6.63], "size": [1, 1, 1], "inflate": -0.2, "uv": [3, 10]},
						{"origin": [-2.5, 9.3, -6.47], "size": [1, 1, 1], "inflate": -0.05, "uv": [8, 6]},
						{"origin": [1, 7.6, -6.708], "size": [2, 3, 1], "inflate": -0.3, "uv": [1, 3], "mirror": true}
					]
				},
				{
					"name": "eye2",
					"parent": "face",
					"pivot": [2.6, 8.9, -7.1],
					"cubes": [
						{"origin": [1.5, 9.3, -6.63], "size": [1, 1, 1], "inflate": -0.2, "uv": [3, 10], "mirror": true},
						{"origin": [1.5, 9.1, -6.63], "size": [1, 1, 1], "inflate": -0.2, "uv": [3, 10], "mirror": true},
						{"origin": [1.5, 9.1, -6.47], "size": [1, 1, 1], "inflate": -0.05, "uv": [8, 6], "mirror": true},
						{"origin": [1.4, 8.9, -6.47], "size": [1, 1, 1], "inflate": -0.05, "uv": [8, 6], "mirror": true},
						{"origin": [1.4, 8.9, -6.63], "size": [1, 1, 1], "inflate": -0.2, "uv": [3, 10], "mirror": true},
						{"origin": [1.5, 9.3, -6.47], "size": [1, 1, 1], "inflate": -0.05, "uv": [8, 6], "mirror": true},
						{"origin": [-3, 7.6, -6.708], "size": [2, 3, 1], "inflate": -0.3, "uv": [1, 3]}
					]
				},
				{
					"name": "mouth",
					"parent": "face",
					"pivot": [-2.3, 2.3, -6.5],
					"rotation": [0, 0, -180],
					"cubes": [
						{"origin": [-3.9, -1.6, -6.71], "size": [3, 1, 1], "inflate": -0.3, "pivot": [-2.3, 2.3, -6.5], "rotation": [0, 0, 22.5], "uv": [0, 2]},
						{"origin": [-8.5, -1.6, -6.71], "size": [3, 1, 1], "inflate": -0.3, "pivot": [-7.1, 2.3, -6.5], "rotation": [0, 0, -22.5], "uv": [0, 2], "mirror": true}
					]
				}
			]
		}
	]
}