{
  "enabled": true,
  "neededInstalledMods": [],
  "neededUninstalledMods": [],
  "spawns": [
    {
      "id": "goodra-1",
      "pokemon": "goodra",
      "presets": [
        "natural"
      ],
      "type": "pokemon",
      "context": "grounded",
      "bucket": "ultra-rare",
      "level": "40-60",
      "weight": 1505,
      "condition": {
        "canSeeSky": true,
        "biomes": [
          "#cobblemon:is_swamp"
        ],
        "isThundering": true
      }
    },
    {
      "id": "goodra-hisui-1",
      "pokemon": "goodra hisuian",
      "presets": [
        "natural"
      ],
      "type": "pokemon",
      "context": "grounded",
      "bucket": "uncommon",
      "level": "50-60",
      "weight": 7,
      "condition": {
        "minY": 80,
        "isRaining": true,
        "neededNearbyBlocks": [
          "minecraft:mangrove_roots",
          "minecraft:mud",
          "minecraft:water"
        ],
        "biomes": [
          "#cobblemon:is_swamp"
        ]
      }
    }
  ]
}
      