{
  "enabled": true,
  "neededInstalledMods": [],
  "neededUninstalledMods": [],
  "spawns": [
    {
      "id": "goomy-1",
      "pokemon": "goomy",
      "presets": [
        "natural"
      ],
      "type": "pokemon",
      "context": "grounded",
      "bucket": "common",
      "level": "5-36",
      "weight": 8.2,
      "condition": {
        "canSeeSky": true,
        "biomes": [
          "#cobblemon:is_swamp"
        ],
        "isRaining": true
      }
    },
    {
      "id": "goomy-2",
      "pokemon": "goomy",
      "presets": [
        "natural"
      ],
      "type": "pokemon",
      "context": "grounded",
      "bucket": "rare",
      "level": "5-36",
      "weight": 0.5,
      "condition": {
        "canSeeSky": true,
        "biomes": [
          "#cobblemon:is_swamp"
        ]
      }
    },
    {
      "id": "goomy-3",
      "pokemon": "goomy",
      "presets": [
        "natural"
      ],
      "type": "pokemon",
      "context": "grounded",
      "bucket": "common",
      "level": "1-20",
      "weight": 0.5,
      "condition": {
        "canSeeSky": false,
        "biomes": [
          "#cobblemon:is_lush"
        ]
      }
    },
    {
      "id": "goomy-4",
      "pokemon": "goomy",
      "presets": [
        "underground"
      ],
      "type": "pokemon",
      "context": "grounded",
      "bucket": "uncommon",
      "level": "1-20",
      "weight": 0.1,
      "condition": {
        "canSeeSky": false,
        "biomes": [
          "#cobblemon:is_swamp"
        ]
      }
    }
  ]
}