{
  "enabled": true,
  "neededInstalledMods": [],
  "neededUninstalledMods": [],
  "spawns": [
    {
      "id": "noivern-1",
      "pokemon": "noivern",
      "presets": [
        "natural"
      ],
      "type": "pokemon",
      "context": "grounded",
      "bucket": "rare",
      "level": "48-60",
      "weight": 1,
      "condition": {
        "canSeeSky": true,
        "biomes": [
          "#cobblemon:is_spooky"
        ],
        "timeRange": "night",
        "isRaining": false
      }
    },
    {
      "id": "noivern-2",
      "pokemon": "noivern",
      "presets": [
        "underground"
      ],
      "type": "pokemon",
      "context": "grounded",
      "bucket": "ultra-rare",
      "level": "48-60",
      "weight": 5,
      "condition": {
        "canSeeSky": false,
        "biomes": [
          "#cobblemon:is_overworld"
        ],
        "anticondition": {
          "biomes": [
            "#cobblemon:is_lush"
          ]
        }
      }
    },
    {
      "id": "noivern-3",
      "pokemon": "noivern",
      "presets": [
        "derelict"
      ],
      "type": "pokemon",
      "context": "grounded",
      "bucket": "rare",
      "level": "48-63",
      "weight": 1,
      "condition": {
        "canSeeSky": false,
        "biomes": [
          "#cobblemon:is_overworld"
        ]
      }
    }
  ]
}