{
	"format_version": "1.12.0",
	"minecraft:geometry": [
		{
			"description": {
				"identifier": "geometry.cursola",
				"texture_width": 128,
				"texture_height": 128,
				"visible_bounds_width": 4,
				"visible_bounds_height": 4.5,
				"visible_bounds_offset": [0, 1.75, 0]
			},
			"bones": [
				{
					"name": "corsola",
					"pivot": [0, 0, 0]
				},
				{
					"name": "head",
					"parent": "corsola",
					"pivot": [0, -1.7, 0],
					"rotation": [-9, 0, 0],
					"cubes": [
						{"origin": [-7, 2.6, -7], "size": [14, 6, 14], "inflate": -0.5, "uv": [0, 0]},
						{"origin": [-7, 2.7, -7], "size": [14, 2, 14], "inflate": -0.61, "uv": [72, 113]},
						{"origin": [7, -4.4, 7], "size": [-14, -6, -14], "inflate": 0.6, "pivot": [0, -0.7, 0], "rotation": [180, 0, 0], "uv": [70, 34]},
						{"origin": [-7, 0.3, -7], "size": [14, 5, 14], "inflate": -1, "uv": [0, 20]},
						{"origin": [-7, 0.3, -7], "size": [14, 2, 14], "inflate": -1.1, "uv": [72, 112]},
						{"origin": [3.99758, -3.33853, 1.71793], "size": [4, 5, 4], "inflate": -1, "pivot": [4.7, -2.6, -3.9], "rotation": [9.37082, -0.77438, -17.13299], "uv": [46, 87]},
						{"origin": [3.99758, -2.43853, -5.78207], "size": [4, 5, 4], "inflate": -1, "pivot": [4.7, -2.6, -3.9], "rotation": [-0.62918, -0.77438, -17.13299], "uv": [81, 63]},
						{"origin": [-7.99758, -3.33853, 1.71793], "size": [4, 5, 4], "inflate": -1, "pivot": [-4.7, -2.6, -3.9], "rotation": [9.37082, 0.77438, 17.13299], "uv": [58, 0]},
						{"origin": [-7.99758, -2.43853, -5.78207], "size": [4, 5, 4], "inflate": -1, "pivot": [-4.7, -2.6, -3.9], "rotation": [-0.62918, 0.77438, 17.13299], "uv": [42, 0]}
					]
				},
				{
					"name": "ghost",
					"parent": "head",
					"pivot": [-2.3, 3.3, 3.8],
					"cubes": [
						{"origin": [-2, 4.3, -2], "size": [4, 5, 4], "uv": [80, 54]}
					]
				},
				{
					"name": "ghost2",
					"parent": "ghost",
					"pivot": [-2.2, 7.8, 1],
					"cubes": [
						{"origin": [-4, 9, -2.2], "size": [8, 5, 6], "pivot": [0, 4.3, 1], "rotation": [9, 0, 0], "uv": [80, 32]}
					]
				},
				{
					"name": "ghost3",
					"parent": "ghost2",
					"pivot": [0, 13.7, -1.2],
					"rotation": [17, 0, 0],
					"cubes": [
						{"origin": [-2, 13.1896, -2.59091], "size": [4, 5, 4], "uv": [74, 0]}
					]
				},
				{
					"name": "ghost4",
					"parent": "ghost3",
					"pivot": [-2, 17.4896, 0.60909],
					"cubes": [
						{"origin": [-6, 16.1896, -6.59091], "size": [12, 7, 11], "inflate": -2, "uv": [46, 69]},
						{"origin": [-6, 29.1896, -6.59091], "size": [12, 7, 11], "inflate": -2, "uv": [80, 0]},
						{"origin": [-2.09113, 28.20217, -10.92143], "size": [4, 4, 7], "inflate": -1, "pivot": [0, 29.4896, -3.09091], "rotation": [-34, 0, 0], "uv": [80, 43]},
						{"origin": [-1.09113, 28.60217, -12.92143], "size": [2, 3, 4], "inflate": -1, "pivot": [0, 29.4896, -3.09091], "rotation": [-34, 0, 0], "uv": [83, 46]},
						{"origin": [-4.08884, 23.32217, -1.08792], "size": [0, 10, 20], "pivot": [1.6, 29.6896, -5.49091], "rotation": [4.34695, 60.2982, -39.19635], "uv": [0, 29]},
						{"origin": [4.08884, 23.32217, -1.08792], "size": [0, 10, 20], "pivot": [-1.6, 29.6896, -5.49091], "rotation": [4.34695, -60.2982, 39.19635], "uv": [0, 29], "mirror": true},
						{"origin": [-1.81116, 24.12217, -25.28792], "size": [0, 10, 20], "pivot": [-1.6, 30.4896, -4.19091], "rotation": [4.34695, 60.29817, 39.19635], "uv": [0, 19]},
						{"origin": [5.70109, 19.4421, -26.79043], "size": [0, 10, 20], "pivot": [1.6, 22.3896, -5.49091], "rotation": [36.6608, -80.1338, -47.8982], "uv": [40, 39]},
						{"origin": [-5.70109, 19.4421, -26.79043], "size": [0, 10, 20], "pivot": [-1.6, 22.3896, -5.49091], "rotation": [36.6608, 80.1338, 47.8982], "uv": [40, 39], "mirror": true},
						{"origin": [-6, 19.1896, -7.59091], "size": [12, 12, 11], "inflate": -3, "uv": [0, 69]},
						{"origin": [-6, 20.1896, -6.59091], "size": [12, 12, 11], "inflate": -0.9, "uv": [45, 9]},
						{"origin": [6, 32.1896, 7.80909], "size": [-12, -12, -11], "inflate": 1, "pivot": [0, 26.4896, 0.60909], "rotation": [0, 180, 0], "uv": [102, 43]},
						{"origin": [1.81116, 24.12217, -25.28792], "size": [0, 10, 20], "pivot": [1.6, 30.4896, -4.19091], "rotation": [4.34695, -60.29817, -39.19635], "uv": [0, 19], "mirror": true},
						{"origin": [5.70109, 19.8421, -26.79043], "size": [0, 10, 20], "pivot": [1.6, 22.7896, -5.49091], "rotation": [36.6608, -80.1338, -47.8982], "uv": [40, 39]},
						{"origin": [-4.08884, 23.72217, -1.08792], "size": [0, 10, 20], "pivot": [1.6, 30.0896, -5.49091], "rotation": [4.34695, 60.2982, -39.19635], "uv": [0, 29]},
						{"origin": [1.81116, 24.52217, -25.28792], "size": [0, 10, 20], "pivot": [1.6, 30.8896, -4.19091], "rotation": [4.34695, -60.29817, -39.19635], "uv": [0, 19], "mirror": true},
						{"origin": [4.08884, 23.72217, -1.08792], "size": [0, 10, 20], "pivot": [-1.6, 30.0896, -5.49091], "rotation": [4.34695, -60.2982, 39.19635], "uv": [0, 29], "mirror": true},
						{"origin": [-1.81116, 24.52217, -25.28792], "size": [0, 10, 20], "pivot": [-1.6, 30.8896, -4.19091], "rotation": [4.34695, 60.29817, 39.19635], "uv": [0, 19]},
						{"origin": [-5.70109, 19.8421, -26.79043], "size": [0, 10, 20], "pivot": [-1.6, 22.7896, -5.49091], "rotation": [36.6608, 80.1338, 47.8982], "uv": [40, 39], "mirror": true},
						{"origin": [5.70109, 19.8421, -26.79043], "size": [0, 10, 20], "pivot": [1.6, 22.7896, -5.49091], "rotation": [36.6608, -80.1338, -47.8982], "uv": [40, 39]},
						{"origin": [1.81116, 24.52217, -25.28792], "size": [0, 10, 20], "pivot": [1.6, 30.8896, -4.19091], "rotation": [4.34695, -60.29817, -39.19635], "uv": [0, 19], "mirror": true},
						{"origin": [-4.08884, 23.72217, -1.08792], "size": [0, 10, 20], "pivot": [1.6, 30.0896, -5.49091], "rotation": [4.34695, 60.2982, -39.19635], "uv": [0, 29]},
						{"origin": [-1.81116, 24.52217, -25.28792], "size": [0, 10, 20], "pivot": [-1.6, 30.8896, -4.19091], "rotation": [4.34695, 60.29817, 39.19635], "uv": [0, 19]},
						{"origin": [4.08884, 23.72217, -1.08792], "size": [0, 10, 20], "pivot": [-1.6, 30.0896, -5.49091], "rotation": [4.34695, -60.2982, 39.19635], "uv": [0, 29], "mirror": true},
						{"origin": [-5.70109, 19.8421, -26.79043], "size": [0, 10, 20], "pivot": [-1.6, 22.7896, -5.49091], "rotation": [36.6608, 80.1338, 47.8982], "uv": [40, 39], "mirror": true}
					]
				},
				{
					"name": "mouth",
					"parent": "ghost4",
					"pivot": [-0.5, 22.9896, 0.80909],
					"cubes": [
						{"origin": [-0.64, 24.73427, -5], "size": [2, 1, 1], "inflate": -0.4, "pivot": [0.5, 22.9896, 0.80909], "rotation": [0, 0, -23], "uv": [0, 0]},
						{"origin": [-1.36, 24.73427, -5], "size": [2, 1, 1], "inflate": -0.4, "pivot": [-0.5, 22.9896, 0.80909], "rotation": [0, 0, 23], "uv": [0, 2]}
					]
				},
				{
					"name": "arms",
					"parent": "ghost4",
					"pivot": [0, 18.4896, -3.09091],
					"cubes": [
						{"origin": [0.69113, 17.30217, -9.72143], "size": [4, 4, 7], "inflate": -1, "pivot": [0, 18.4896, -3.09091], "rotation": [38.6344, -14.59179, -7.07626], "uv": [35, 69]},
						{"origin": [-4.69113, 17.30217, -9.72143], "size": [4, 4, 7], "inflate": -1, "pivot": [0, 18.4896, -3.09091], "rotation": [38.6344, 14.59179, 7.07626], "uv": [80, 43]}
					]
				},
				{
					"name": "eyes",
					"parent": "ghost4",
					"pivot": [0, 26.4896, -4.39091],
					"cubes": [
						{"origin": [-0.1, 25.5896, -4.79091], "size": [1, 1, 1], "pivot": [0, 9.4896, 0.60909], "rotation": [0, 0, 3], "uv": [0, 4]},
						{"origin": [-0.1, 26.1896, -4.79091], "size": [1, 1, 1], "pivot": [0, 9.4896, 0.60909], "rotation": [0, 0, 3], "uv": [7, 7]},
						{"origin": [-0.1, 26.1896, -5], "size": [1, 1, 1], "inflate": -0.2, "pivot": [0, 9.4896, 0.60909], "rotation": [0, 0, 3], "uv": [7, 5]},
						{"origin": [-0.1, 25.5896, -5], "size": [1, 1, 1], "inflate": -0.2, "pivot": [0, 9.4896, 0.60909], "rotation": [0, 0, 3], "uv": [7, 3]},
						{"origin": [-0.9, 25.5896, -5], "size": [1, 1, 1], "inflate": -0.2, "pivot": [0, 9.4896, 0.60909], "rotation": [0, 0, -3], "uv": [4, 6]},
						{"origin": [-0.9, 25.5896, -4.79091], "size": [1, 1, 1], "pivot": [0, 9.4896, 0.60909], "rotation": [0, 0, -3], "uv": [0, 6]},
						{"origin": [-0.9, 26.1896, -4.79091], "size": [1, 1, 1], "pivot": [0, 9.4896, 0.60909], "rotation": [0, 0, -3], "uv": [4, 4]},
						{"origin": [-0.9, 26.1896, -5], "size": [1, 1, 1], "inflate": -0.2, "pivot": [0, 9.4896, 0.60909], "rotation": [0, 0, -3], "uv": [5, 1]}
					]
				},
				{
					"name": "eyelids",
					"parent": "ghost4",
					"pivot": [0, 26.4896, -6.39091],
					"cubes": [
						{"origin": [-0.1, 25.5896, -3.79091], "size": [1, 1, 1], "pivot": [0, 9.4896, 1.60909], "rotation": [0, 0, 3], "uv": [117, 55]},
						{"origin": [-0.1, 26.1896, -3.79091], "size": [1, 1, 1], "inflate": 0.0001, "pivot": [0, 9.4896, 1.60909], "rotation": [0, 0, 3], "uv": [124, 58]},
						{"origin": [-0.9, 25.5896, -3.79091], "size": [1, 1, 1], "pivot": [0, 9.4896, 1.60909], "rotation": [0, 0, -3], "uv": [117, 57]},
						{"origin": [-0.9, 26.1896, -3.79091], "size": [1, 1, 1], "inflate": 0.0001, "pivot": [0, 9.4896, 1.60909], "rotation": [0, 0, -3], "uv": [121, 55]}
					]
				}
			]
		}
	]
}