{
    "pools": [
		{
			"rolls": 1,
            "entries": [
				{
                    "type": "item",
                    "weight": 1,
                    "name": "cobblemon:master_ball"
                },
                {
                    "type": "item",
                    "weight": 1,
                    "name": "cobblemon:pp_max"
				},
                {
                    "type": "item",
                    "weight": 1,
                    "name": "cobblemon:assault_vest"
				},
                {
                    "type": "item",
                    "weight": 1,
                    "name": "cobblemon:choice_band"
				},
                {
                    "type": "item",
                    "weight": 1,
                    "name": "cobblemon:choice_scarf"
				},
                {
                    "type": "item",
                    "weight": 1,
                    "name": "cobblemon:choice_specs"
				},
                {
                    "type": "item",
                    "weight": 1,
                    "name": "cobblemon:destiny_knot"
				},
                {
                    "type": "item",
                    "weight": 1,
                    "name": "cobblemon:heavy_duty_boots"
				},
                {
                    "type": "item",
                    "weight": 1,
                    "name": "cobblemon:leftovers"
				},
                {
                    "type": "item",
                    "weight": 1,
                    "name": "cobblemon:lucky_egg"
				},
                {
                    "type": "item",
                    "weight": 1,
                    "name": "cobblemon:muscle_band"
				},
                {
                    "type": "item",
                    "weight": 1,
                    "name": "cobblemon:power_anklet"
				},
                {
                    "type": "item",
                    "weight": 1,
                    "name": "cobblemon:power_band"
				},
                {
                    "type": "item",
                    "weight": 1,
                    "name": "cobblemon:power_belt"
				},
                {
                    "type": "item",
                    "weight": 1,
                    "name": "cobblemon:power_bracer"
				},
                {
                    "type": "item",
                    "weight": 1,
                    "name": "cobblemon:power_lens"
				},
                {
                    "type": "item",
                    "weight": 1,
                    "name": "cobblemon:power_weight"
				},
                {
                    "type": "item",
                    "weight": 1,
                    "name": "cobblemon:rocky_helmet"
				},
                {
                    "type": "item",
                    "weight": 1,
                    "name": "cobblemon:wise_glasses"
				},
                {
                    "type": "item",
                    "weight": 1,
                    "name": "cobblemon:exp_share"
				},
                {
                    "type": "item",
                    "weight": 1,
                    "name": "cobblemon:exp_candy_xs"
				},
                {
                    "type": "item",
                    "weight": 1,
                    "name": "cobblemon:exp_candy_s"
				},
                {
                    "type": "item",
                    "weight": 1,
                    "name": "cobblemon:exp_candy_m"
				},
                {
                    "type": "item",
                    "weight": 1,
                    "name": "cobblemon:exp_candy_l"
				},
                {
                    "type": "item",
                    "weight": 1,
                    "name": "cobblemon:exp_candy_xl"
				},
                {
                    "type": "item",
                    "weight": 1,
                    "name": "cobblemon:rare_candy"
				},
                {
                    "type": "item",
                    "weight": 1,
                    "name": "cobblemon:dubious_disc"
				},
                {
                    "type": "item",
                    "weight": 1,
                    "name": "cobblemon:galarica_cuff"
				},
                {
                    "type": "item",
                    "weight": 1,
                    "name": "cobblemon:galarica_wreath"
				},
                {
                    "type": "item",
                    "weight": 1,
                    "name": "cobblemon:link_cable"
				}
            ]
        }
    ]
}