{
    "enabled": true,
    "neededInstalledMods": [],
    "neededUninstalledMods": [],
    "spawns": [
        {
            "id": "articuno",
            "pokemon": "articuno",
            "presets": [
                "natural"
            ],
            "type": "pokemon",
            "context": "grounded",
            "bucket": "ultra-rare",
            "level": "70",
            "weight": 0.001,
            "condition": {
                "canSeeSky": true,
                "biomes": [
                    "#cobblemon:is_cold"
                ]
            }
        },
        {
            "id": "articuno-galarian",
            "pokemon": "articuno galarian",
            "presets": [
                "natural"
            ],
            "type": "pokemon",
            "context": "grounded",
            "bucket": "ultra-rare",
            "level": "70",
            "weight": 0.001,
            "condition": {
                "canSeeSky": true,
                "biomes": [
                    "minecraft:cherry_grove"
                ]
            }
        }
    ]
}