{
    "enabled": "true",
    "neededInstalledMods": [],
    "neededUninstalledMods": [],
    "spawns": [
        {
            "id": "kyogre-1",
            "pokemon": "kyogre",
            "presets": [
                "natural",
				"wild"
            ],
            "type": "pokemon",
            "context": "grounded",
            "bucket": "ultra-rare",
            "level": "70",
            "weight": 0.0002,
            "condition": {
                "biomes": [
                    "#cobblemon:is_deep_ocean"
                ]
            }

        }
    ]
}