{
    "enabled": true,
    "neededInstalledMods": [],
    "neededUninstalledMods": [],
    "spawns": [
        {
            "id": "groudon-1",
            "pokemon": "groudon",
            "presets": ["natural"],
            "type": "pokemon",
            "context": "grounded",
            "bucket": "ultra-rare",
            "level": "70",
            "weight": 0.0002,
            "condition": {
                "canSeeSky": true,
                "biomes": ["minecraft:badlands", "#cobblemon:is_volcanic"],
                "neededNearbyBlocks": [
                    "#minecraft:lava"
                ],
                "isRaining": false
            }
        }
    ]
}