{
	"format_version": "1.12.0",
	"minecraft:geometry": [
		{
			"description": {
				"identifier": "geometry.ironvaliant",
				"texture_width": 128,
				"texture_height": 128,
				"visible_bounds_width": 4,
				"visible_bounds_height": 4.5,
				"visible_bounds_offset": [0, 1.75, 0]
			},
			"bones": [
				{
					"name": "ironvaliant",
					"pivot": [0, 0, 0]
				},
				{
					"name": "waist",
					"parent": "ironvaliant",
					"pivot": [-2.75, 30.25, -1.7],
					"rotation": [0, 45, 0],
					"cubes": [
						{"origin": [-1, 22, -1.5], "size": [2, 2, 3], "uv": [59, 61]},
						{"origin": [-1, 18, -1], "size": [2, 2, 2], "uv": [66, 43]},
						{"origin": [-1.5, 20, -1.5], "size": [3, 2, 3], "uv": [38, 1]},
						{"origin": [-1, 15.5, -3], "size": [2, 1, 6], "uv": [42, 22]}
					]
				},
				{
					"name": "chest",
					"parent": "waist",
					"pivot": [0.85, 23.65, -1.7],
					"cubes": [
						{"origin": [-2, 23.5, -2.4], "size": [4, 3, 4], "inflate": 0.01, "uv": [44, 44]},
						{"origin": [-1.5, 22.5, -2.2], "size": [3, 1, 1], "inflate": 0.01, "uv": [44, 14]},
						{"origin": [0, 23, -6.3], "size": [0, 3, 4], "inflate": 0.01, "pivot": [0, 0, 0], "rotation": [-4, 0, 0], "uv": [120, 17]},
						{"origin": [-0.45, 23, -6.3], "size": [0, 3, 4], "inflate": 0.01, "pivot": [0, 0, 0], "rotation": [-4.00974, -3.99024, 0.27948], "uv": [120, 17]},
						{"origin": [0.2, 23, -6.3], "size": [0, 3, 4], "inflate": 0.01, "pivot": [0, 0, 0], "rotation": [-4.00974, 3.9902, 0.27948], "uv": [120, 17]}
					]
				},
				{
					"name": "neck",
					"parent": "chest",
					"pivot": [-0.35, 26.25, 0.8],
					"cubes": [
						{"origin": [-0.5, 25.5, -0.5], "size": [1, 3, 1], "uv": [67, 27]}
					]
				},
				{
					"name": "head",
					"parent": "neck",
					"pivot": [0.45, 27.35, -0.4],
					"cubes": [
						{"origin": [-3, 27.5, -2.7], "size": [6, 6, 6], "pivot": [0, 29.5, 0.3], "rotation": [0, 45, 0], "uv": [18, 17]},
						{"origin": [0, 29.35, -1.15], "size": [0, 12, 7], "uv": [0, 16]},
						{"origin": [0, 28.75, -5.35], "size": [0, 6, 6], "inflate": 0.001, "pivot": [0, 34.1, -5.5], "rotation": [7.5, 0, 0], "uv": [36, 36]},
						{"origin": [-3.45, 28.5, -1.46], "size": [4.7, 4, 0], "pivot": [-2.55, 30, -1.35], "rotation": [0, 45, 0], "uv": [8, 67], "mirror": true},
						{"origin": [1.25, 28.5, -1.46], "size": [0, 4, 4.7], "pivot": [-2.55, 30, -1.35], "rotation": [0, 45, 0], "uv": [6, 59]}
					]
				},
				{
					"name": "mouth_open",
					"parent": "head",
					"pivot": [0, 29.6, 0.4],
					"cubes": [
						{"origin": [2, 27.6, -2.6], "size": [1, 1, 1], "inflate": 0.01, "pivot": [0, 29.6, 0.4], "rotation": [0, 45, 0], "uv": [57, 60]}
					]
				},
				{
					"name": "eyesopen",
					"parent": "head",
					"pivot": [-2.75, 30.25, -1.7],
					"rotation": [0, 45, 0]
				},
				{
					"name": "bone",
					"parent": "eyesopen",
					"pivot": [0.91091, 30.95, 6.46091],
					"rotation": [0, -87.5, 0],
					"cubes": [
						{"origin": [-4.93757, 29.63486, 6.13091], "size": [1, 1.9, 0], "uv": [0, 56]},
						{"origin": [-5.43757, 29.13486, 6.14091], "size": [2, 2.9, 0], "uv": [67, 66]},
						{"origin": [-5.13757, 29.13486, 6.14091], "size": [2, 2.9, 0], "uv": [67, 66]},
						{"origin": [-4.63757, 29.63486, 6.13091], "size": [1, 1.9, 0], "uv": [0, 56]},
						{"origin": [-3.73757, 29.03486, 6.13091], "size": [0.1, 3.1, 0], "uv": [15, 66]},
						{"origin": [-4.35, 29.03486, 6.13091], "size": [0.1, 3.1, 0], "uv": [15, 66]},
						{"origin": [-5.5, 29.63486, 6.13091], "size": [2.5, 0.1, 0], "uv": [15, 66]},
						{"origin": [-5.5, 30.23486, 6.13091], "size": [2.5, 0.1, 0], "uv": [15, 66]},
						{"origin": [-5.5, 30.83486, 6.13091], "size": [2.5, 0.1, 0], "uv": [15, 66]},
						{"origin": [-5.5, 31.43486, 6.13091], "size": [2.5, 0.1, 0], "uv": [15, 66]},
						{"origin": [-4.93757, 29.03486, 6.13091], "size": [0.1, 3.1, 0], "uv": [15, 66]}
					]
				},
				{
					"name": "bone2",
					"parent": "eyesopen",
					"pivot": [-2.68909, 30.95, -1.93909],
					"rotation": [0, 0.5, 0],
					"cubes": [
						{"origin": [-2.56509, 29.63486, -1.50785], "size": [1, 1.9, 0], "uv": [0, 56]},
						{"origin": [-3.06509, 29.13486, -1.49785], "size": [2, 2.9, 0], "uv": [67, 66]},
						{"origin": [-2.76509, 29.13486, -1.49785], "size": [2, 2.9, 0], "uv": [67, 66]},
						{"origin": [-2.26509, 29.63486, -1.50785], "size": [1, 1.9, 0], "uv": [0, 56]},
						{"origin": [-1.36509, 29.03486, -1.50785], "size": [0.1, 3.1, 0], "uv": [15, 66]},
						{"origin": [-1.97752, 29.03486, -1.50785], "size": [0.1, 3.1, 0], "uv": [15, 66]},
						{"origin": [-3.12752, 29.63486, -1.50785], "size": [2.5, 0.1, 0], "uv": [15, 66]},
						{"origin": [-3.12752, 30.23486, -1.50785], "size": [2.5, 0.1, 0], "uv": [15, 66]},
						{"origin": [-3.12752, 30.83486, -1.50785], "size": [2.5, 0.1, 0], "uv": [15, 66]},
						{"origin": [-3.12752, 31.43486, -1.50785], "size": [2.5, 0.1, 0], "uv": [15, 66]},
						{"origin": [-2.56509, 29.03486, -1.50785], "size": [0.1, 3.1, 0], "uv": [15, 66]}
					]
				},
				{
					"name": "eyesclose1",
					"parent": "head",
					"pivot": [-2.75, 30.25, -1.7],
					"rotation": [0, 45, 0]
				},
				{
					"name": "bone3",
					"parent": "eyesclose1",
					"pivot": [0.91091, 30.95, 6.46091],
					"rotation": [0, -87.5, 0],
					"cubes": [
						{"origin": [-4.93757, 30.23486, 6.13091], "size": [1, 0.7, 0], "uv": [13, 66]},
						{"origin": [-5.43757, 29.63486, 6.14091], "size": [2, 1.8, 0], "uv": [67, 66]},
						{"origin": [-5.13757, 29.63486, 6.14091], "size": [2, 1.8, 0], "uv": [67, 66]},
						{"origin": [-4.63757, 30.23486, 6.13091], "size": [1, 0.7, 0], "uv": [13, 66]},
						{"origin": [-3.73757, 29.03486, 6.13091], "size": [0.1, 3.1, 0], "uv": [15, 66]},
						{"origin": [-4.35, 29.03486, 6.13091], "size": [0.1, 3.1, 0], "uv": [15, 66]},
						{"origin": [-5.5, 29.63486, 6.13091], "size": [2.5, 0.1, 0], "uv": [15, 66]},
						{"origin": [-5.5, 30.23486, 6.13091], "size": [2.5, 0.1, 0], "uv": [15, 66]},
						{"origin": [-5.5, 30.83486, 6.13091], "size": [2.5, 0.1, 0], "uv": [15, 66]},
						{"origin": [-5.5, 31.43486, 6.13091], "size": [2.5, 0.1, 0], "uv": [15, 66]},
						{"origin": [-4.93757, 29.03486, 6.13091], "size": [0.1, 3.1, 0], "uv": [15, 66]}
					]
				},
				{
					"name": "bone4",
					"parent": "eyesclose1",
					"pivot": [-2.68909, 30.95, -1.93909],
					"rotation": [0, 0.5, 0],
					"cubes": [
						{"origin": [-2.56509, 30.23486, -1.50785], "size": [1, 0.7, 0], "uv": [13, 65]},
						{"origin": [-3.06509, 29.73486, -1.49785], "size": [2, 1.8, 0], "uv": [67, 66]},
						{"origin": [-2.76509, 29.73486, -1.49785], "size": [2, 1.8, 0], "uv": [67, 66]},
						{"origin": [-2.26509, 30.23486, -1.50785], "size": [1, 0.7, 0], "uv": [13, 65]},
						{"origin": [-1.36509, 29.03486, -1.50785], "size": [0.1, 3.1, 0], "uv": [15, 66]},
						{"origin": [-1.97752, 29.03486, -1.50785], "size": [0.1, 3.1, 0], "uv": [15, 66]},
						{"origin": [-3.12752, 29.63486, -1.50785], "size": [2.5, 0.1, 0], "uv": [15, 66]},
						{"origin": [-3.12752, 30.23486, -1.50785], "size": [2.5, 0.1, 0], "uv": [15, 66]},
						{"origin": [-3.12752, 30.83486, -1.50785], "size": [2.5, 0.1, 0], "uv": [15, 66]},
						{"origin": [-3.12752, 31.43486, -1.50785], "size": [2.5, 0.1, 0], "uv": [15, 66]},
						{"origin": [-2.56509, 29.03486, -1.50785], "size": [0.1, 3.1, 0], "uv": [15, 66]}
					]
				},
				{
					"name": "eyesclose2",
					"parent": "head",
					"pivot": [-2.75, 30.25, -1.7],
					"rotation": [0, 45, 0]
				},
				{
					"name": "bone5",
					"parent": "eyesclose2",
					"pivot": [0.91091, 30.95, 6.46091],
					"rotation": [0, -87.5, 0],
					"cubes": [
						{"origin": [-5.43757, 30.23486, 6.14091], "size": [2, 0.7, 0], "uv": [31, 8]},
						{"origin": [-5.13757, 30.23486, 6.14091], "size": [2, 0.7, 0], "uv": [31, 8]},
						{"origin": [-3.73757, 29.03486, 6.13091], "size": [0.1, 3.1, 0], "uv": [15, 66]},
						{"origin": [-4.35, 29.03486, 6.13091], "size": [0.1, 3.1, 0], "uv": [15, 66]},
						{"origin": [-5.5, 29.63486, 6.13091], "size": [2.5, 0.1, 0], "uv": [15, 66]},
						{"origin": [-5.5, 30.23486, 6.13091], "size": [2.5, 0.1, 0], "uv": [15, 66]},
						{"origin": [-5.5, 30.83486, 6.13091], "size": [2.5, 0.1, 0], "uv": [15, 66]},
						{"origin": [-5.5, 31.43486, 6.13091], "size": [2.5, 0.1, 0], "uv": [15, 66]},
						{"origin": [-4.93757, 29.03486, 6.13091], "size": [0.1, 3.1, 0], "uv": [15, 66]}
					]
				},
				{
					"name": "bone6",
					"parent": "eyesclose2",
					"pivot": [-2.68909, 30.95, -1.93909],
					"rotation": [0, 0.5, 0],
					"cubes": [
						{"origin": [-3.06509, 30.23486, -1.49785], "size": [0.3, 0.6, 0], "uv": [35, 5]},
						{"origin": [-2.76509, 30.23486, -1.49785], "size": [2, 0.6, 0], "uv": [31, 10]},
						{"origin": [-1.36509, 29.03486, -1.50785], "size": [0.1, 3.1, 0], "uv": [15, 66]},
						{"origin": [-1.97752, 29.03486, -1.50785], "size": [0.1, 3.1, 0], "uv": [15, 66]},
						{"origin": [-3.12752, 29.63486, -1.50785], "size": [2.5, 0.1, 0], "uv": [15, 66]},
						{"origin": [-3.12752, 30.23486, -1.50785], "size": [2.5, 0.1, 0], "uv": [15, 66]},
						{"origin": [-3.12752, 30.83486, -1.50785], "size": [2.5, 0.1, 0], "uv": [15, 66]},
						{"origin": [-3.12752, 31.43486, -1.50785], "size": [2.5, 0.1, 0], "uv": [15, 66]},
						{"origin": [-2.56509, 29.03486, -1.50785], "size": [0.1, 3.1, 0], "uv": [15, 66]}
					]
				},
				{
					"name": "eyeshappy",
					"parent": "head",
					"pivot": [-2.75, 30.25, -1.7],
					"rotation": [0, 45, 0]
				},
				{
					"name": "bone7",
					"parent": "eyeshappy",
					"pivot": [0.91091, 30.95, 6.46091],
					"rotation": [0, -87.5, 0],
					"cubes": [
						{"origin": [-5.43757, 30.23486, 6.14091], "size": [0.5, 0.7, 0], "uv": [31, 8]},
						{"origin": [-3.63757, 30.23486, 6.14091], "size": [0.5, 0.7, 0], "uv": [31, 8]},
						{"origin": [-4.93757, 30.83486, 6.14091], "size": [1.2, 0.7, 0], "uv": [31, 8]},
						{"origin": [-3.73757, 30.83486, 6.13091], "size": [0.1, 1.3, 0], "uv": [15, 66]},
						{"origin": [-4.35, 29.03486, 6.13091], "size": [0.1, 3.1, 0], "uv": [15, 66]},
						{"origin": [-5.5, 29.63486, 6.13091], "size": [2.5, 0.1, 0], "uv": [15, 66]},
						{"origin": [-5.5, 30.23486, 6.13091], "size": [2.5, 0.1, 0], "uv": [15, 66]},
						{"origin": [-5.5, 30.83486, 6.13091], "size": [2.5, 0.1, 0], "uv": [15, 66]},
						{"origin": [-5.5, 31.43486, 6.13091], "size": [2.5, 0.1, 0], "uv": [15, 66]},
						{"origin": [-4.93757, 30.93486, 6.13091], "size": [0.1, 1.2, 0], "uv": [15, 66]}
					]
				},
				{
					"name": "bone8",
					"parent": "eyeshappy",
					"pivot": [-2.68909, 30.95, -1.93909],
					"rotation": [0, 0.5, 0],
					"cubes": [
						{"origin": [-3.06509, 30.23486, -1.49785], "size": [0.5, 0.6, 0], "uv": [35, 5]},
						{"origin": [-2.46509, 30.93486, -1.49785], "size": [1.1, 0.5, 0], "uv": [35, 5]},
						{"origin": [-1.26509, 30.23486, -1.49785], "size": [0.5, 0.6, 0], "uv": [31, 10]},
						{"origin": [-1.36509, 29.03486, -1.50785], "size": [0.1, 3.1, 0], "uv": [15, 66]},
						{"origin": [-1.97752, 29.03486, -1.50785], "size": [0.1, 3.1, 0], "uv": [15, 66]},
						{"origin": [-3.12752, 29.63486, -1.50785], "size": [2.5, 0.1, 0], "uv": [15, 66]},
						{"origin": [-3.12752, 30.23486, -1.50785], "size": [2.5, 0.1, 0], "uv": [15, 66]},
						{"origin": [-3.12752, 30.83486, -1.50785], "size": [2.5, 0.1, 0], "uv": [15, 66]},
						{"origin": [-3.12752, 31.43486, -1.50785], "size": [2.5, 0.1, 0], "uv": [15, 66]},
						{"origin": [-2.56509, 29.03486, -1.50785], "size": [0.1, 3.1, 0], "uv": [15, 66]}
					]
				},
				{
					"name": "hair",
					"parent": "head",
					"pivot": [0, 31.1, -0.65],
					"rotation": [7.5, 0, 0],
					"cubes": [
						{"origin": [-3, 28.1, -3.65], "size": [6, 6, 6], "inflate": 0.1, "pivot": [0, 30.1, -0.65], "rotation": [0, 45, 0], "uv": [0, 11]}
					]
				},
				{
					"name": "head_side_right",
					"parent": "head",
					"pivot": [-4, 28, 0.05],
					"rotation": [13, -47.5, 0],
					"cubes": [
						{"origin": [-4, 28, 0.05], "size": [0, 3, 6], "uv": [44, 5], "mirror": true},
						{"origin": [-3.9, 27.2, -6.15], "size": [0, 1, 4], "pivot": [-1, 1, 0.25], "rotation": [-13, 0, 0], "uv": [26, 12], "mirror": true}
					]
				},
				{
					"name": "head_side_left",
					"parent": "head",
					"pivot": [4, 28, 0.05],
					"rotation": [13, 47.5, 0],
					"cubes": [
						{"origin": [4, 28, 0.05], "size": [0, 3, 6], "uv": [44, 5]},
						{"origin": [3.9, 27.2, -6.15], "size": [0, 1, 4], "pivot": [1, 1, 0.25], "rotation": [-13, 0, 0], "uv": [26, 12]}
					]
				},
				{
					"name": "left_hair_back",
					"parent": "head",
					"pivot": [-0.5, 32.8, 3.25],
					"rotation": [53.45959, -19.67043, -12.90355],
					"cubes": [
						{"origin": [-3.01828, 30.27354, 2.83678], "size": [2, 2, 2], "inflate": 0.01, "pivot": [-2.41828, 28.27354, 3.33678], "rotation": [0, 0, 14], "uv": [33, 66]},
						{"origin": [-2.41828, 32.67354, 3.33678], "size": [1, 1, 1], "inflate": 0.01, "pivot": [-2.41828, 28.27354, 3.33678], "rotation": [0, 0, 14], "uv": [55, 39]},
						{"origin": [-2.21828, 31.87354, 3.63678], "size": [0.5, 1, 0.5], "pivot": [-2.41828, 28.27354, 3.33678], "rotation": [0, 0, 14], "uv": [122, 14]},
						{"origin": [-3.51828, 27.27354, 2.33678], "size": [3, 3, 3], "inflate": 0.01, "pivot": [-2.41828, 28.27354, 3.33678], "rotation": [0, 0, 14], "uv": [58, 28]},
						{"origin": [-3.51828, 26.27354, 2.33678], "size": [3, 1, 3], "inflate": 0.05, "pivot": [-2.41828, 28.27354, 3.33678], "rotation": [0, 0, 14], "uv": [61, 34]},
						{"origin": [-2.51828, 27.27354, 2.33678], "size": [1, 1, 3], "inflate": 0.045, "pivot": [-2.41828, 28.27354, 3.33678], "rotation": [0, 0, 14], "uv": [17, 65]},
						{"origin": [-2.31828, 28.37354, 2.33678], "size": [0.6, 0.6, 3], "inflate": 0.045, "pivot": [-2.41828, 28.27354, 3.33678], "rotation": [0, 0, 14], "uv": [119, 29], "mirror": true}
					]
				},
				{
					"name": "right_hair_back",
					"parent": "head",
					"pivot": [1.1, 32.5, 2.55],
					"rotation": [53.45959, 19.67043, 12.90355],
					"cubes": [
						{"origin": [0.76885, 29.71457, 2.52589], "size": [2, 2, 2], "inflate": 0.01, "pivot": [2.16885, 27.71457, 3.02589], "rotation": [0, 0, -14], "uv": [33, 66], "mirror": true},
						{"origin": [1.16885, 32.11457, 3.02589], "size": [1, 1, 1], "inflate": 0.01, "pivot": [2.16885, 27.71457, 3.02589], "rotation": [0, 0, -14], "uv": [55, 39], "mirror": true},
						{"origin": [1.46885, 31.31457, 3.32589], "size": [0.5, 1, 0.5], "pivot": [2.16885, 27.71457, 3.02589], "rotation": [0, 0, -14], "uv": [122, 14], "mirror": true},
						{"origin": [0.26885, 26.71457, 2.02589], "size": [3, 3, 3], "inflate": 0.01, "pivot": [2.16885, 27.71457, 3.02589], "rotation": [0, 0, -14], "uv": [58, 28], "mirror": true},
						{"origin": [1.46885, 27.81457, 2.02589], "size": [0.6, 0.6, 3], "inflate": 0.045, "pivot": [2.16885, 27.71457, 3.02589], "rotation": [0, 0, -14], "uv": [119, 29]},
						{"origin": [0.26885, 25.71457, 2.02589], "size": [3, 1, 3], "inflate": 0.05, "pivot": [2.16885, 27.71457, 3.02589], "rotation": [0, 0, -14], "uv": [61, 34], "mirror": true},
						{"origin": [1.26885, 26.71457, 2.02589], "size": [1, 1, 3], "inflate": 0.045, "pivot": [2.16885, 27.71457, 3.02589], "rotation": [0, 0, -14], "uv": [17, 65], "mirror": true}
					]
				},
				{
					"name": "hair_back_right",
					"parent": "head",
					"pivot": [-5.4, 33.4, 2.15],
					"rotation": [2.9692, -33.97366, 1.27414],
					"cubes": [
						{"origin": [-5.47339, 31.30658, -1.00074], "size": [3, 3, 3], "uv": [12, 57], "mirror": true}
					]
				},
				{
					"name": "hair_back_right2",
					"parent": "hair_back_right",
					"pivot": [-5.4, 33.4, 2.15],
					"rotation": [25, 0, 0],
					"cubes": [
						{"origin": [-5.47339, 30.28535, -0.60348], "size": [3, 4, 3], "inflate": 0.01, "uv": [56, 38], "mirror": true}
					]
				},
				{
					"name": "hair_back_right3",
					"parent": "hair_back_right2",
					"pivot": [-3.9, 29.4, 2.35],
					"rotation": [-33, 0, 0],
					"cubes": [
						{"origin": [-5.37339, 26.20035, -1.10172], "size": [3, 4, 3], "uv": [0, 56], "mirror": true}
					]
				},
				{
					"name": "hair_back_right4",
					"parent": "hair_back_right3",
					"pivot": [-3.9, 25.4, 1.85],
					"rotation": [-66.5, 0, 0],
					"cubes": [
						{"origin": [-4.97339, 22.52885, -1.05995], "size": [2, 3, 2], "inflate": 0.01, "uv": [41, 63], "mirror": true}
					]
				},
				{
					"name": "hair_back_left",
					"parent": "head",
					"pivot": [5.4, 33.4, 2.15],
					"rotation": [2.9692, 33.97366, -1.27414],
					"cubes": [
						{"origin": [2.47339, 31.30658, -1.00074], "size": [3, 3, 3], "uv": [12, 57]}
					]
				},
				{
					"name": "hair_back_left2",
					"parent": "hair_back_left",
					"pivot": [5.4, 33.4, 2.15],
					"rotation": [25, 0, 0],
					"cubes": [
						{"origin": [2.47339, 30.28535, -0.60348], "size": [3, 4, 3], "inflate": 0.01, "uv": [56, 38]}
					]
				},
				{
					"name": "hair_back_left3",
					"parent": "hair_back_left2",
					"pivot": [3.9, 29.4, 2.35],
					"rotation": [-33, 0, 0],
					"cubes": [
						{"origin": [2.37339, 26.20035, -1.10172], "size": [3, 4, 3], "uv": [0, 56]}
					]
				},
				{
					"name": "hair_back_left4",
					"parent": "hair_back_left3",
					"pivot": [3.9, 25.4, 1.85],
					"rotation": [-66.5, 0, 0],
					"cubes": [
						{"origin": [2.97339, 22.52885, -1.05995], "size": [2, 3, 2], "inflate": 0.01, "uv": [41, 63]}
					]
				},
				{
					"name": "arm_left",
					"parent": "chest",
					"pivot": [2, 26.5, 0],
					"cubes": [
						{"origin": [2.9, 26.3, -0.5], "size": [0.2, 0.2, 1], "uv": [15, 38], "mirror": true},
						{"origin": [2.5, 25.5, -0.5], "size": [0.3, 1, 1], "uv": [29, 26]},
						{"origin": [2.8, 25.8, -0.2], "size": [0.3, 0.4, 0.4], "uv": [122, 14]},
						{"origin": [2, 25.6, -0.4], "size": [0.7, 0.8, 0.8], "uv": [122, 14]},
						{"origin": [3, 25.5, -0.5], "size": [6, 1, 1], "uv": [59, 0]}
					]
				},
				{
					"name": "arm_left2",
					"parent": "arm_left",
					"pivot": [9, 26, 0.5],
					"cubes": [
						{"origin": [9, 23.8, -1.9], "size": [7, 4, 4], "inflate": 0.01, "uv": [0, 37]},
						{"origin": [6, 26.8, -1.3], "size": [3, 1, 3], "inflate": 0.011, "uv": [61, 19]},
						{"origin": [5.3, 27.8, -1.3], "size": [1, 0, 3], "uv": [13, 23]},
						{"origin": [6, 26, -1.3], "size": [3, 1, 0], "inflate": 0.01, "uv": [62, 18]},
						{"origin": [5.4, 26.8, -1.3], "size": [3, 1, 0], "uv": [62, 6]},
						{"origin": [5.4, 26.8, 1.7], "size": [3, 1, 0], "uv": [9, 58]},
						{"origin": [6, 26, 1.7], "size": [3, 1, 0], "inflate": 0.01, "uv": [62, 7]}
					]
				},
				{
					"name": "blade",
					"parent": "arm_left2",
					"pivot": [15, 27.6, 0],
					"cubes": [
						{"origin": [-6, 27.6, 0.1], "size": [22, 5, 0], "inflate": 0.01, "pivot": [15, 27.6, 0], "rotation": [0, 0, 1], "uv": [84, 55], "mirror": true}
					]
				},
				{
					"name": "hand_left",
					"parent": "arm_left2",
					"pivot": [16, 26.8, 0.1]
				},
				{
					"name": "finger_front_left",
					"parent": "hand_left",
					"pivot": [16, 25.7, -0.9],
					"cubes": [
						{"origin": [16, 24.8, -0.9], "size": [3, 2, 0], "uv": [54, 51]}
					]
				},
				{
					"name": "finger_center_left",
					"parent": "hand_left",
					"pivot": [16, 25.8, 0.1],
					"cubes": [
						{"origin": [15.5, 24.8, 0.1], "size": [5, 2, 0], "uv": [62, 16]}
					]
				},
				{
					"name": "finger_back_left",
					"parent": "hand_left",
					"pivot": [16, 25.8, 1.1],
					"cubes": [
						{"origin": [16, 24.8, 1.1], "size": [3, 2, 0], "uv": [52, 29]}
					]
				},
				{
					"name": "bladesword",
					"parent": "hand_left",
					"pivot": [16, 24.3, 0],
					"rotation": [0, 85, 0],
					"cubes": [
						{"origin": [2.4, 23.6, 0], "size": [26.2, 1, 0.2], "pivot": [41, -2.2, 0], "rotation": [0, 0, 1], "uv": [0, 0]}
					]
				},
				{
					"name": "blade4",
					"parent": "bladesword",
					"pivot": [-9, 50.8, 0],
					"rotation": [0, 0, -180],
					"cubes": [
						{"origin": [-21.6, 75.8, 0.1], "size": [1, 2, 0], "inflate": 0.02, "pivot": [-9, 50.8, 0], "rotation": [0, 0, 1], "uv": [38, 1]},
						{"origin": [-20.6, 75.8, 0.1], "size": [3, 1, 0], "inflate": 0.02, "pivot": [-9, 50.8, 0], "rotation": [0, 0, 1], "uv": [26, 34]},
						{"origin": [-21, 75.8, 0.1], "size": [19, 5, 0], "pivot": [-9, 50.8, 0], "rotation": [0, 0, 1], "uv": [0, 1]},
						{"origin": [-17.6, 75.8, 0.1], "size": [3, 0.7, 0], "inflate": 0.02, "pivot": [-9, 50.8, 0], "rotation": [0, 0, 1], "uv": [15, 39]}
					]
				},
				{
					"name": "blade3",
					"parent": "bladesword",
					"pivot": [41, -2.2, 0],
					"cubes": [
						{"origin": [28.4, 22.8, 0.1], "size": [1, 2, 0], "inflate": 0.02, "pivot": [41, -2.2, 0], "rotation": [0, 0, 1], "uv": [52, 22]},
						{"origin": [29.4, 22.8, 0.1], "size": [3, 1, 0], "inflate": 0.02, "pivot": [41, -2.2, 0], "rotation": [0, 0, 1], "uv": [36, 22]},
						{"origin": [29, 22.8, 0.1], "size": [19, 5, 0], "pivot": [41, -2.2, 0], "rotation": [0, 0, 1], "uv": [0, 6]},
						{"origin": [32.4, 22.8, 0.1], "size": [3, 0.7, 0], "inflate": 0.02, "pivot": [41, -2.2, 0], "rotation": [0, 0, 1], "uv": [15, 39]}
					]
				},
				{
					"name": "arm_right",
					"parent": "chest",
					"pivot": [-2, 26.5, 0],
					"cubes": [
						{"origin": [-9.1, 25.5, -0.5], "size": [6, 1, 1], "uv": [59, 0]},
						{"origin": [-3.1, 26.3, -0.5], "size": [0.2, 0.2, 1], "uv": [15, 38]},
						{"origin": [-2.8, 25.5, -0.5], "size": [0.3, 1, 1], "uv": [29, 26], "mirror": true},
						{"origin": [-3.1, 25.8, -0.2], "size": [0.3, 0.4, 0.4], "uv": [122, 14], "mirror": true},
						{"origin": [-2.7, 25.6, -0.4], "size": [0.7, 0.8, 0.8], "uv": [122, 14], "mirror": true}
					]
				},
				{
					"name": "arm_right2",
					"parent": "arm_right",
					"pivot": [-9, 26, 0.5],
					"cubes": [
						{"origin": [-16, 23.8, -1.9], "size": [7, 4, 4], "inflate": 0.01, "uv": [0, 37], "mirror": true},
						{"origin": [-9, 26.8, -1.3], "size": [3, 1, 3], "inflate": 0.011, "uv": [61, 19], "mirror": true},
						{"origin": [-6.3, 27.8, -1.3], "size": [1, 0, 3], "uv": [13, 23], "mirror": true},
						{"origin": [-9, 26, -1.3], "size": [3, 1, 0], "inflate": 0.01, "uv": [62, 18], "mirror": true},
						{"origin": [-8.4, 26.8, -1.3], "size": [3, 1, 0], "uv": [62, 6], "mirror": true},
						{"origin": [-8.4, 26.8, 1.7], "size": [3, 1, 0], "uv": [9, 58], "mirror": true},
						{"origin": [-9, 26, 1.7], "size": [3, 1, 0], "inflate": 0.01, "uv": [62, 7], "mirror": true}
					]
				},
				{
					"name": "hand_right",
					"parent": "arm_right2",
					"pivot": [-16, 26.8, 0.1]
				},
				{
					"name": "finger_front_right",
					"parent": "hand_right",
					"pivot": [-16, 25.6, -0.9],
					"cubes": [
						{"origin": [-19, 24.8, -0.9], "size": [3, 2, 0], "uv": [54, 51], "mirror": true}
					]
				},
				{
					"name": "finger_center_right",
					"parent": "hand_right",
					"pivot": [-16, 25.7, 0.1],
					"cubes": [
						{"origin": [-20.5, 24.8, 0.1], "size": [5, 2, 0], "uv": [62, 16], "mirror": true}
					]
				},
				{
					"name": "finger_back_right",
					"parent": "hand_right",
					"pivot": [-16, 25.7, 1.1],
					"cubes": [
						{"origin": [-19, 24.8, 1.1], "size": [3, 2, 0], "uv": [52, 29], "mirror": true}
					]
				},
				{
					"name": "blade2",
					"parent": "arm_right2",
					"pivot": [-15, 27.6, 0],
					"cubes": [
						{"origin": [-16, 27.6, 0.1], "size": [22, 5, 0], "inflate": 0.01, "pivot": [-15, 27.6, 0], "rotation": [0, 0, -1], "uv": [84, 55]}
					]
				},
				{
					"name": "skirts",
					"parent": "waist",
					"pivot": [0, 0, 0],
					"cubes": [
						{"origin": [-2.2, 16.5, 0.5], "size": [3.5, 2, 2.1], "inflate": 0.00001, "pivot": [2, 16.5, 0], "rotation": [0, 37, 0], "uv": [0, 63]},
						{"origin": [-1.3, 16.5, 0.5], "size": [3.5, 2, 2.1], "inflate": 0.00001, "pivot": [-2, 16.5, 0], "rotation": [0, -37, 0], "uv": [0, 63], "mirror": true},
						{"origin": [-3, 16.5, -3], "size": [6, 2, 6], "inflate": 0.01, "uv": [8, 29], "mirror": true},
						{"origin": [-3, 16.5, -3], "size": [6, 2, 6], "inflate": 0.01, "uv": [8, 29]}
					]
				},
				{
					"name": "skirt_left4",
					"parent": "skirts",
					"pivot": [1.4, 18.8, 2.8],
					"rotation": [14.24087, -58.424, -13.51076],
					"cubes": [
						{"origin": [2.05216, 13.16059, -4.88586], "size": [0.3, 4.1, 1.4], "pivot": [1.4, -0.7, 2.3], "rotation": [-19, 0, 0], "uv": [15, 36]},
						{"origin": [2.05216, 13.16059, -4.98586], "size": [0.3, 4.1, 0.1], "pivot": [1.4, -0.7, 2.3], "rotation": [-19, 0, 0], "uv": [21, 35]},
						{"origin": [2.05216, 12.56059, -0.08586], "size": [0.3, 2.4, 0.1], "inflate": 0.001, "uv": [21, 36], "mirror": true},
						{"origin": [2.05216, 18.56059, 2.01414], "size": [0.3, 2, 2.6], "inflate": 0.001, "uv": [15, 37], "mirror": true},
						{"origin": [2.05216, 18.56059, 1.91414], "size": [0.3, 2, 0.1], "inflate": 0.001, "uv": [19, 35]},
						{"origin": [2.05216, 18.56059, 4.61414], "size": [0.3, 2, 0.1], "inflate": 0.001, "uv": [19, 35]},
						{"origin": [2.05216, 20.56059, 1.91414], "size": [0.3, 0.1, 2.8], "inflate": 0.001, "uv": [17, 33]},
						{"origin": [2.05216, 18.56059, 1.31414], "size": [0.3, 0.1, 0.7], "inflate": 0.001, "uv": [19, 35]},
						{"origin": [2.05216, 12.36059, 0.01414], "size": [0.3, 2.4, 1.4], "inflate": 0.001, "uv": [15, 37], "mirror": true},
						{"origin": [2.05216, 12.56059, 1.41414], "size": [0.3, 6, 3.6], "inflate": 0.001, "uv": [11, 32], "mirror": true},
						{"origin": [1.95216, 14.56059, 1.41414], "size": [0, 4, 3.6], "inflate": 0.001, "uv": [4, 22], "mirror": true},
						{"origin": [1.95216, 12.36059, 1.41414], "size": [0, 2.2, 3.6], "inflate": 0.001, "uv": [4, 23], "mirror": true},
						{"origin": [1.95216, 12.36059, 0.01414], "size": [0, 2.4, 1.4], "inflate": 0.001, "uv": [7, 25], "mirror": true},
						{"origin": [1.95216, 13.16059, -4.88586], "size": [0, 4.1, 1.4], "pivot": [1, -0.7, 2.3], "rotation": [-19, 0, 0], "uv": [6, 24]},
						{"origin": [2.05216, 12.56059, 5.01414], "size": [0.3, 6, 0.1], "inflate": 0.001, "uv": [20, 35], "mirror": true},
						{"origin": [2.05216, 18.56059, 1.41414], "size": [0.3, 0.1, 3.6], "inflate": 0.001, "uv": [17, 34], "mirror": true},
						{"origin": [2.05216, 18.56059, 4.61414], "size": [0.3, 2, 0.2], "inflate": 0.001, "uv": [14, 37], "mirror": true},
						{"origin": [2.05216, 18.56059, 1.81414], "size": [0.3, 2, 0.2], "inflate": 0.001, "uv": [14, 37], "mirror": true},
						{"origin": [2.05216, 20.56059, 1.81414], "size": [0.3, 0.1, 3], "inflate": 0.001, "uv": [12, 35], "mirror": true}
					]
				},
				{
					"name": "skirt_left5",
					"parent": "skirt_left4",
					"pivot": [1.4, 12.8, -0.2],
					"rotation": [0, 0, 2.5],
					"cubes": [
						{"origin": [2.06198, 6.58926, -0.68586], "size": [0.3, 6, 5.8], "inflate": 0.01, "uv": [10, 46], "mirror": true},
						{"origin": [2.97478, 6.47735, 1.91992], "size": [0.2, 1, 0.6], "inflate": 0.01, "pivot": [1.4, -6.7, 2.3], "rotation": [0, 0, -3], "uv": [127, 33], "mirror": true},
						{"origin": [2.06198, 6.58926, -0.78586], "size": [0.3, 6, 0.1], "inflate": 0.01, "uv": [19, 35], "mirror": true},
						{"origin": [2.16198, 6.58926, 5.11414], "size": [0.3, 6, 0.1], "inflate": 0.01, "uv": [19, 35], "mirror": true}
					]
				},
				{
					"name": "skirt_left6",
					"parent": "skirt_left5",
					"pivot": [1.4, 6.8, -1.2],
					"rotation": [0, 0, -7.5],
					"cubes": [
						{"origin": [2.02881, 1.50466, -0.28586], "size": [0.3, 5, 5], "uv": [20, 46]},
						{"origin": [2.02881, 1.50466, -0.38586], "size": [0.3, 5, 0.1], "uv": [18, 35]},
						{"origin": [2.02881, 1.50466, 4.71414], "size": [0.3, 5, 0.1], "uv": [18, 35]},
						{"origin": [2.02881, 1.40466, -0.38586], "size": [0.3, 0.1, 5.2], "uv": [13, 30]},
						{"origin": [2.30415, 1.48669, 1.71992], "size": [0.2, 5, 1], "uv": [117, 28], "mirror": true},
						{"origin": [2.30415, 0.98669, 1.91992], "size": [0.2, 0.5, 0.6], "uv": [127, 33], "mirror": true}
					]
				},
				{
					"name": "skirt_right4",
					"parent": "skirts",
					"pivot": [-1.4, 18.8, 2.8],
					"rotation": [14.24087, 58.424, 13.51076],
					"cubes": [
						{"origin": [-2.35216, 18.56059, 2.01414], "size": [0.3, 2, 2.6], "inflate": 0.001, "uv": [15, 37]},
						{"origin": [-2.35216, 18.56059, 4.61414], "size": [0.3, 2, 0.2], "inflate": 0.001, "uv": [14, 37]},
						{"origin": [-2.35216, 18.56059, 1.81414], "size": [0.3, 2, 0.2], "inflate": 0.001, "uv": [14, 37]},
						{"origin": [-2.35216, 20.56059, 1.81414], "size": [0.3, 0.1, 3], "inflate": 0.001, "uv": [12, 35]},
						{"origin": [-1.95216, 12.36059, 0.01414], "size": [0, 2.4, 1.4], "inflate": 0.001, "uv": [7, 25]},
						{"origin": [-1.95216, 13.16059, -4.88586], "size": [0, 4.1, 1.4], "pivot": [-1, -0.7, 2.3], "rotation": [-19, 0, 0], "uv": [6, 24], "mirror": true},
						{"origin": [-2.35216, 13.16059, -4.98586], "size": [0.3, 4.1, 0.1], "pivot": [-1.4, -0.7, 2.3], "rotation": [-19, 0, 0], "uv": [21, 35], "mirror": true},
						{"origin": [-1.95216, 12.36059, 1.41414], "size": [0, 2.2, 3.6], "inflate": 0.001, "uv": [4, 23]},
						{"origin": [-2.35216, 12.56059, 5.01414], "size": [0.3, 6, 0.1], "inflate": 0.001, "uv": [20, 35]},
						{"origin": [-2.35216, 12.56059, -0.08586], "size": [0.3, 2.4, 0.1], "inflate": 0.001, "uv": [21, 36]},
						{"origin": [-2.35216, 18.56059, 1.41414], "size": [0.3, 0.1, 3.6], "inflate": 0.001, "uv": [17, 34]},
						{"origin": [-2.35216, 18.56059, 1.91414], "size": [0.3, 2, 0.1], "inflate": 0.001, "uv": [19, 35], "mirror": true},
						{"origin": [-2.35216, 18.56059, 1.31414], "size": [0.3, 0.1, 0.7], "inflate": 0.001, "uv": [19, 35], "mirror": true},
						{"origin": [-2.35216, 18.56059, 4.61414], "size": [0.3, 2, 0.1], "inflate": 0.001, "uv": [19, 35], "mirror": true},
						{"origin": [-2.35216, 20.56059, 1.91414], "size": [0.3, 0.1, 2.8], "inflate": 0.001, "uv": [17, 33], "mirror": true},
						{"origin": [-2.35216, 13.16059, -4.88586], "size": [0.3, 4.1, 1.4], "pivot": [-1.4, -0.7, 2.3], "rotation": [-19, 0, 0], "uv": [15, 36], "mirror": true},
						{"origin": [-2.35216, 12.36059, 0.01414], "size": [0.3, 2.4, 1.4], "inflate": 0.001, "uv": [15, 37]},
						{"origin": [-2.35216, 12.56059, 1.41414], "size": [0.3, 6, 3.6], "inflate": 0.001, "uv": [11, 32]},
						{"origin": [-1.95216, 14.56059, 1.41414], "size": [0, 4, 3.6], "inflate": 0.001, "uv": [4, 22]}
					]
				},
				{
					"name": "skirt_right5",
					"parent": "skirt_right4",
					"pivot": [-1.4, 12.8, -0.2],
					"rotation": [0, 0, -2.5],
					"cubes": [
						{"origin": [-2.36198, 6.58926, -0.68586], "size": [0.3, 6, 5.8], "inflate": 0.01, "uv": [10, 46]},
						{"origin": [-2.46198, 6.58926, 5.11414], "size": [0.3, 6, 0.1], "inflate": 0.01, "uv": [19, 35]},
						{"origin": [-2.36198, 6.58926, -0.78586], "size": [0.3, 6, 0.1], "inflate": 0.01, "uv": [19, 35]},
						{"origin": [-3.17478, 6.47735, 1.91992], "size": [0.2, 1, 0.6], "inflate": 0.01, "pivot": [-1.4, -6.7, 2.3], "rotation": [0, 0, 3], "uv": [127, 33]}
					]
				},
				{
					"name": "skirt_right6",
					"parent": "skirt_right5",
					"pivot": [-1.4, 6.8, -1.2],
					"rotation": [0, 0, 7.5],
					"cubes": [
						{"origin": [-2.32881, 1.40466, -0.38586], "size": [0.3, 0.1, 5.2], "uv": [13, 30], "mirror": true},
						{"origin": [-2.50415, 1.48669, 1.71992], "size": [0.2, 5, 1], "uv": [117, 28]},
						{"origin": [-2.50415, 0.98669, 1.91992], "size": [0.2, 0.5, 0.6], "uv": [127, 33]},
						{"origin": [-2.32881, 1.50466, -0.28586], "size": [0.3, 5, 5], "uv": [20, 46], "mirror": true},
						{"origin": [-2.32881, 1.50466, -0.38586], "size": [0.3, 5, 0.1], "uv": [18, 35], "mirror": true},
						{"origin": [-2.32881, 1.50466, 4.71414], "size": [0.3, 5, 0.1], "uv": [18, 35], "mirror": true}
					]
				},
				{
					"name": "skirt_right",
					"parent": "skirts",
					"pivot": [-2, 18.6, 0],
					"rotation": [-3, -0.5, 20],
					"cubes": [
						{"origin": [0.44784, 18.06059, -2.08586], "size": [0.3, 2, 3.8], "pivot": [-2, -0.9, -0.5], "rotation": [0, 0, -10], "uv": [11, 35]},
						{"origin": [0.44784, 18.06059, -2.08586], "size": [0.3, 2, 3.8], "pivot": [-2, -0.9, -0.5], "rotation": [0, 0, -10], "uv": [22, 37]},
						{"origin": [0.44784, 18.06059, 1.71414], "size": [0.3, 2, 0.2], "pivot": [-2, -0.9, -0.5], "rotation": [0, 0, -10], "uv": [36, 39]},
						{"origin": [0.44784, 18.06059, 1.71414], "size": [0.3, 2, 0.2], "pivot": [-2, -0.9, -0.5], "rotation": [0, 0, -10], "uv": [36, 39]},
						{"origin": [0.44784, 18.06059, -2.28586], "size": [0.3, 2, 0.2], "pivot": [-2, -0.9, -0.5], "rotation": [0, 0, -10], "uv": [36, 39]},
						{"origin": [0.44784, 18.06059, -2.28586], "size": [0.3, 2, 0.2], "pivot": [-2, -0.9, -0.5], "rotation": [0, 0, -10], "uv": [36, 39]},
						{"origin": [-2.95216, 12.36059, -3.08586], "size": [0.3, 6, 5.8], "uv": [11, 32]},
						{"origin": [-2.85216, 12.36059, -3.08586], "size": [0.3, 1, 5.8], "uv": [7, 56]},
						{"origin": [-2.85216, 13.36059, -3.08586], "size": [0.3, 1, 5.8], "uv": [7, 56]},
						{"origin": [-2.85216, 14.36059, -3.08586], "size": [0.3, 1, 5.8], "uv": [7, 56]},
						{"origin": [-2.85216, 15.36059, -3.08586], "size": [0.3, 1, 5.8], "uv": [7, 56]},
						{"origin": [-2.85216, 16.36059, -3.08586], "size": [0.3, 1, 5.8], "uv": [7, 56]},
						{"origin": [-2.85216, 17.26059, -3.08586], "size": [0.3, 1, 5.8], "uv": [7, 56]},
						{"origin": [-2.95216, 12.36059, 2.71414], "size": [0.3, 6, 0.2], "uv": [14, 41]},
						{"origin": [-2.95216, 12.36059, -3.28586], "size": [0.3, 6, 0.2], "uv": [14, 41]},
						{"origin": [0.74784, 18.06059, -2.08586], "size": [0, 2, 3.8], "pivot": [-2, -0.9, -0.5], "rotation": [0, 0, -10], "uv": [23, 41]}
					]
				},
				{
					"name": "skirt_right2",
					"parent": "skirt_right",
					"pivot": [-2, 12.6, -3],
					"rotation": [0, 0, -2.5],
					"cubes": [
						{"origin": [-2.96198, 6.38926, 3.55], "size": [0.3, 6, 0], "inflate": 0.01, "uv": [12, 37]},
						{"origin": [-2.96198, 6.28926, -3.85], "size": [0.2, 0.1, 7.4], "inflate": 0.01, "uv": [9, 33]},
						{"origin": [-2.96198, 6.28926, -3.85], "size": [0.3, 0.1, 0.7], "inflate": 0.01, "uv": [16, 40]},
						{"origin": [-2.96198, 6.28926, 2.75], "size": [0.3, 0.1, 0.7], "inflate": 0.01, "uv": [16, 40]},
						{"origin": [-2.96198, 6.28926, -2.85], "size": [0.2, 0.1, 0.4], "inflate": 0.01, "uv": [16, 40]},
						{"origin": [-3.06198, 6.38926, -3.85], "size": [0.4, 6, 0], "inflate": 0.01, "uv": [12, 37]},
						{"origin": [-3.8, 6.28934, -0.38585], "size": [0.2, 1, 0.6], "inflate": 0.01, "pivot": [-2, -6.9, -0.5], "rotation": [0, 0, 3], "uv": [127, 33]},
						{"origin": [-2.97, 12.28926, -3.85], "size": [0.3, 0.2, 7.4], "inflate": 0.01, "uv": [34, 12]},
						{"origin": [-2.96198, 6.38926, -3.78586], "size": [0.3, 6, 7.3], "inflate": 0.01, "uv": [36, 9]},
						{"origin": [-2.96198, 6.38926, -3.85], "size": [0.3, 6, 0], "inflate": 0.01, "uv": [12, 37]},
						{"origin": [-2.975, 12.38926, -3.85], "size": [0.3, 0.1, 7.4], "inflate": 0.01, "uv": [9, 33]}
					]
				},
				{
					"name": "skirt_right3",
					"parent": "skirt_right2",
					"pivot": [-2, 6.6, -4],
					"rotation": [0, 0, 7.5],
					"cubes": [
						{"origin": [-2.92881, 1.30466, -3.08586], "size": [0.3, 5, 6], "uv": [0, 39]},
						{"origin": [-2.92881, 1.30466, 2.91414], "size": [0.3, 5, 0], "uv": [38, 36]},
						{"origin": [-2.92881, 1.30466, -3.08586], "size": [0.3, 5, 0], "uv": [38, 36]},
						{"origin": [-3.13055, 1.30451, -0.58585], "size": [0.2, 5, 1], "uv": [119, 28]},
						{"origin": [-3.13055, 6.30451, -0.58585], "size": [0.2, 0.2, 1], "uv": [119, 28]},
						{"origin": [-3.13055, 0.80451, -0.38585], "size": [0.2, 0.5, 0.6], "uv": [127, 33]}
					]
				},
				{
					"name": "skirt_left",
					"parent": "skirts",
					"pivot": [2, 18.6, 0],
					"rotation": [-3, 0.5, -20],
					"cubes": [
						{"origin": [-0.74784, 18.06059, -2.08586], "size": [0.3, 2, 3.8], "pivot": [2, -0.9, -0.5], "rotation": [0, 0, 10], "uv": [11, 35], "mirror": true},
						{"origin": [-0.74784, 18.06059, -2.08586], "size": [0, 2, 3.8], "pivot": [2, -0.9, -0.5], "rotation": [0, 0, 10], "uv": [23, 41], "mirror": true},
						{"origin": [-0.74784, 18.06059, -2.08586], "size": [0.3, 2, 3.8], "pivot": [2, -0.9, -0.5], "rotation": [0, 0, 10], "uv": [22, 37], "mirror": true},
						{"origin": [-0.74784, 18.06059, 1.71414], "size": [0.3, 2, 0.2], "pivot": [2, -0.9, -0.5], "rotation": [0, 0, 10], "uv": [36, 39], "mirror": true},
						{"origin": [-0.74784, 18.06059, 1.71414], "size": [0.3, 2, 0.2], "pivot": [2, -0.9, -0.5], "rotation": [0, 0, 10], "uv": [36, 39], "mirror": true},
						{"origin": [-0.74784, 18.06059, -2.28586], "size": [0.3, 2, 0.2], "pivot": [2, -0.9, -0.5], "rotation": [0, 0, 10], "uv": [36, 39], "mirror": true},
						{"origin": [-0.74784, 18.06059, -2.28586], "size": [0.3, 2, 0.2], "pivot": [2, -0.9, -0.5], "rotation": [0, 0, 10], "uv": [36, 39], "mirror": true},
						{"origin": [2.65216, 12.36059, -3.08586], "size": [0.3, 6, 5.8], "uv": [11, 32], "mirror": true},
						{"origin": [2.65216, 12.36059, 2.71414], "size": [0.3, 6, 0.2], "uv": [14, 41], "mirror": true},
						{"origin": [2.65216, 12.36059, -3.28586], "size": [0.3, 6, 0.2], "uv": [14, 41], "mirror": true},
						{"origin": [2.55216, 17.26059, -3.08586], "size": [0.3, 1, 5.8], "uv": [7, 56], "mirror": true},
						{"origin": [2.55216, 16.36059, -3.08586], "size": [0.3, 1, 5.8], "uv": [7, 56], "mirror": true},
						{"origin": [2.55216, 15.36059, -3.08586], "size": [0.3, 1, 5.8], "uv": [7, 56], "mirror": true},
						{"origin": [2.55216, 14.36059, -3.08586], "size": [0.3, 1, 5.8], "uv": [7, 56], "mirror": true},
						{"origin": [2.55216, 12.36059, -3.08586], "size": [0.3, 1, 5.8], "uv": [7, 56], "mirror": true},
						{"origin": [2.55216, 13.36059, -3.08586], "size": [0.3, 1, 5.8], "uv": [7, 56], "mirror": true}
					]
				},
				{
					"name": "skirt_left2",
					"parent": "skirt_left",
					"pivot": [2, 12.6, -3],
					"rotation": [0, 0, 2.5],
					"cubes": [
						{"origin": [2.66198, 6.38926, -3.78586], "size": [0.3, 6, 7.3], "inflate": 0.01, "uv": [36, 9], "mirror": true},
						{"origin": [2.66198, 6.38926, 3.55], "size": [0.3, 6, 0], "inflate": 0.01, "uv": [12, 37], "mirror": true},
						{"origin": [2.66198, 6.38926, -3.85], "size": [0.3, 6, 0], "inflate": 0.01, "uv": [12, 37], "mirror": true},
						{"origin": [3.6, 6.28934, -0.38585], "size": [0.2, 1, 0.6], "inflate": 0.01, "pivot": [2, -6.9, -0.5], "rotation": [0, 0, -3], "uv": [127, 33], "mirror": true},
						{"origin": [2.675, 12.38926, -3.85], "size": [0.3, 0.1, 7.4], "inflate": 0.01, "uv": [9, 33], "mirror": true},
						{"origin": [2.76198, 6.28926, -2.85], "size": [0.2, 0.1, 0.4], "inflate": 0.01, "uv": [16, 40], "mirror": true},
						{"origin": [2.66198, 6.28926, 2.75], "size": [0.3, 0.1, 0.7], "inflate": 0.01, "uv": [16, 40], "mirror": true},
						{"origin": [2.76198, 6.28926, -3.85], "size": [0.2, 0.1, 7.4], "inflate": 0.01, "uv": [9, 33], "mirror": true},
						{"origin": [2.66198, 6.28926, -3.85], "size": [0.3, 0.1, 0.7], "inflate": 0.01, "uv": [16, 40], "mirror": true},
						{"origin": [2.66198, 6.38926, -3.85], "size": [0.4, 6, 0], "inflate": 0.01, "uv": [12, 37], "mirror": true},
						{"origin": [2.67, 12.28926, -3.85], "size": [0.3, 0.2, 7.4], "inflate": 0.01, "uv": [34, 12], "mirror": true}
					]
				},
				{
					"name": "skirt_left3",
					"parent": "skirt_left2",
					"pivot": [2, 6.6, -4],
					"rotation": [0, 0, -7.5],
					"cubes": [
						{"origin": [2.62881, 1.30466, -3.08586], "size": [0.3, 5, 6], "uv": [0, 39], "mirror": true},
						{"origin": [2.62881, 1.30466, 2.91414], "size": [0.3, 5, 0], "uv": [38, 36], "mirror": true},
						{"origin": [2.62881, 1.30466, -3.08586], "size": [0.3, 5, 0], "uv": [38, 36], "mirror": true},
						{"origin": [2.93055, 1.30451, -0.58585], "size": [0.2, 5, 1], "uv": [119, 28], "mirror": true},
						{"origin": [2.93055, 0.80451, -0.38585], "size": [0.2, 0.5, 0.6], "uv": [127, 33], "mirror": true},
						{"origin": [2.93055, 6.30451, -0.58585], "size": [0.2, 0.2, 1], "uv": [119, 28], "mirror": true}
					]
				},
				{
					"name": "leg_left",
					"parent": "waist",
					"pivot": [2, 16.5, 0],
					"cubes": [
						{"origin": [1, 9.5, -1], "size": [2, 6, 2], "uv": [51, 60]},
						{"origin": [1, 15.5, -1], "size": [2, 2, 2], "inflate": -0.2, "uv": [64, 23]},
						{"origin": [1.5, 13.9, -0.7], "size": [1, 2, 1], "uv": [120, 13], "mirror": true},
						{"origin": [1.28787, 9.1, -1.48787], "size": [1, 0.3, 1], "uv": [121, 14], "mirror": true},
						{"origin": [1.28787, 8.9, -0.48787], "size": [1, 2, 1], "uv": [120, 13], "mirror": true},
						{"origin": [1, 8.5, -1.8], "size": [2, 2, 1], "inflate": -0.1, "uv": [36, 54]}
					]
				},
				{
					"name": "leg_left2",
					"parent": "leg_left",
					"pivot": [2, 10, -1],
					"cubes": [
						{"origin": [0.5, 5, -1.5], "size": [3, 4, 3], "uv": [39, 56]},
						{"origin": [0.5, 0.1, -1.5], "size": [3, 5, 3], "inflate": 0.2, "uv": [50, 14]},
						{"origin": [1.1, -0.1, -1.8], "size": [0.6, 4, 0], "uv": [120, 33]},
						{"origin": [2.3, -0.1, -1.8], "size": [0.6, 4, 0], "uv": [120, 33]}
					]
				},
				{
					"name": "foot_left",
					"parent": "leg_left2",
					"pivot": [2, 5, 0]
				},
				{
					"name": "leg_right",
					"parent": "waist",
					"pivot": [-2, 16.5, 0],
					"cubes": [
						{"origin": [-2.5, 13.9, -0.7], "size": [1, 2, 1], "uv": [120, 13]},
						{"origin": [-2.71213, 9.1, -1.48787], "size": [1, 0.3, 1], "uv": [120, 13]},
						{"origin": [-2.71213, 8.9, -0.48787], "size": [1, 2, 1], "uv": [120, 13]},
						{"origin": [-3, 8.5, -1.8], "size": [2, 2, 1], "inflate": -0.1, "uv": [36, 54], "mirror": true},
						{"origin": [-3, 9.5, -1], "size": [2, 6, 2], "uv": [51, 60], "mirror": true},
						{"origin": [-3, 15.5, -1], "size": [2, 2, 2], "inflate": -0.2, "uv": [64, 23], "mirror": true}
					]
				},
				{
					"name": "leg_right2",
					"parent": "leg_right",
					"pivot": [-2, 10, -1],
					"cubes": [
						{"origin": [-3.5, 5, -1.5], "size": [3, 4, 3], "uv": [39, 56], "mirror": true},
						{"origin": [-3.5, 0.1, -1.5], "size": [3, 5, 3], "inflate": 0.2, "uv": [50, 14], "mirror": true},
						{"origin": [-1.7, -0.1, -1.8], "size": [0.6, 4, 0], "uv": [120, 33], "mirror": true},
						{"origin": [-2.9, -0.1, -1.8], "size": [0.6, 4, 0], "uv": [120, 33], "mirror": true}
					]
				}
			]
		}
	]
}