{
	"format_version": "1.12.0",
	"minecraft:geometry": [
		{
			"description": {
				"identifier": "geometry.decidueye_unfolded_wings",
				"texture_width": 96,
				"texture_height": 96,
				"visible_bounds_width": 5,
				"visible_bounds_height": 5,
				"visible_bounds_offset": [0, 1.5, 0]
			},
			"bones": [
				{
					"name": "decidueye",
					"pivot": [0, 0, 0]
				},
				{
					"name": "body",
					"parent": "decidueye",
					"pivot": [0, 0, 0]
				},
				{
					"name": "torso",
					"parent": "body",
					"pivot": [0, 11.5, -1.5],
					"cubes": [
						{"origin": [-3.5, 10, -4.75], "size": [7, 10, 6], "uv": [0, 14]}
					]
				},
				{
					"name": "head",
					"parent": "torso",
					"pivot": [0, 20, -1.75],
					"cubes": [
						{"origin": [-4, 20, -5.25], "size": [8, 7, 7], "inflate": 0.01, "uv": [0, 0]},
						{"origin": [-4.55, 20.25, 1.72], "size": [2, 7, 0], "inflate": 0.01, "pivot": [-4, 23.75, -1.75], "rotation": [-90, 0, 22.5], "uv": [14, 56]},
						{"origin": [-5.05, 20.25, 1.628], "size": [2, 7, 0], "inflate": 0.01, "pivot": [-4, 23.75, -1.75], "rotation": [-90, 0, 47.5], "uv": [90, 53]},
						{"origin": [-15.25, 24.5, 9.25], "size": [4, 4, 4], "inflate": 0.01, "pivot": [-1.5, 10.5, 2.25], "rotation": [27.06202, -22.9824, 34.88217], "uv": [80, 0]},
						{"origin": [5.8, 23.75, 3], "size": [2, 8, 0], "inflate": 0.01, "pivot": [4, 23.75, -1.75], "rotation": [0, -67.5, -90], "uv": [92, 45]},
						{"origin": [5.46, 23.75, 4.16], "size": [2, 8, 0], "inflate": 0.01, "pivot": [4, 23.75, -1.75], "rotation": [0, -42.5, -90], "uv": [92, 36]},
						{"origin": [2.55, 20.25, 1.72], "size": [2, 7, 0], "inflate": 0.01, "pivot": [4, 23.75, -1.75], "rotation": [-90, 0, -22.5], "uv": [8, 56]},
						{"origin": [3.05, 20.25, 1.628], "size": [2, 7, 0], "inflate": 0.01, "pivot": [4, 23.75, -1.75], "rotation": [-90, 0, -47.5], "uv": [92, 53]},
						{"origin": [-1, 22, -6.25], "size": [2, 2, 1], "uv": [48, 43]}
					]
				},
				{
					"name": "eyes",
					"parent": "head",
					"pivot": [0, 23.75, -5.275]
				},
				{
					"name": "eye_left",
					"parent": "eyes",
					"pivot": [2.4, 23.5, -5.275],
					"cubes": [
						{"origin": [0.9, 22.1, -5.275], "size": [3, 3, 0], "inflate": 0.01, "pivot": [2.4, 23.5, -5.275], "rotation": [0, 0, -2.5], "uv": [58, 4]}
					]
				},
				{
					"name": "eyelid_left",
					"parent": "eye_left",
					"pivot": [2.4, 23.5, -5.275],
					"cubes": [
						{"origin": [0.9, 22, -5.175], "size": [3, 3, 1], "inflate": 0.02, "pivot": [2.4, 23.5, -5.175], "rotation": [0, 0, -2.5], "uv": [0, 39]}
					]
				},
				{
					"name": "eye_right",
					"parent": "eyes",
					"pivot": [-2.4, 23.5, -5.275],
					"cubes": [
						{"origin": [-3.9, 22.1, -5.275], "size": [3, 3, 0], "inflate": 0.01, "pivot": [-2.4, 23.5, -5.275], "rotation": [0, 0, 2.5], "uv": [58, 4], "mirror": true}
					]
				},
				{
					"name": "eyelid_right",
					"parent": "eye_right",
					"pivot": [-2.4, 23.5, -5.275],
					"cubes": [
						{"origin": [-3.9, 22, -5.175], "size": [3, 3, 1], "inflate": 0.02, "pivot": [-2.4, 23.5, -5.175], "rotation": [0, 0, 2.5], "uv": [0, 39], "mirror": true}
					]
				},
				{
					"name": "jaw",
					"parent": "head",
					"pivot": [0, 22, -5.25],
					"cubes": [
						{"origin": [-1, 21, -6.25], "size": [2, 1, 1], "uv": [10, 37]}
					]
				},
				{
					"name": "head_feather1",
					"parent": "head",
					"pivot": [0, 27, 153.75],
					"rotation": [-65, 0, 0]
				},
				{
					"name": "head_feather2",
					"parent": "head_feather1",
					"pivot": [0, 31, 153.75]
				},
				{
					"name": "hood_right",
					"parent": "head",
					"pivot": [-4, 23.5, -5.25],
					"rotation": [0, -5, 0]
				},
				{
					"name": "hood_left",
					"parent": "head",
					"pivot": [4, 23.5, -5.25],
					"rotation": [0, 5, 0]
				},
				{
					"name": "hood_top",
					"parent": "head",
					"pivot": [0, 27.25, -4.75],
					"rotation": [5, 0, 0],
					"cubes": [
						{"origin": [-7, 27.5, 2.25], "size": [14, 0, 6], "inflate": 0.01, "pivot": [0, 0.25, 0.5], "rotation": [20, 0, 0], "uv": [62, 86]},
						{"origin": [-7, 24.21, 9.588], "size": [14, 0, 4], "inflate": 0.01, "pivot": [0, 0.25, 0.5], "rotation": [45, 0, 0], "uv": [64, 92]},
						{"origin": [-7, 23.7, 10.4], "size": [14, 0, 6], "inflate": 0.01, "pivot": [0, 0.25, 0.5], "rotation": [-150, 0, -180], "uv": [6, 86]},
						{"origin": [-7, 18.13, 14.6], "size": [14, 0, 4], "inflate": 0.01, "pivot": [0, 0.25, 0.5], "rotation": [-127.5, 0, -180], "uv": [8, 92]},
						{"origin": [-2, 25.95, 5.5], "size": [13, 0, 6], "inflate": 0.01, "pivot": [0, 0.25, 0.5], "rotation": [-65, 85, -90], "uv": [35, 86]},
						{"origin": [-2, 22.09, 10.95], "size": [13, 0, 4], "inflate": 0.01, "pivot": [0, 0.25, 0.5], "rotation": [-42.5, 85, -90], "uv": [37, 92]},
						{"origin": [-11, 25.95, 5.5], "size": [13, 0, 6], "inflate": 0.01, "pivot": [0, 0.25, 0.5], "rotation": [-65, -85, 90], "uv": [64, 72]},
						{"origin": [-11, 21.44, 11.88], "size": [13, 0, 4], "inflate": 0.01, "pivot": [0, 0.25, 0.5], "rotation": [-40, -85, 90], "uv": [66, 78]}
					]
				},
				{
					"name": "hood_bottom",
					"parent": "head",
					"pivot": [0, 20, -5.25],
					"rotation": [-5, 0, 0],
					"cubes": [
						{"origin": [-4, 17.49, -13], "size": [8, 0, 2], "inflate": 0.01, "pivot": [0, 0, 0], "rotation": [-17.5, 0, 0], "uv": [38, 25]},
						{"origin": [-4, 11.18, -19.72], "size": [8, 0, 1], "inflate": 0.01, "pivot": [0, 0, 0], "rotation": [-40, 0, 0], "uv": [64, 0]}
					]
				},
				{
					"name": "wing_right1",
					"parent": "torso",
					"pivot": [-3.5, 18.25, -0.75],
					"cubes": [
						{"origin": [-12.5, 16.75, -1.75], "size": [9, 3, 2], "inflate": 0.01, "uv": [40, 20], "mirror": true}
					]
				},
				{
					"name": "feather_right1",
					"parent": "wing_right1",
					"pivot": [-5, 16.75, 0],
					"cubes": [
						{"origin": [-6.5, 9.75, 0], "size": [3, 7, 0], "inflate": 0.01, "uv": [56, 7], "mirror": true}
					]
				},
				{
					"name": "feather_right_joint1",
					"parent": "feather_right1",
					"pivot": [-5, 9.75, 0],
					"cubes": [
						{"origin": [-6.5, 7.75, 0], "size": [3, 2, 0], "inflate": 0.01, "uv": [33, 62], "mirror": true}
					]
				},
				{
					"name": "feather_right2",
					"parent": "wing_right1",
					"pivot": [-8, 16.75, 0],
					"cubes": [
						{"origin": [-9.5, 10.75, 0], "size": [3, 6, 0], "inflate": 0.01, "uv": [58, 58], "mirror": true}
					]
				},
				{
					"name": "feather_right_joint2",
					"parent": "feather_right2",
					"pivot": [-8, 10.75, 0],
					"cubes": [
						{"origin": [-9.5, 8.75, 0], "size": [3, 2, 0], "inflate": 0.01, "uv": [33, 62], "mirror": true}
					]
				},
				{
					"name": "feather_right3",
					"parent": "wing_right1",
					"pivot": [-11, 16.75, 0],
					"cubes": [
						{"origin": [-12.5, 10.75, 0], "size": [3, 6, 0], "inflate": 0.01, "uv": [57, 49], "mirror": true}
					]
				},
				{
					"name": "feather_right_joint3",
					"parent": "feather_right3",
					"pivot": [-11, 10.75, 0],
					"cubes": [
						{"origin": [-12.5, 8.75, 0], "size": [3, 2, 0], "inflate": 0.01, "uv": [33, 62], "mirror": true}
					]
				},
				{
					"name": "wing_right2",
					"parent": "wing_right1",
					"pivot": [-12.5, 18.25, 0.25],
					"cubes": [
						{"origin": [-21.5, 16.75, -1.75], "size": [9, 3, 2], "uv": [40, 20], "mirror": true}
					]
				},
				{
					"name": "feather_right4",
					"parent": "wing_right2",
					"pivot": [-14, 16.75, 0],
					"cubes": [
						{"origin": [-15.5, 11.75, 0], "size": [3, 5, 0], "inflate": 0.01, "uv": [0, 58], "mirror": true}
					]
				},
				{
					"name": "feather_right_joint4",
					"parent": "feather_right4",
					"pivot": [-14, 11.75, 0],
					"cubes": [
						{"origin": [-15.5, 9.75, 0], "size": [3, 2, 0], "inflate": 0.01, "uv": [33, 62], "mirror": true}
					]
				},
				{
					"name": "feather_right5",
					"parent": "wing_right2",
					"pivot": [-17, 16.75, 0],
					"cubes": [
						{"origin": [-18.5, 12.75, 0], "size": [3, 4, 0], "inflate": 0.01, "uv": [58, 42], "mirror": true}
					]
				},
				{
					"name": "feather_right_joint5",
					"parent": "feather_right5",
					"pivot": [-17, 12.75, 0],
					"cubes": [
						{"origin": [-18.5, 10.75, 0], "size": [3, 2, 0], "inflate": 0.01, "uv": [33, 76], "mirror": true}
					]
				},
				{
					"name": "feather_right6",
					"parent": "wing_right2",
					"pivot": [-20, 16.75, 0],
					"cubes": [
						{"origin": [-21.5, 13.75, 0], "size": [3, 3, 0], "inflate": 0.01, "uv": [27, 61], "mirror": true}
					]
				},
				{
					"name": "feather_right_joint6",
					"parent": "feather_right6",
					"pivot": [-20, 13.75, 0],
					"cubes": [
						{"origin": [-21.5, 11.75, 0], "size": [3, 2, 0], "inflate": 0.01, "uv": [33, 76], "mirror": true}
					]
				},
				{
					"name": "wing_feather_right1",
					"parent": "wing_right2",
					"pivot": [-21.25, 18.5, -0.75],
					"rotation": [0, -5, 10],
					"cubes": [
						{"origin": [-26.25, 17.5, -0.75], "size": [5, 2, 0], "inflate": 0.02, "uv": [53, 35], "mirror": true}
					]
				},
				{
					"name": "wing_feather_right2",
					"parent": "wing_right2",
					"pivot": [-21.25, 17.25, -0.75],
					"rotation": [0, -5, -15],
					"cubes": [
						{"origin": [-26.25, 16.25, -0.75], "size": [5, 2, 0], "inflate": 0.01, "uv": [10, 44], "mirror": true}
					]
				},
				{
					"name": "wing_feather_right3",
					"parent": "wing_right2",
					"pivot": [-20, 18.25, -1.75],
					"rotation": [0, -5, 5],
					"cubes": [
						{"origin": [-24, 17.25, -1.75], "size": [4, 2, 0], "inflate": 0.01, "uv": [30, 39], "mirror": true}
					]
				},
				{
					"name": "wing_left1",
					"parent": "torso",
					"pivot": [3.5, 18.25, -0.75],
					"cubes": [
						{"origin": [3.5, 16.75, -1.75], "size": [9, 3, 2], "inflate": 0.01, "uv": [40, 20]}
					]
				},
				{
					"name": "feather_left1",
					"parent": "wing_left1",
					"pivot": [5, 16.75, 0],
					"cubes": [
						{"origin": [3.5, 9.75, 0], "size": [3, 7, 0], "inflate": 0.01, "uv": [56, 7]}
					]
				},
				{
					"name": "feather_left_joint1",
					"parent": "feather_left1",
					"pivot": [5, 9.75, 0],
					"cubes": [
						{"origin": [3.5, 7.75, 0], "size": [3, 2, 0], "inflate": 0.01, "uv": [33, 62]}
					]
				},
				{
					"name": "feather_left2",
					"parent": "wing_left1",
					"pivot": [8, 16.75, 0],
					"cubes": [
						{"origin": [6.5, 10.75, 0], "size": [3, 6, 0], "inflate": 0.01, "uv": [58, 58]}
					]
				},
				{
					"name": "feather_left_joint2",
					"parent": "feather_left2",
					"pivot": [8, 10.75, 0],
					"cubes": [
						{"origin": [6.5, 8.75, 0], "size": [3, 2, 0], "inflate": 0.01, "uv": [33, 62]}
					]
				},
				{
					"name": "feather_left3",
					"parent": "wing_left1",
					"pivot": [11, 16.75, 0],
					"cubes": [
						{"origin": [9.5, 10.75, 0], "size": [3, 6, 0], "uv": [57, 49]}
					]
				},
				{
					"name": "feather_left_joint3",
					"parent": "feather_left3",
					"pivot": [11, 10.75, 0],
					"cubes": [
						{"origin": [9.5, 8.75, 0], "size": [3, 2, 0], "inflate": 0.01, "uv": [33, 62]}
					]
				},
				{
					"name": "wing_left2",
					"parent": "wing_left1",
					"pivot": [12.5, 18.25, 0.25],
					"cubes": [
						{"origin": [12.5, 16.75, -1.75], "size": [9, 3, 2], "uv": [40, 20]}
					]
				},
				{
					"name": "feather_left4",
					"parent": "wing_left2",
					"pivot": [14, 16.75, 0],
					"cubes": [
						{"origin": [12.5, 11.75, 0], "size": [3, 5, 0], "uv": [0, 58]}
					]
				},
				{
					"name": "feather_left_joint4",
					"parent": "feather_left4",
					"pivot": [14, 11.75, 0],
					"cubes": [
						{"origin": [12.5, 9.75, 0], "size": [3, 2, 0], "inflate": 0.01, "uv": [33, 62]}
					]
				},
				{
					"name": "feather_left5",
					"parent": "wing_left2",
					"pivot": [17, 16.75, 0],
					"cubes": [
						{"origin": [15.5, 12.75, 0], "size": [3, 4, 0], "uv": [58, 42]}
					]
				},
				{
					"name": "feather_left_joint5",
					"parent": "feather_left5",
					"pivot": [17, 12.75, 0],
					"cubes": [
						{"origin": [15.5, 10.75, 0], "size": [3, 2, 0], "inflate": 0.01, "uv": [33, 76]}
					]
				},
				{
					"name": "feather_left6",
					"parent": "wing_left2",
					"pivot": [20, 16.75, 0],
					"cubes": [
						{"origin": [18.5, 13.75, 0], "size": [3, 3, 0], "inflate": 0.01, "uv": [27, 61]}
					]
				},
				{
					"name": "feather_left_joint6",
					"parent": "feather_left6",
					"pivot": [20, 13.75, 0],
					"cubes": [
						{"origin": [18.5, 11.75, 0], "size": [3, 2, 0], "inflate": 0.01, "uv": [33, 76]}
					]
				},
				{
					"name": "wing_feather_left1",
					"parent": "wing_left2",
					"pivot": [21.25, 18.5, -0.75],
					"rotation": [0, 5, -10],
					"cubes": [
						{"origin": [21.25, 17.5, -0.75], "size": [5, 2, 0], "uv": [53, 35]}
					]
				},
				{
					"name": "wing_feather_left2",
					"parent": "wing_left2",
					"pivot": [21.25, 17.25, -0.75],
					"rotation": [0, 5, 15],
					"cubes": [
						{"origin": [21.25, 16.25, -0.75], "size": [5, 2, 0], "uv": [10, 44]}
					]
				},
				{
					"name": "wing_feather_left3",
					"parent": "wing_left2",
					"pivot": [20, 18.25, -1.75],
					"rotation": [0, 5, -5],
					"cubes": [
						{"origin": [20, 17.25, -1.75], "size": [4, 2, 0], "uv": [30, 39]}
					]
				},
				{
					"name": "tail1",
					"parent": "torso",
					"pivot": [0, 19, 1.25],
					"rotation": [17.5, 0, 0],
					"cubes": [
						{"origin": [-2, 13, 1.25], "size": [4, 6, 0], "inflate": 0.02, "uv": [37, 53]}
					]
				},
				{
					"name": "tail_joint1",
					"parent": "tail1",
					"pivot": [0, 9, 1.25],
					"rotation": [-5, 0, 0],
					"cubes": [
						{"origin": [-2, 6, 0.9], "size": [4, 7, 0], "inflate": 0.01, "uv": [53, 27]}
					]
				},
				{
					"name": "tail2",
					"parent": "torso",
					"pivot": [0.5, 19, 1.25],
					"rotation": [15, 0, -17.5],
					"cubes": [
						{"origin": [-1.5, 13, 1.25], "size": [4, 6, 0], "inflate": 0.02, "uv": [29, 53]}
					]
				},
				{
					"name": "tail_joint2",
					"parent": "tail2",
					"pivot": [2.5, 9, 1.25],
					"rotation": [-5, 0, 5],
					"cubes": [
						{"origin": [-1.85, 6, 0.91], "size": [4, 7, 0], "inflate": 0.01, "uv": [0, 50]}
					]
				},
				{
					"name": "tail3",
					"parent": "torso",
					"pivot": [-0.5, 19, 1.25],
					"rotation": [15, 0, 17.5],
					"cubes": [
						{"origin": [-2.5, 13, 1.25], "size": [4, 6, 0], "inflate": 0.02, "uv": [21, 53]}
					]
				},
				{
					"name": "tail_joint3",
					"parent": "tail3",
					"pivot": [-2.5, 9, 1.25],
					"rotation": [-5, 0, -5],
					"cubes": [
						{"origin": [-2.17, 6, 0.91], "size": [4, 7, 0], "inflate": 0.01, "uv": [48, 6]}
					]
				},
				{
					"name": "right_upper_coat",
					"parent": "torso",
					"pivot": [-3.5, 20, -1.75],
					"rotation": [0, 0, 15],
					"cubes": [
						{"origin": [-11.5, 20, -5.25], "size": [8, 0, 7], "inflate": 0.01, "uv": [42, 70], "mirror": true}
					]
				},
				{
					"name": "right_upper_coat_joint1",
					"parent": "right_upper_coat",
					"pivot": [-6.5, 20, 1.75],
					"rotation": [-50, 0, 0],
					"cubes": [
						{"origin": [-10.5, 20, 1.75], "size": [7, 0, 3], "inflate": 0.01, "uv": [46, 77], "mirror": true}
					]
				},
				{
					"name": "right_upper_coat_joint2",
					"parent": "right_upper_coat",
					"pivot": [-6.5, 20, -5.25],
					"rotation": [50, 0, 0],
					"cubes": [
						{"origin": [-10.5, 20, -8.25], "size": [7, 0, 3], "inflate": 0.01, "uv": [47, 67], "mirror": true}
					]
				},
				{
					"name": "left_upper_coat",
					"parent": "torso",
					"pivot": [3.5, 20, -1.75],
					"rotation": [0, 0, -15],
					"cubes": [
						{"origin": [3.5, 20, -5.25], "size": [8, 0, 7], "inflate": 0.01, "uv": [34, 70]}
					]
				},
				{
					"name": "left_upper_coat_joint1",
					"parent": "left_upper_coat",
					"pivot": [6.5, 20, 1.75],
					"rotation": [-50, 0, 0],
					"cubes": [
						{"origin": [3.5, 20, 1.75], "size": [7, 0, 3], "inflate": 0.01, "uv": [39, 77]}
					]
				},
				{
					"name": "left_upper_coat_joint2",
					"parent": "left_upper_coat",
					"pivot": [6.5, 20, -5.25],
					"rotation": [50, 0, 0],
					"cubes": [
						{"origin": [3.5, 20, -8.25], "size": [7, 0, 3], "inflate": 0.01, "uv": [40, 67]}
					]
				},
				{
					"name": "front_upper_cloak",
					"parent": "torso",
					"pivot": [0, 20, -4.85],
					"rotation": [-5, 0, 0],
					"cubes": [
						{"origin": [-3.5, 16, -4.85], "size": [7, 4, 0], "inflate": 0.01, "uv": [44, 39]}
					]
				},
				{
					"name": "back_upper_cloak",
					"parent": "torso",
					"pivot": [0, 20, 1.25],
					"rotation": [-65, 0, 0],
					"cubes": [
						{"origin": [-3.5, 20, 1.25], "size": [7, 0, 7], "inflate": 0.01, "uv": [19, 16]}
					]
				},
				{
					"name": "cloak_string_right1",
					"parent": "torso",
					"pivot": [-1.75, 18.5, -4.75],
					"rotation": [-5, 0, 5],
					"cubes": [
						{"origin": [-3.75, 14.5, -4.75], "size": [4, 3, 0], "inflate": 0.01, "uv": [88, 27]}
					]
				},
				{
					"name": "cloak_string_right2",
					"parent": "cloak_string_right1",
					"pivot": [-1.75, 14.5, -4.75],
					"cubes": [
						{"origin": [-3.25, 10.5, -4.75], "size": [3, 4, 0], "inflate": 0.02, "uv": [90, 31]}
					]
				},
				{
					"name": "cloak_string_right3",
					"parent": "cloak_string_right2",
					"pivot": [-1.75, 11.5, -4.75]
				},
				{
					"name": "cloak_string_left1",
					"parent": "torso",
					"pivot": [1.75, 18.5, -4.75],
					"rotation": [-5, 0, -5],
					"cubes": [
						{"origin": [-0.25, 14.5, -4.75], "size": [4, 4, 0], "inflate": 0.01, "uv": [88, 15]}
					]
				},
				{
					"name": "cloak_string_left2",
					"parent": "cloak_string_left1",
					"pivot": [1.75, 14.5, -4.75],
					"cubes": [
						{"origin": [0.25, 10.5, -4.75], "size": [3, 4, 0], "inflate": 0.02, "uv": [90, 19]}
					]
				},
				{
					"name": "cloak_string_left3",
					"parent": "cloak_string_left2",
					"pivot": [1.75, 11.5, -4.75]
				},
				{
					"name": "folded_wings",
					"parent": "torso",
					"pivot": [0, 11.5, -1.5]
				},
				{
					"name": "wing_bottom_right1",
					"parent": "folded_wings",
					"pivot": [-3.5, 18.75, -1.75],
					"rotation": [0, 0, -47.5],
					"cubes": [
						{"origin": [-13.5, 18.75, -5.25], "size": [10, 0, 7], "inflate": 0.01, "uv": [2, 66], "mirror": true}
					]
				},
				{
					"name": "wing_front_right1",
					"parent": "wing_bottom_right1",
					"pivot": [-8.5, 18.75, -5.25],
					"rotation": [50, 0, 0],
					"cubes": [
						{"origin": [-12.5, 18.75, -8.25], "size": [9, 0, 3], "inflate": 0.01, "uv": [14, 33], "mirror": true}
					]
				},
				{
					"name": "wing_back_right1",
					"parent": "wing_bottom_right1",
					"pivot": [-8.5, 18.75, 1.75],
					"rotation": [-50, 0, 0],
					"cubes": [
						{"origin": [-12.5, 18.75, 1.75], "size": [9, 0, 3], "inflate": 0.01, "uv": [14, 30], "mirror": true}
					]
				},
				{
					"name": "wing_bottom_right2",
					"parent": "wing_bottom_right1",
					"pivot": [-13.5, 18.75, -1.75],
					"rotation": [0, 0, -10]
				},
				{
					"name": "wing_front_right2",
					"parent": "wing_bottom_right2",
					"pivot": [-18, 18.75, -5.25],
					"rotation": [50, 0, 0]
				},
				{
					"name": "wing_back_right2",
					"parent": "wing_bottom_right2",
					"pivot": [-18, 18.75, 1.75],
					"rotation": [-50, 0, 0]
				},
				{
					"name": "wing_bottom_left1",
					"parent": "folded_wings",
					"pivot": [3.5, 18.75, -1.75],
					"rotation": [0, 0, 47.5],
					"cubes": [
						{"origin": [3.5, 18.75, -5.25], "size": [10, 0, 7], "inflate": 0.01, "uv": [2, 66]}
					]
				},
				{
					"name": "wing_front_left1",
					"parent": "wing_bottom_left1",
					"pivot": [8.5, 18.75, -5.25],
					"rotation": [50, 0, 0],
					"cubes": [
						{"origin": [3.5, 18.75, -8.25], "size": [9, 0, 3], "inflate": 0.01, "uv": [14, 33]}
					]
				},
				{
					"name": "wing_back_left1",
					"parent": "wing_bottom_left1",
					"pivot": [8.5, 18.75, 1.75],
					"rotation": [-50, 0, 0],
					"cubes": [
						{"origin": [3.5, 18.75, 1.75], "size": [9, 0, 3], "inflate": 0.01, "uv": [14, 30]}
					]
				},
				{
					"name": "wing_bottom_left2",
					"parent": "wing_bottom_left1",
					"pivot": [13.5, 18.75, -1.75],
					"rotation": [0, 0, 10]
				},
				{
					"name": "wing_front_left2",
					"parent": "wing_bottom_left2",
					"pivot": [18, 18.75, -5.25],
					"rotation": [50, 0, 0]
				},
				{
					"name": "wing_back_left2",
					"parent": "wing_bottom_left2",
					"pivot": [18, 18.75, 1.75],
					"rotation": [-50, 0, 0]
				},
				{
					"name": "leg_right1",
					"parent": "body",
					"pivot": [-2.5, 11.5, -1.5],
					"rotation": [10, 0, 0],
					"cubes": [
						{"origin": [-4, 7, -3.5], "size": [3, 6, 4], "inflate": 0.01, "uv": [34, 39]}
					]
				},
				{
					"name": "leg_right2",
					"parent": "leg_right1",
					"pivot": [-2.5, 7, 0.25],
					"rotation": [-15, 0, 0],
					"cubes": [
						{"origin": [-3.5, 1, -2.75], "size": [2, 6, 3], "uv": [11, 47]},
						{"origin": [-0.4, 3.9, -3.5], "size": [3, 0, 2], "inflate": 0.01, "pivot": [0, 0, 0], "rotation": [90, 55, 90], "uv": [-2, 87]},
						{"origin": [-3.4, 0.4, -2.75], "size": [3, 0, 3], "inflate": 0.01, "pivot": [0, 0, 0], "rotation": [0, 0, 55], "uv": [-3, 93]},
						{"origin": [-0.7, -4.55, -2.75], "size": [3, 0, 3], "inflate": 0.01, "pivot": [0, 0, 0], "rotation": [0, 0, 122.5], "uv": [-3, 93]},
						{"origin": [-1, -2.8, -3.5], "size": [2, 0, 2], "inflate": 0.01, "pivot": [0, 0, 0], "rotation": [90, -67.5, 90], "uv": [-1, 84]}
					]
				},
				{
					"name": "foot_right",
					"parent": "leg_right2",
					"pivot": [-2.5, 2, -1.25],
					"rotation": [5, 0, 0],
					"cubes": [
						{"origin": [-4, 0, -3.25], "size": [3, 2, 4], "inflate": 0.01, "uv": [0, 44]}
					]
				},
				{
					"name": "toe_front_right1",
					"parent": "foot_right",
					"pivot": [-3.5, 2, -3.25],
					"rotation": [0, 10, 0],
					"cubes": [
						{"origin": [-4, 0, -7.25], "size": [1, 2, 4], "uv": [52, 43]}
					]
				},
				{
					"name": "toe_front_right2",
					"parent": "foot_right",
					"pivot": [-1.5, 2, -3.25],
					"rotation": [0, -10, 0],
					"cubes": [
						{"origin": [-2, 0, -7.25], "size": [1, 2, 4], "uv": [51, 51]}
					]
				},
				{
					"name": "toe_back_right",
					"parent": "foot_right",
					"pivot": [-2.5, 2, 0.75],
					"cubes": [
						{"origin": [-3, 0, 0.75], "size": [1, 2, 3], "uv": [39, 59]}
					]
				},
				{
					"name": "leg_left1",
					"parent": "body",
					"pivot": [2.5, 11.5, -1.5],
					"rotation": [10, 0, 0],
					"cubes": [
						{"origin": [1, 7, -3.5], "size": [3, 6, 4], "inflate": 0.01, "uv": [20, 39]}
					]
				},
				{
					"name": "leg_left2",
					"parent": "leg_left1",
					"pivot": [2.5, 7, 0.25],
					"rotation": [-15, 0, 0],
					"cubes": [
						{"origin": [1.5, 1, -2.75], "size": [2, 6, 3], "uv": [45, 46]},
						{"origin": [-0.5, 4.5, -2.75], "size": [3, 0, 3], "inflate": 0.01, "pivot": [0, 0, 0], "rotation": [0, 0, 55], "uv": [-3, 93]},
						{"origin": [-3.35, -0.23, -2.75], "size": [3, 0, 3], "inflate": 0.01, "pivot": [0, 0, 0], "rotation": [-2.5, 0, 120], "uv": [-3, 93]},
						{"origin": [-0.4, 3.9, 1.5], "size": [3, 0, 2], "inflate": 0.01, "pivot": [0, 0, 0], "rotation": [90, 55, 90], "uv": [-2, 94]},
						{"origin": [-1, -2.8, 1.5], "size": [2, 0, 2], "inflate": 0.01, "pivot": [0, 0, 0], "rotation": [90, -67.5, 90], "uv": [-1, 90]}
					]
				},
				{
					"name": "foot_left",
					"parent": "leg_left2",
					"pivot": [2.5, 2, -1.25],
					"rotation": [5, 0, 0],
					"cubes": [
						{"origin": [1, 0, -3.25], "size": [3, 2, 4], "inflate": 0.01, "uv": [43, 0]}
					]
				},
				{
					"name": "toe_front_left1",
					"parent": "foot_left",
					"pivot": [3.5, 2, -3.25],
					"rotation": [0, -10, 0],
					"cubes": [
						{"origin": [3, 0, -7.25], "size": [1, 2, 4], "uv": [47, 33]}
					]
				},
				{
					"name": "toe_front_left2",
					"parent": "foot_left",
					"pivot": [1.5, 2, -3.25],
					"rotation": [0, 10, 0],
					"cubes": [
						{"origin": [1, 0, -7.25], "size": [1, 2, 4], "uv": [0, 33]}
					]
				},
				{
					"name": "toe_back_left",
					"parent": "foot_left",
					"pivot": [2.5, 2, 0.75],
					"cubes": [
						{"origin": [2, 0, 0.75], "size": [1, 2, 3], "uv": [56, 14]}
					]
				},
				{
					"name": "arrow",
					"parent": "body",
					"pivot": [0, 0, -19.83333],
					"cubes": [
						{"origin": [-0.5, 0, -25], "size": [1, 0, 10], "inflate": 0.01, "uv": [28, 23]},
						{"origin": [-2.5, 0, -31], "size": [5, 0, 6], "inflate": 0.01, "uv": [31, 33]},
						{"origin": [-2.5, 0, -15], "size": [5, 0, 7], "inflate": 0.01, "uv": [0, 30]}
					]
				}
			]
		}
	]
}