{
	"format_version": "1.12.0",
	"minecraft:geometry": [
		{
			"description": {
				"identifier": "geometry.unknown",
				"texture_width": 64,
				"texture_height": 64,
				"visible_bounds_width": 2,
				"visible_bounds_height": 2.5,
				"visible_bounds_offset": [0, 0.75, 0]
			},
			"bones": [
				{
					"name": "Trapinch",
					"pivot": [0, 5, 4]
				},
				{
					"name": "bone",
					"parent": "Trapinch",
					"pivot": [0, 4, 4],
					"cubes": [
						{"origin": [-3.5, 2, -0.4], "size": [7, 5, 8], "uv": [32, 29]}
					]
				},
				{
					"name": "Head",
					"parent": "bone",
					"pivot": [0, 6.9, 2.5],
					"cubes": [
						{"origin": [4.53, 7.9, -1.5], "size": [0, 2, 2], "uv": [4, 0]},
						{"origin": [4.54, 8.4, -1], "size": [0, 1, 1], "pivot": [4.5, 8.9, -0.5], "rotation": [-45, 0, 0], "uv": [2, 0]},
						{"origin": [-4.52, 7.9, -1.5], "size": [0, 2, 2], "uv": [0, 0]},
						{"origin": [-4.53, 8.4, -1], "size": [0, 1, 1], "pivot": [8.5, 8.9, -0.5], "rotation": [-45, 0, 0], "uv": [0, 0]},
						{"origin": [-4.5, 6.9, -8.5], "size": [9, 6, 11], "uv": [0, 0]}
					]
				},
				{
					"name": "LEyelid",
					"parent": "Head",
					"pivot": [-1, 7.9, 2.5],
					"cubes": [
						{"origin": [4.52, 6.9, -2.5], "size": [0, 4, 5], "uv": [0, 12]}
					]
				},
				{
					"name": "REyelid",
					"parent": "Head",
					"pivot": [-3, 7.9, 2.5],
					"cubes": [
						{"origin": [-5.51, 6.9, -2.5], "size": [0, 4, 5], "uv": [0, 0]}
					]
				},
				{
					"name": "HeadInterior",
					"parent": "Head",
					"pivot": [0, -2.1, 2.5],
					"cubes": [
						{"origin": [-4.5, 9.9, -8.5], "size": [9, 0, 11], "uv": [18, 17]},
						{"origin": [-4.5, 6.9, -8.48], "size": [9, 4, 0], "uv": [22, 33]},
						{"origin": [-4.5, 8.9, 2.49], "size": [9, 1, 0], "uv": [0, 44]},
						{"origin": [4.49, 6.9, -8.5], "size": [0, 4, 11], "uv": [0, 26]},
						{"origin": [-4.48, 6.9, -8.48], "size": [0, 4, 11], "uv": [0, 22]}
					]
				},
				{
					"name": "Jaw",
					"parent": "Head",
					"pivot": [0, 8.9, -0.5],
					"cubes": [
						{"origin": [-4.49, 4.9, -8.49], "size": [9, 5, 11], "uv": [0, 17]}
					]
				},
				{
					"name": "JawInterior",
					"parent": "Jaw",
					"pivot": [0, -2.1, 2.5],
					"cubes": [
						{"origin": [-4.5, 6.9, -8.5], "size": [9, 0, 11], "uv": [18, 0]},
						{"origin": [-4.5, 6.9, -8.48], "size": [9, 3, 0], "uv": [40, 14]},
						{"origin": [-4.5, 6.9, 2.48], "size": [9, 3, 0], "uv": [40, 11]},
						{"origin": [4.47, 6.9, -8.5], "size": [0, 3, 11], "uv": [22, 31]},
						{"origin": [-4.47, 6.9, -8.48], "size": [0, 3, 11], "uv": [0, 30]}
					]
				},
				{
					"name": "LeftFrontLeg",
					"parent": "Trapinch",
					"pivot": [3.5, 3, 1.2],
					"rotation": [-2.5, 0, -7.5],
					"cubes": [
						{"origin": [3, 0, 0.2], "size": [2, 3, 2], "uv": [0, 45]}
					]
				},
				{
					"name": "LeftBackLeg",
					"parent": "Trapinch",
					"pivot": [3.5, 3, 6],
					"rotation": [2.5, 0, -7.5],
					"cubes": [
						{"origin": [3, 0, 5], "size": [2, 3, 2], "uv": [16, 44]}
					]
				},
				{
					"name": "RightFrontLeg",
					"parent": "Trapinch",
					"pivot": [-3.5, 3, 1.2],
					"rotation": [-2.5, 0, 7.5],
					"cubes": [
						{"origin": [-5, 0, 0.2], "size": [2, 3, 2], "uv": [42, 43]}
					]
				},
				{
					"name": "RightBackLeg",
					"parent": "Trapinch",
					"pivot": [-3.5, 3, 6],
					"rotation": [2.5, 0, 7.5],
					"cubes": [
						{"origin": [-5, 0, 5], "size": [2, 3, 2], "uv": [0, 21]}
					]
				}
			]
		}
	]
}