{
  "portraitScale": 1.65,
  "portraitTranslation": [-0.75, 1.25, 0],
  "profileScale": 0.7,
  "profileTranslation": [0, 1, 0],
  "poses": {
    "standing": {
      "poseName": "standing",
      "transformTicks": 10,
      "poseTypes": ["STAND", "NONE", "PORTRAIT", "PROFILE" ],
      "animations": [
        "bedrock(flygon, ground_idle)"
      ]
    },
    "walking": {
      "poseName": "walking",
      "poseTypes": ["WALK"],
      "animations": [
        "bedrock(flygon, ground_walk)"
      ]
    },
    "hovering": {
      "poseName": "hovering",
      "transformTicks": 10,
      "poseTypes": [
        "HOVER"
      ],
      "animations": [
        "bedrock(flygon, air_idle)"
      ]
    },
    "flying": {
      "poseName": "flying",
      "transformTicks": 10,
      "poseTypes": [
        "FLY"
      ],
      "animations": [
        "bedrock(flygon, air_fly)"
      ]
    }
  }
 }