{
  "portraitScale": 1.5,
  "portraitTranslation": [-0.5, -0.5, 0.0],
  "profileScale": 0.75,
  "profileTranslation": [0.0, 0.5, 0.0],
    "poses": {
      "standing": {
        "poseName": "standing",
        "transformTicks": 10,
        "poseTypes": [
          "STAND",
          "NONE",
          "PORTRAIT",
          "PROFILE"
        ],
        "animations": [
          "bedrock(pupitar, ground_idle)"
        ]
      },
      "walking": {
        "poseName": "walking",
        "transformTicks": 10,
        "poseTypes": ["WALK"],
        "animations": [
          "bedrock(pupitar, ground_idle)"
        ]
      }
    }
  }