{
  "portraitScale": 1.5,
  "portraitTranslation": [ -0.25, 3, 0.0],
  "profileScale": 0.5,
  "profileTranslation": [0, 1.1, 0.0],
  "cry":  "bedrock(tyranitar, cry)",
    "poses": {
      "standing": {
        "poseName": "standing",
        "transformTicks": 10,
        "poseTypes": [
          "STAND",
          "NONE",
          "PORTRAIT",
          "PROFILE"
        ],
        "animations": [
          "bedrock(tyranitar, ground_idle)"
        ]
      },
      "walking": {
        "poseName": "walking",
        "transformTicks": 10,
        "poseTypes": ["WALK"],
        "animations": [
          "bedrock(tyranitar, ground_walk)"
        ]
      }
    }
  }