{
  "implemented": true,
  "name": "Eternamax",
  "primaryType": "poison",
  "secondaryType": "dragon",
  "abilities": [
    "pressure"
  ],
  "baseStats": {
    "hp": 255,
    "attack": 115,
    "defence": 250,
    "special_attack": 125,
    "special_defence": 250,
    "speed": 130
  },
  "catchRate": 255,
  "maleRatio": -1,
  "shoulderMountable": false,
  "baseExperienceYield": 345,
  "experienceGroup": "slow",
  "eggCycles": 120,
  "eggGroups": [
    "undiscovered"
  ],
  "moves": [
    "1:agility",
    "1:confuseray",
    "1:dragontail",
    "1:poisontail",
    "8:toxic",
    "16:venoshock",
    "24:dragondance",
    "32:crosspoison",
    "40:dragonpulse",
    "48:flamethrower",
    "56:dynamaxcannon",
    "64:cosmicpower",
    "72:recover",
    "80:hyperbeam",
    "88:eternabeam",
    "88:outrage",
    "tm:agility",
    "tm:assurance",
    "tm:bodyslam",
    "tm:brutalswing",
    "tm:confuseray",
    "tm:cosmicpower",
    "tm:crosspoison",
    "tm:dracometeor",
    "tm:dragondance",
    "tm:dragonpulse",
    "tm:dragontail",
    "tm:endure",
    "tm:facade",
    "tm:fireblast",
    "tm:firespin",
    "tm:flamethrower",
    "tm:flashcannon",
    "tm:fly",
    "tm:gigaimpact",
    "tm:gunkshot",
    "tm:hyperbeam",
    "tm:lightscreen",
    "tm:mysticalfire",
    "tm:outrage",
    "tm:payback",
    "tm:poisonjab",
    "tm:poisontail",
    "tm:protect",
    "tm:raindance",
    "tm:reflect",
    "tm:rest",
    "tm:round",
    "tm:scaryface",
    "tm:screech",
    "tm:shadowball",
    "tm:sleeptalk",
    "tm:sludgebomb",
    "tm:sludgewave",
    "tm:snore",
    "tm:solarbeam",
    "tm:substitute",
    "tm:sunnyday",
    "tm:takedown",
    "tm:terablast",
    "tm:toxicspikes",
    "tm:venomdrench",
    "tm:venoshock",
    "tutor:crosspoison",
    "tutor:dracometeor",
    "tutor:dragonpulse",
    "tutor:dynamaxcannon",
    "tutor:eternabeam",
    "tutor:flamethrower",
    "tutor:meteorbeam",
    "tutor:sludgebomb"
  ],
  "labels": [
    "gen8",
    "legendary",
    "custom"
  ],
  "pokedex": [
    "cobblemon.species.eternamax.desc"
  ],
  "preEvolution": "eternatus",
  "evolutions": [
 	 {
 		"id": "eternamax_eternatus",
 		"variant": "item_interact",
                "result": "eternatus",
	        "consumeHeldItem": true,
                "requirements": [],
  		"requiredContext": "lackingmegas:eternamax_orb"
  	}
],
  "baseScale": 1,
  "hitbox": {
    "width": 1,
    "height": 1,
    "fixed": false
  },
  "baseFriendship": 0,
  "evYield": {
    "hp": 3,
    "attack": 0,
    "defence": 0,
    "special_attack": 0,
    "special_defence": 0,
    "speed": 0
  },
  "height": 200,
  "weight": 9500,
  "dynamaxBlocked": true,
  "aspects": [],
  "cannotDynamax": true
}