{
  "implemented": true,
  "name": "megascizor",
  "nationalPokedexNumber": 0212,
  "primaryType": "bug",
  "secondaryType": "steel",
  "abilities": [
    "technician",
    "h:technician"
  ],
  "baseStats": {
    "hp": 70,
    "attack": 150,
    "defence": 140,
    "special_attack": 65,
    "special_defence": 100,
    "speed": 75
  },
  "behaviour": {
    "resting": {
      "canSleep": true,
      "depth": "normal",
      "light": "0-4",
      "willSleepOnBed": false
    },
    "moving": {
      "canLook": true,
      "walk": {
        "canWalk": true,
        "avoidsLand": false
      },
      "swim": {
        "swimSpeed": 0.3,
        "canSwimInWater": true,
        "canBreatheUnderwater": false
      },
      "fly": {
        "canFly": false,
        "flySpeedHorizontal": 0.3
      },
      "wanderChance": 1
    }
  },
  "catchRate": 25,
  "maleRatio": 0.5,
  "shoulderMountable": false,
  "baseExperienceYield": 175,
  "eggCycles": 25,
  "eggGroups": [
    "bug"
  ],
  "drops": {
    "amount": 1,
    "entries": []
  },
  "moves": [],
  "labels": [
    "custom"
  ],
  "baseScale": 1.3,
  "hitbox": {
    "width": 1.5,
    "height": 1.5,
    "fixed": false
  },
  "baseFriendship": 50,
  "evYield": {
    "hp": 0,
    "attack": 2,
    "defence": 0,
    "special_attack": 0,
    "special_defence": 0,
    "speed": 0
  },
  "height": 1,
  "weight": 1,
  "preEvolution": "scizor",
  "evolutions": [
    {
      "id": "megascizor-scizor-item_interact",
      "variant": "item_interact",
      "result": "scizor",
      "consumeHeldItem": true,
      "learnableMoves": [],
      "requirements": [],
      "requiredContext": "lackingmegas:key_stone"
    },
    {
      "id": "megascizor-scizor-item_interact",
      "variant": "item_interact",
      "result": "scizor",
      "consumeHeldItem": false,
      "learnableMoves": [],
      "requirements": [],
      "requiredContext": "lackingmegas:mega_ring"
    }
  ]
}