{
	"format_version": "1.12.0",
	"minecraft:geometry": [
		{
			"description": {
				"identifier": "geometry.Tyranitar",
				"texture_width": 256,
				"texture_height": 256,
				"visible_bounds_width": 7,
				"visible_bounds_height": 5.5,
				"visible_bounds_offset": [0, 2.25, 0]
			},
			"bones": [
				{
					"name": "tyranitar",
					"pivot": [0, 0, 0]
				},
				{
					"name": "body",
					"parent": "tyranitar",
					"pivot": [0, 0, 0]
				},
				{
					"name": "torso",
					"parent": "body",
					"pivot": [0, 27, 0],
					"cubes": [
						{"origin": [-26, -7, 3], "size": [0, 17, 9], "inflate": 0.01, "pivot": [0, 0, 0], "rotation": [-0.38051, -0.20892, 62.46272], "uv": [47, 177], "mirror": true},
						{"origin": [-11, 10.5, 1.45], "size": [22, 14, 21], "pivot": [0, 0, 0], "rotation": [15, 0, 0], "uv": [1, 1]},
						{"origin": [26, -7, 3], "size": [0, 17, 9], "inflate": 0.01, "pivot": [0, 0, 0], "rotation": [-0.38051, 0.20892, -62.46272], "uv": [47, 177]},
						{"origin": [22, 7, -5], "size": [0, 17, 7], "inflate": 0.01, "pivot": [0, 0, 0], "rotation": [0, 0, -35], "uv": [27, 181]}
					]
				},
				{
					"name": "bone2",
					"parent": "torso",
					"pivot": [0, 26, 16],
					"cubes": [
						{"origin": [-10, 24, -5], "size": [20, 13, 20], "uv": [1, 37]},
						{"origin": [17, 8, -5], "size": [5, 17, 0], "inflate": 0.01, "pivot": [0, 0, 0], "rotation": [0, 0, -35], "uv": [18, 186]},
						{"origin": [-22, 7, -5], "size": [0, 17, 7], "inflate": 0.01, "pivot": [0, 0, 0], "rotation": [0, 0, 35], "uv": [27, 181], "mirror": true},
						{"origin": [14.5, 0, 22.5], "size": [5, 22, 0], "inflate": 0.01, "pivot": [0, 0, 0], "rotation": [12.37961, 8.53726, -34.0724], "uv": [5, 218]},
						{"origin": [19.5, 0, 15.5], "size": [0, 22, 7], "inflate": 0.01, "pivot": [0, 0, 0], "rotation": [12.37961, 8.53726, -34.0724], "uv": [54, 227]},
						{"origin": [-22, 8, -5], "size": [5, 17, 0], "inflate": 0.01, "pivot": [0, 0, 0], "rotation": [0, 0, 35], "uv": [18, 186], "mirror": true},
						{"origin": [-19.5, 0, 15.5], "size": [0, 22, 7], "inflate": 0.01, "pivot": [0, 0, 0], "rotation": [12.37961, -8.53726, 34.0724], "uv": [54, 227], "mirror": true},
						{"origin": [-19.5, 0, 22.5], "size": [5, 22, 0], "inflate": 0.01, "pivot": [0, 0, 0], "rotation": [12.37961, -8.53726, 34.0724], "uv": [5, 218], "mirror": true}
					]
				},
				{
					"name": "bone25",
					"parent": "bone2",
					"pivot": [6, 0, 0],
					"cubes": [
						{"origin": [2, 31, 11], "size": [0, 7, 11], "pivot": [6, 0, 0], "rotation": [0, 27.5, 0], "uv": [5, 146], "mirror": true}
					]
				},
				{
					"name": "bone26",
					"parent": "bone2",
					"pivot": [6, 0, 0],
					"cubes": [
						{"origin": [2, 26, 10], "size": [0, 7, 11], "pivot": [6, 0, 0], "rotation": [-5, 27.5, 0], "uv": [5, 146], "mirror": true}
					]
				},
				{
					"name": "bone10",
					"parent": "bone2",
					"pivot": [-6, 0, 0],
					"cubes": [
						{"origin": [-2, 26, 10], "size": [0, 7, 11], "pivot": [-6, 0, 0], "rotation": [-5, -27.5, 0], "uv": [5, 146]},
						{"origin": [-2, 31, 11], "size": [0, 7, 11], "pivot": [-6, 0, 0], "rotation": [0, -27.5, 0], "uv": [5, 146]}
					]
				},
				{
					"name": "neck",
					"parent": "torso",
					"pivot": [0, 36, 6],
					"cubes": [
						{"origin": [-7, 36, -4], "size": [14, 5, 17], "uv": [66, 0]},
						{"origin": [-2, 30, 18], "size": [0, 5, 7], "pivot": [-6, -1, -2], "rotation": [20, -27.5, 0], "uv": [0, 68]}
					]
				},
				{
					"name": "neck2",
					"parent": "neck",
					"pivot": [0, 41, 6],
					"rotation": [-5, 0, 0],
					"cubes": [
						{"origin": [-6, 37.5, 4], "size": [12, 6, 12], "pivot": [0, -1, -4], "rotation": [10, 0, 0], "uv": [46, 83]}
					]
				},
				{
					"name": "neck3",
					"parent": "neck2",
					"pivot": [0, 44, 4],
					"rotation": [-25, 0, 0],
					"cubes": [
						{"origin": [-5, 35.5, 15.5], "size": [10, 8, 9], "pivot": [0, -2, -5], "rotation": [25, 0, 0], "uv": [109, 207]}
					]
				},
				{
					"name": "head",
					"parent": "neck3",
					"pivot": [0, 47, -5],
					"rotation": [10, 0, 0],
					"cubes": [
						{"origin": [-3, 37.5, -24], "size": [0, 1, 1], "pivot": [0, -4, -5], "rotation": [-20, 0, 0], "uv": [122, 123]},
						{"origin": [3, 37.5, -24], "size": [0, 1, 1], "pivot": [0, -4, -5], "rotation": [-20, 0, 0], "uv": [122, 123], "mirror": true},
						{"origin": [-1.5, 39.5, -8.19033], "size": [3, 5, 10], "pivot": [0, 45, -11], "rotation": [45, 0, 0], "uv": [59, 113]},
						{"origin": [-4.5, 45.29367, -11.00949], "size": [9, 0, 20], "pivot": [0, 45, -10], "rotation": [45, 0, 0], "uv": [41, 36]},
						{"origin": [-4, 38.65, 10], "size": [8, 4, 6], "pivot": [0, -4, -5], "rotation": [25, 0, 0], "uv": [111, 22]},
						{"origin": [-4, 30.6, 26], "size": [8, 1, 5], "inflate": 0.01, "pivot": [0, -4, -5], "rotation": [47.5, 0, 0], "uv": [157, 35]},
						{"origin": [-4, 31, 28], "size": [8, 1, 1], "inflate": 0.01, "pivot": [0, -4, -5], "rotation": [47.5, 0, 0], "uv": [161, 30]},
						{"origin": [-4, 40.25, 12.25], "size": [8, 1, 1], "inflate": 0.005, "pivot": [0, -4, -5], "rotation": [25, 0, 0], "uv": [117, 157]}
					]
				},
				{
					"name": "bone6",
					"parent": "head",
					"pivot": [11, -1, 2],
					"rotation": [0, -30, -15],
					"cubes": [
						{"origin": [0, 47.08078, -8.33975], "size": [8, 0, 15], "inflate": 0.01, "pivot": [4, 47, -8], "rotation": [47.5, 0, 0], "uv": [51, 0]}
					]
				},
				{
					"name": "bone5",
					"parent": "head",
					"pivot": [-11, -1, 2],
					"rotation": [0, 30, 15],
					"cubes": [
						{"origin": [-8, 47.08078, -8.33975], "size": [8, 0, 15], "inflate": 0.01, "pivot": [-4, 47, -8], "rotation": [47.5, 0, 0], "uv": [51, 0], "mirror": true}
					]
				},
				{
					"name": "bone12",
					"parent": "head",
					"pivot": [0, 44, -3],
					"rotation": [7.5, 0, 0],
					"cubes": [
						{"origin": [-3.5, 36.5, 10.5], "size": [7, 3, 6], "inflate": -0.01, "pivot": [0, -4, -5], "rotation": [25, 0, 0], "uv": [119, 122]},
						{"origin": [-3, 38.5, -24], "size": [0, 1, 1], "pivot": [0, -4, -5], "rotation": [-20, 0, 0], "uv": [122, 123]},
						{"origin": [3, 38.5, -24], "size": [0, 1, 1], "pivot": [0, -4, -5], "rotation": [-20, 0, 0], "uv": [122, 125]}
					]
				},
				{
					"name": "bone22",
					"parent": "neck2",
					"pivot": [0, -1, -1],
					"rotation": [0, -30, 0],
					"cubes": [
						{"origin": [-0.9, 39, 19], "size": [0, 5, 13], "pivot": [0, -1, -1], "rotation": [15, 0, 0], "uv": [32, 65]}
					]
				},
				{
					"name": "bone23",
					"parent": "neck2",
					"pivot": [0, -1, -1],
					"rotation": [0, 30, 0],
					"cubes": [
						{"origin": [0.9, 38, 19], "size": [0, 5, 13], "pivot": [0, -1, -1], "rotation": [15, 0, 0], "uv": [32, 65], "mirror": true}
					]
				},
				{
					"name": "bone21",
					"parent": "neck2",
					"pivot": [0, -1, -1],
					"rotation": [0, -30, 0],
					"cubes": [
						{"origin": [-1, 35, 30], "size": [0, 5, 10], "pivot": [0, -1, -1], "rotation": [30, 0, 0], "uv": [0, 26]}
					]
				},
				{
					"name": "bone24",
					"parent": "neck2",
					"pivot": [0, -1, -1],
					"rotation": [0, 30, 0],
					"cubes": [
						{"origin": [1, 35, 30], "size": [0, 5, 10], "pivot": [0, -1, -1], "rotation": [30, 0, 0], "uv": [0, 26], "mirror": true}
					]
				},
				{
					"name": "bone9",
					"parent": "neck",
					"pivot": [0, -1, 1],
					"rotation": [0, -30, 0],
					"cubes": [
						{"origin": [-1, 31, 22], "size": [0, 8, 13], "pivot": [0, -1, 1], "rotation": [15, 0, 0], "uv": [32, 57]}
					]
				},
				{
					"name": "bone3",
					"parent": "neck",
					"pivot": [0, -1, 1],
					"rotation": [0, 30, 0],
					"cubes": [
						{"origin": [1, 31, 21], "size": [0, 8, 13], "pivot": [0, -1, 1], "rotation": [15, 0, 0], "uv": [32, 57], "mirror": true}
					]
				},
				{
					"name": "bone11",
					"parent": "neck",
					"pivot": [6, -1, -2],
					"cubes": [
						{"origin": [2, 30, 18], "size": [0, 5, 7], "pivot": [6, -1, -2], "rotation": [20, 27.5, 0], "uv": [0, 63]}
					]
				},
				{
					"name": "arm_left",
					"parent": "torso",
					"pivot": [10, 34, 4],
					"cubes": [
						{"origin": [1, 30, 0], "size": [6, 8, 9], "pivot": [1, 2, 1], "rotation": [0, 0, 15], "uv": [114, 105]}
					]
				},
				{
					"name": "arm_left2",
					"parent": "arm_left",
					"pivot": [14, 30, 4],
					"cubes": [
						{"origin": [3.5, 31, 1], "size": [5, 6, 7], "pivot": [1, 2, 1], "rotation": [0, 0, 20], "uv": [137, 135]}
					]
				},
				{
					"name": "arm_left3",
					"parent": "arm_left2",
					"pivot": [19, 29, 4],
					"cubes": [
						{"origin": [10, 35, 4], "size": [2, 0, 1], "pivot": [2, 2, 1], "rotation": [0, 0, 25], "uv": [50, 156]},
						{"origin": [10, 32.5, -11], "size": [2, 0, 1], "pivot": [2, 2, 1], "rotation": [-30, 0, 25], "uv": [50, 156]},
						{"origin": [10, 29, 18], "size": [2, 0, 1], "pivot": [2, 2, 1], "rotation": [30, 0, 25], "uv": [50, 156]},
						{"origin": [5, 32, 2], "size": [5, 4, 5], "pivot": [2, 2, 1], "rotation": [0, 0, 25], "uv": [0, 46]}
					]
				},
				{
					"name": "arm_right",
					"parent": "torso",
					"pivot": [-10, 34, 4],
					"cubes": [
						{"origin": [-7, 30, 0], "size": [6, 8, 9], "pivot": [-1, 2, 1], "rotation": [0, 0, -15], "uv": [114, 105], "mirror": true}
					]
				},
				{
					"name": "arm_right2",
					"parent": "arm_right",
					"pivot": [-14, 30, 4],
					"cubes": [
						{"origin": [-8.5, 31, 1], "size": [5, 6, 7], "pivot": [-1, 2, 1], "rotation": [0, 0, -20], "uv": [137, 135], "mirror": true}
					]
				},
				{
					"name": "arm_right3",
					"parent": "arm_right2",
					"pivot": [-19, 29, 4],
					"cubes": [
						{"origin": [-12, 35, 4], "size": [2, 0, 1], "pivot": [-2, 2, 1], "rotation": [0, 0, -25], "uv": [50, 156], "mirror": true},
						{"origin": [-12, 32.5, -11], "size": [2, 0, 1], "pivot": [-2, 2, 1], "rotation": [-30, 0, -25], "uv": [50, 156], "mirror": true},
						{"origin": [-12, 29, 18], "size": [2, 0, 1], "pivot": [-2, 2, 1], "rotation": [30, 0, -25], "uv": [50, 156], "mirror": true},
						{"origin": [-10, 32, 2], "size": [5, 4, 5], "pivot": [-2, 2, 1], "rotation": [0, 0, -25], "uv": [0, 46], "mirror": true}
					]
				},
				{
					"name": "tail",
					"parent": "torso",
					"pivot": [0, 19, 11],
					"cubes": [
						{"origin": [-8, 11, -2], "size": [16, 13, 19], "pivot": [0, 0, 0], "rotation": [-10, 0, 0], "uv": [63, 51]}
					]
				},
				{
					"name": "tail2",
					"parent": "tail",
					"pivot": [0, 17, 19],
					"cubes": [
						{"origin": [-6, 12, 17], "size": [12, 11, 8], "pivot": [0, 0, 0], "rotation": [-10, 0, 0], "uv": [0, 97]}
					]
				},
				{
					"name": "tail3",
					"parent": "tail2",
					"pivot": [0, 14, 27],
					"cubes": [
						{"origin": [-4, 13, 25], "size": [8, 8, 8], "pivot": [0, 0, 0], "rotation": [-10, 0, 0], "uv": [111, 0]}
					]
				},
				{
					"name": "tail4",
					"parent": "tail3",
					"pivot": [0, 12, 35],
					"cubes": [
						{"origin": [-3, 14, 33], "size": [6, 6, 6], "pivot": [0, 0, 0], "rotation": [-10, 0, 0], "uv": [125, 33]},
						{"origin": [-2.5, -6.5, 38], "size": [5, 0, 6], "pivot": [0, 0, 0], "rotation": [30, 0, 0], "uv": [144, 22]},
						{"origin": [-2.5, 29, 22], "size": [5, 0, 6], "pivot": [0, 0, 0], "rotation": [-40, 0, 0], "uv": [144, 22]}
					]
				},
				{
					"name": "bone",
					"parent": "tail4",
					"pivot": [0, 6, -1],
					"rotation": [-10, 0, 0],
					"cubes": [
						{"origin": [8.5, -17, 26], "size": [5, 0, 6], "pivot": [0, 6, -1], "rotation": [45, 0, -90], "uv": [144, 22]},
						{"origin": [-13.5, -17, 26], "size": [5, 0, 6], "pivot": [0, 6, -1], "rotation": [45, 0, 90], "uv": [144, 22], "mirror": true}
					]
				},
				{
					"name": "tail5",
					"parent": "tail4",
					"pivot": [0, 11, 41],
					"cubes": [
						{"origin": [-2, 15, 39], "size": [4, 4, 3], "pivot": [0, 0, 0], "rotation": [-10, 0, 0], "uv": [32, 97]}
					]
				},
				{
					"name": "tail6",
					"parent": "tail5",
					"pivot": [0, 10, 45],
					"cubes": [
						{"origin": [-1, 16, 42], "size": [2, 2, 3], "pivot": [0, 0, 0], "rotation": [-10, 0, 0], "uv": [46, 83]}
					]
				},
				{
					"name": "leg_right",
					"parent": "body",
					"pivot": [-8, 18, 8],
					"rotation": [0, 10, 0],
					"cubes": [
						{"origin": [-14.67158, 8, -2.18387], "size": [9, 13, 14], "pivot": [-2.67158, 0, 0.81613], "rotation": [-10, 0, 0], "uv": [79, 22], "mirror": true}
					]
				},
				{
					"name": "leg_right2",
					"parent": "leg_right",
					"pivot": [-10.67158, 8, 3.81613],
					"cubes": [
						{"origin": [-14.17158, -2, 5.81613], "size": [8, 11, 8], "pivot": [-2.67158, 0, 0.81613], "rotation": [30, 0, 0], "uv": [114, 49], "mirror": true}
					]
				},
				{
					"name": "foot_right",
					"parent": "leg_right2",
					"pivot": [-9.67158, 5, 11.81613],
					"cubes": [
						{"origin": [-10.42158, 0, -2.68387], "size": [0, 3, 4], "uv": [72, 140], "mirror": true},
						{"origin": [-13.67158, 0, -0.18387], "size": [7, 4, 3], "uv": [72, 128], "mirror": true},
						{"origin": [-7.67158, 0, -0.68387], "size": [0, 2, 4], "pivot": [-2.67158, 0, 0.81613], "rotation": [0, -15, 0], "uv": [72, 140], "mirror": true},
						{"origin": [-12.67158, 0, -4.68387], "size": [0, 2, 4], "pivot": [-2.67158, 0, 0.81613], "rotation": [0, 15, 0], "uv": [72, 140], "mirror": true},
						{"origin": [-14.67158, 0, 2.81613], "size": [9, 5, 11], "inflate": -0.01, "uv": [29, 107], "mirror": true}
					]
				},
				{
					"name": "leg_left",
					"parent": "body",
					"pivot": [8, 18, 8],
					"rotation": [0, -10, 0],
					"cubes": [
						{"origin": [5.67158, 8, -2.18387], "size": [9, 13, 14], "pivot": [2.67158, 0, 0.81613], "rotation": [-10, 0, 0], "uv": [79, 22]}
					]
				},
				{
					"name": "leg_left2",
					"parent": "leg_left",
					"pivot": [10.67158, 8, 3.81613],
					"cubes": [
						{"origin": [6.17158, -2, 5.81613], "size": [8, 11, 8], "pivot": [2.67158, 0, 0.81613], "rotation": [30, 0, 0], "uv": [114, 49]}
					]
				},
				{
					"name": "foot_left",
					"parent": "leg_left2",
					"pivot": [9.67158, 5, 11.81613],
					"cubes": [
						{"origin": [10.42158, 0, -2.68387], "size": [0, 3, 4], "uv": [72, 140]},
						{"origin": [6.67158, 0, -0.18387], "size": [7, 4, 3], "uv": [72, 128]},
						{"origin": [7.67158, 0, -0.68387], "size": [0, 2, 4], "pivot": [2.67158, 0, 0.81613], "rotation": [0, 15, 0], "uv": [72, 140]},
						{"origin": [12.67158, 0, -4.68387], "size": [0, 2, 4], "pivot": [2.67158, 0, 0.81613], "rotation": [0, -15, 0], "uv": [72, 140]},
						{"origin": [5.67158, 0, 2.81613], "size": [9, 5, 11], "inflate": -0.01, "uv": [29, 107]}
					]
				}
			]
		}
	]
}