{
    "pools": [
      {
        "rolls": {
          "min": 2,
          "max": 4
        },
        "entries": [
          {
            "type": "minecraft:item",
            "name": "cobblemon:shell_bell"
          },
          {
            "type": "minecraft:item",
            "name": "cobblemon:deep_sea_tooth"
          },
          {
            "type": "minecraft:item",
            "name": "cobblemon:deep_sea_scale"
          },
          {
            "type": "minecraft:item",
            "name": "minecraft:prismarine_shard",
            "functions": [
              {
                "function": "minecraft:set_count",
                "count": {
                  "min": 1,
                  "max": 3
                }
              }
            ]
          },
          {
            "type": "minecraft:item",
            "name": "minecraft:prismarine_crystals",
            "functions": [
              {
                "function": "minecraft:set_count",
                "count": {
                  "min": 1,
                  "max": 3
                }
              }
            ]
          }
        ]
      }
    ]
  }