{
    "pools": [
      {
        "rolls": 1,
        "entries": [
          {
            "type": "minecraft:item",
            "name": "cobblemonpokemonbadges:feather_badge",
            "conditions": [
              {
                "condition": "rctmod:defeat_count",
                  "count": 1
                    }
                ]
              } 
            ]
          },
          {
            "rolls": 1,
            "entries": [
                  {
                    "type": "minecraft:item",
                    "name": "cobblemon:sharp_beak",
                    "conditions": [
                      {
                        "condition": "rctmod:defeat_count",
                          "count": 1
                            }
                        ]
                      }
                ]
              },
              {
                "rolls": 1,
                "entries": [
                          {
                            "type": "minecraft:item",
                            "name": "simpletms:tm_aerialace",
                            "conditions": [
                              {
                                "condition": "rctmod:defeat_count",
                                  "count": 1
                                    }
                                ]
                              }
                    ]
                  }
        ]
      }