{
  "pools": [
    {
      "rolls": 1,
      "entries": [
        {
          "type": "minecraft:item",
          "name": "cobblemonpokemonbadges:iceberg_badge",
          "conditions": [
            {
              "condition": "rctmod:defeat_count",
                "count": 1
                  }
              ]
            } 
          ]
        },
        {
          "rolls": 1,
          "entries": [
                {
                  "type": "minecraft:item",
                  "name": "cobblemon:chople_berry",
                  "conditions": [
                    {
                      "condition": "rctmod:defeat_count",
                        "count": 1
                          }
                      ]
                    }
              ]
            },
            {
              "rolls": 1,
              "entries": [
                    {
                      "type": "minecraft:item",
                      "name": "cobblemon:focus_sash",
                      "conditions": [
                        {
                          "condition": "rctmod:defeat_count",
                            "count": 1
                              }
                          ]
                        }
                  ]
                },
            {
              "rolls": 1,
              "entries": [
                    {
                      "type": "minecraft:item",
                      "name": "cobblemon:charti_berry",
                      "conditions": [
                        {
                          "condition": "rctmod:defeat_count",
                            "count": 1
                              }
                          ]
                        }
                  ]
                },
                {
                  "rolls": 1,
                  "entries": [
                        {
                          "type": "minecraft:item",
                          "name": "cobblemon:occa_berry",
                          "conditions": [
                            {
                              "condition": "rctmod:defeat_count",
                                "count": 1
                                  }
                              ]
                            }
                      ]
                    },
            {
              "rolls": 1,
              "entries": [
                        {
                          "type": "minecraft:item",
                          "name": "simpletms:tm_icebeam",
                          "conditions": [
                            {
                              "condition": "rctmod:defeat_count",
                                "count": 1
                                  }
                              ]
                            }
                  ]
                }
      ]
    }