{
    "pools": [
      {
        "rolls": {
          "min": 2,
          "max": 4
        },
        "entries": [
          {
            "type": "minecraft:item",
            "name": "cobblemon:helix_sherd"
          },
          {
            "type": "minecraft:item",
            "name": "cobblemon:capture_sherd"
          },
          {
            "type": "minecraft:item",
            "name": "cobblemon:tumblestone"
          },
          {
            "type": "minecraft:item",
            "name": "cobblemon:dome_sherd"
          },
          {
            "type": "minecraft:item",
            "name": "cobblemon:bygone_sherd"
          },
          {
            "type": "minecraft:item",
            "name": "cobblemon:nostalgic_sherd"
          },
          {
            "type": "minecraft:item",
            "name": "cobblemon:suspicious_sherd"
          },
          {
            "type": "minecraft:item",
            "name": "cobblemon:black_tumblestone"
          },
          {
            "type": "minecraft:item",
            "name": "cobblemon:relic_coin"
          },
          {
            "type": "minecraft:item",
            "name": "cobblemon:ancient_wing_ball"
          },
          {
            "type": "minecraft:item",
            "name": "cobblemon:ancient_leaden_ball"
          },
          {
            "type": "minecraft:item",
            "name": "cobblemon:ancient_great_ball"
          }
        ]
      }
    ]
  }