{
    "pools": [
      {
        "rolls": {
          "min": 1,
          "max": 3
        },
        "entries": [
          {
            "type": "minecraft:item",
            "name": "cobblemon:sail_fossil"
          },
          {
            "type": "minecraft:item",
            "name": "cobblemon:fossilized_bird"
          },
          {
            "type": "minecraft:item",
            "name": "cobblemon:dome_fossil"
          },
          {
            "type": "minecraft:item",
            "name": "cobblemon:claw_fossil"
          },
          {
            "type": "minecraft:item",
            "name": "cobblemon:fossilized_drake"
          },
          {
            "type": "minecraft:item",
            "name": "cobblemon:plume_fossil"
          },
          {
            "type": "minecraft:item",
            "name": "cobblemon:jaw_fossil"
          },
          {
            "type": "minecraft:item",
            "name": "cobblemon:fossilized_fish"
          },
          {
            "type": "minecraft:item",
            "name": "cobblemon:old_amber_fossil"
          },
          {
            "type": "minecraft:item",
            "name": "cobblemon:skull_fossil"
          },
          {
            "type": "minecraft:item",
            "name": "cobblemon:cover_fossil"
          },
          {
            "type": "minecraft:item",
            "name": "cobblemon:armor_fossil"
          },
          {
            "type": "minecraft:item",
            "name": "cobblemon:helix_fossil"
          },
          {
            "type": "minecraft:item",
            "name": "cobblemon:fossilized_dino"
          },
          {
            "type": "minecraft:item",
            "name": "cobblemon:root_fossil"
          }
        ]
      },
     {
      "rolls": {
        "min": 1,
        "max": 2
      },
      "entries": [
        {
          "type": "minecraft:item",
          "name": "minecraft:enchanted_book",
          "functions": [
            {
              "function": "minecraft:enchant_randomly",
              "options": [
                "minecraft:blast_protection",
                "minecraft:depth_strider",
                "minecraft:efficiency",
                "minecraft:fire_aspect",
                "minecraft:fire_protection",
                "minecraft:fortune",
                "minecraft:impaling",
                "minecraft:infinity",
                "minecraft:knockback",
                "minecraft:looting",
                "minecraft:loyalty",
                "minecraft:lure",
                "minecraft:mending",
                "minecraft:multishot",
                "minecraft:piercing",
                "minecraft:power",
                "minecraft:projectile_protection",
                "minecraft:protection",
                "minecraft:punch",
                "minecraft:quick_charge",
                "minecraft:respiration",
                "minecraft:riptide",
                "minecraft:sharpness",
                "minecraft:silk_touch",
                "minecraft:smite",
                "minecraft:soul_speed",
                "minecraft:swift_sneak",
                "minecraft:thorns",
                "minecraft:unbreaking",
                "minecraft:vanishing_curse"
              ]
            }
          ]
        }
    ]
  }
]
}

  
  