{
    "pools": [
      {
        "rolls": {
          "min": 1,
          "max": 5
        },
        "entries": [
          {
            "type": "minecraft:item",
            "name": "minecraft:lightning_rod"
          },
          {
            "type": "minecraft:item",
            "name": "minecraft:golden_chestplate"
          },
          {
            "type": "minecraft:item",
            "name": "minecraft:iron_chestplate"
          },
          {
            "type": "minecraft:item",
            "name": "minecraft:gold_ingot",
            "functions": [
              {
                "function": "minecraft:set_count",
                "count": {
                  "min": 1,
                  "max": 3
                }
              }
            ]
          },
          {
            "type": "minecraft:item",
            "name": "minecraft:splash_potion",
            "functions": [
              {
                "function": "minecraft:set_potion",
                "id": "minecraft:weakness"
              }
            ]
          },
          {
            "type": "minecraft:item",
            "name": "minecraft:splash_potion",
            "functions": [
              {
                "function": "minecraft:set_potion",
                "id": "minecraft:slowness"
              }
            ]
          },
          {
            "type": "minecraft:item",
            "name": "minecraft:ender_pearl"
          },
          {
                    "type": "minecraft:item",
                    "name": "minecraft:netherite_upgrade_smithing_template",
                    "weight": 5
                  },
                  {
                    "type": "minecraft:item",
                    "name": "minecraft:coast_armor_trim_smithing_template",
                    "weight": 15
                  },
                  {
                    "type": "minecraft:item",
                    "name": "minecraft:dune_armor_trim_smithing_template",
                    "weight": 15
                  },
                  {
                    "type": "minecraft:item",
                    "name": "minecraft:wild_armor_trim_smithing_template",
                    "weight": 15
                  },
                  {
                    "type": "minecraft:item",
                    "name": "minecraft:host_armor_trim_smithing_template",
                    "weight": 15
                  },
                  {
                    "type": "minecraft:item",
                    "name": "minecraft:wayfinder_armor_trim_smithing_template",
                    "weight": 15
                  },
                  {
                    "type": "minecraft:item",
                    "name": "minecraft:tide_armor_trim_smithing_template",
                    "weight": 15
                  },
                  {
                    "type": "minecraft:item",
                    "name": "minecraft:snout_armor_trim_smithing_template",
                    "weight": 15
                  },
                  {
                    "type": "minecraft:item",
                    "name": "minecraft:rib_armor_trim_smithing_template",
                    "weight": 15
                  },
                  {
                    "type": "minecraft:item",
                    "name": "minecraft:ward_armor_trim_smithing_template",
                    "weight": 10
                  },
                  {
                    "type": "minecraft:item",
                    "name": "minecraft:eye_armor_trim_smithing_template",
                    "weight": 10
                  },
                  {
                    "type": "minecraft:item",
                    "name": "minecraft:vex_armor_trim_smithing_template",
                    "weight": 10
                  },
                  {
                    "type": "minecraft:item",
                    "name": "minecraft:shaper_armor_trim_smithing_template",
                    "weight": 10
                  },
                  {
                    "type": "minecraft:item",
                    "name": "minecraft:sentry_armor_trim_smithing_template",
                    "weight": 10
                  },
                  {
                    "type": "minecraft:item",
                    "name": "minecraft:spire_armor_trim_smithing_template",
                    "weight": 5
                  },
                  {
                    "type": "minecraft:item",
                    "name": "minecraft:raiser_armor_trim_smithing_template",
                    "weight": 5
                  },
                  {
                    "type": "minecraft:item",
                    "name": "minecraft:silence_armor_trim_smithing_template",
                    "weight": 5
                  }
                ]
              }
            ]
          }
        