{
    "pools": [
      {
        "rolls": {
          "min": 1,
          "max": 3
        },
        "entries": [
          {
            "type": "minecraft:item",
            "name": "minecraft:lightning_rod"
          },
          {
            "type": "minecraft:item",
            "name": "minecraft:black_wool",
            "functions": [
              {
                "function": "minecraft:set_count",
                "count": {
                  "min": 1,
                  "max": 4
                }
              }
            ]
          },
          {
            "type": "minecraft:item",
            "name": "minecraft:packed_ice"
          },
          {
            "type": "minecraft:item",
            "name": "minecraft:blue_ice"
          },
          {
            "type": "minecraft:item",
            "name": "minecraft:redstone",
            "functions": [
              {
                "function": "minecraft:set_count",
                "count": {
                  "min": 1,
                  "max": 4
                }
              }
            ]
          },
          {
            "type": "minecraft:item",
            "name": "minecraft:comparator"
          },
          {
            "type": "minecraft:item",
            "name": "minecraft:observer"
          },
          {
            "type": "minecraft:item",
            "name": "minecraft:dispenser"
          },
          {
            "type": "minecraft:item",
            "name": "minecraft:golden_sword"
          },
          {
            "type": "minecraft:item",
            "name": "minecraft:iron_sword"
          },
          {
            "type": "minecraft:item",
            "name": "minecraft:golden_chestplate"
          },
          {
            "type": "minecraft:item",
            "name": "minecraft:iron_chestplate"
          },
          {
            "type": "minecraft:item",
            "name": "minecraft:gold_ingot",
            "functions": [
              {
                "function": "minecraft:set_count",
                "count": {
                  "min": 1,
                  "max": 3
                }
              }
            ]
          },
          {
            "type": "minecraft:item",
            "name": "minecraft:snowball",
            "functions": [
              {
                "function": "minecraft:set_count",
                "count": {
                  "min": 1,
                  "max": 8
                }
              }
            ]
          },
          {
            "type": "minecraft:item",
            "name": "minecraft:splash_potion",
            "functions": [
              {
                "function": "minecraft:set_potion",
                "id": "minecraft:weakness"
              }
            ]
          },
          {
            "type": "minecraft:item",
            "name": "minecraft:splash_potion",
            "functions": [
              {
                "function": "minecraft:set_potion",
                "id": "minecraft:slowness"
              }
            ]
          },
          {
            "type": "minecraft:item",
            "name": "minecraft:ender_pearl"
          }
        ]
      }
    ]
}