{
  "pools": [
    {
      "rolls": {
        "min": 1,
        "max": 6
      },
      "entries": [
        {
          "type": "minecraft:item",
          "name": "cobblemon:max_elixir"
        },
        {
          "type": "minecraft:item",
          "name": "cobblemon:max_revive"
        },
        {
          "type": "minecraft:item",
          "name": "cobblemon:full_heal",
          "functions": [
            {
              "function": "minecraft:set_count",
              "count": {
                "min": 1,
                "max": 4
              }
            }
          ]
        },
        {
          "type": "minecraft:item",
          "name": "cobblemon:pp_max"
        },
        {
          "type": "minecraft:item",
          "name": "cobblemon:superb_remedy",
          "functions": [
            {
              "function": "minecraft:set_count",
              "count": {
                "min": 1,
                "max": 2
              }
            }
          ]
        },
        {
          "type": "minecraft:item",
          "name": "cobblemon:revival_herb"
        },
        {
          "type": "minecraft:item",
          "name": "cobblemon:exp_candy_xl",
          "functions": [
          {
            "function": "minecraft:set_count",
            "count": {
              "min": 1,
              "max": 2
            }
          }
        ]
      }
    ]
  }
],
  "random_sequence": "rctmod:generic/rare/medicine"
}