{
    "pools": [
      {
        "rolls": {
          "min": 1,
          "max": 4
        },
        "entries": [
          {
            "type": "minecraft:item",
            "name": "minecraft:shield"
          },
          {
            "type": "minecraft:item",
            "name": "minecraft:white_wool",
            "functions": [
              {
                "function": "minecraft:set_count",
                "count": {
                  "min": 1,
                  "max": 4
                }
              }
            ]
          },
          {
            "type": "minecraft:item",
            "name": "minecraft:wooden_sword"
          },
          {
            "type": "minecraft:item",
            "name": "minecraft:stone_sword"
          },
          {
            "type": "minecraft:item",
            "name": "minecraft:leather_chestplate"
          },
          {
            "type": "minecraft:item",
            "name": "minecraft:stone_axe"
          },
          {
            "type": "minecraft:item",
            "name": "minecraft:copper_ingot",
            "functions": [
              {
                "function": "minecraft:set_count",
                "count": {
                  "min": 1,
                  "max": 3
                }
              }
            ]
          },
          {
            "type": "minecraft:item",
            "name": "minecraft:stone_shovel",
            "functions": [
              {
                "function": "minecraft:set_count",
                "count": {
                  "min": 1,
                  "max": 2
                }
              }
            ]
          },
          {
            "type": "minecraft:item",
            "name": "minecraft:lead"
          },
          {
            "type": "minecraft:item",
            "name": "minecraft:saddle"
          }
        ]
      }
    ]
}