{
  "pools": [
    {
      "rolls": {
        "min": 1,
        "max": 6
      },
      "entries": [
        {
          "type": "minecraft:item",
          "name": "cobblemon:twisted_spoon"
        },
        {
          "type": "minecraft:item",
          "name": "cobblemon:blunder_policy"
        },
        {
          "type": "minecraft:item",
          "name": "cobblemon:fairy_feather"
        },
        {
          "type": "minecraft:item",
          "name": "cobblemon:wise_glasses"
        },
        {
          "type": "minecraft:item",
          "name": "cobblemon:bright_powder"
        },
        {
          "type": "minecraft:item",
          "name": "cobblemon:magnet"
        },
        {
          "type": "minecraft:item",
          "name": "cobblemon:iron_ball"
        },
        {
          "type": "minecraft:item",
          "name": "cobblemon:heavy_duty_boots"
        },
        {
          "type": "minecraft:item",
          "name": "cobblemon:quick_claw"
        },
        {
          "type": "minecraft:item",
          "name": "cobblemon:charcoal_stick"
        },
        {
          "type": "minecraft:item",
          "name": "cobblemon:protector"
        },
        {
          "type": "minecraft:item",
          "name": "cobblemon:hard_stone"
        },
        {
          "type": "minecraft:item",
          "name": "cobblemon:black_glasses"
        },
        {
          "type": "minecraft:item",
          "name": "cobblemon:cell_battery"
        },
        {
          "type": "minecraft:item",
          "name": "cobblemon:float_stone"
        },
        {
          "type": "minecraft:item",
          "name": "cobblemon:metal_powder"
        },
        {
          "type": "minecraft:item",
          "name": "cobblemon:smooth_rock"
        },
        {
          "type": "minecraft:item",
          "name": "cobblemon:quick_powder"
        },
        {
          "type": "minecraft:item",
          "name": "cobblemon:mystic_water"
        },
        {
          "type": "minecraft:item",
          "name": "cobblemon:binding_band"
        },
        {
          "type": "minecraft:item",
          "name": "cobblemon:icy_rock"
        },
        {
          "type": "minecraft:item",
          "name": "cobblemon:smoke_ball"
        },
        {
          "type": "minecraft:item",
          "name": "cobblemon:poison_barb"
        },
        {
          "type": "minecraft:item",
          "name": "cobblemon:ability_shield"
        },
        {
          "type": "minecraft:item",
          "name": "cobblemon:air_balloon"
        },
        {
          "type": "minecraft:item",
          "name": "cobblemon:sharp_beak"
        },
        {
          "type": "minecraft:item",
          "name": "cobblemon:dragon_fang"
        },
        {
          "type": "minecraft:item",
          "name": "cobblemon:heat_rock"
        },
        {
          "type": "minecraft:item",
          "name": "cobblemon:destiny_knot"
        },
        {
          "type": "minecraft:item",
          "name": "cobblemon:silk_scarf"
        },
        {
          "type": "minecraft:item",
          "name": "cobblemon:spell_tag"
        },
        {
          "type": "minecraft:item",
          "name": "cobblemon:dragon_gem"
        },
        {
          "type": "minecraft:item",
          "name": "cobblemon:miracle_seed"
        },
        {
          "type": "minecraft:item",
          "name": "cobblemon:safety_goggles"
        },
        {
          "type": "minecraft:item",
          "name": "cobblemon:never_melt_ice"
        },
        {
          "type": "minecraft:item",
          "name": "cobblemon:soft_sand"
        },
        {
          "type": "minecraft:item",
          "name": "cobblemon:damp_rock"
        },
        {
          "type": "minecraft:item",
          "name": "cobblemon:black_belt"
        },
        {
          "type": "minecraft:item",
          "name": "cobblemon:silver_powder"
        },
        {
          "type": "minecraft:item",
          "name": "cobblemon:big_root"
        },
        {
          "type": "minecraft:item",
          "name": "cobblemon:covert_cloak"
        },
        {
          "type": "minecraft:item",
          "name": "cobblemon:light_ball"
        },
        {
          "type": "minecraft:item",
          "name": "cobblemon:ring_target"
        },
        {
          "type": "minecraft:item",
          "name": "cobblemon:eviolite"
        },
        {
          "type": "minecraft:item",
          "name": "cobblemon:shell_bell"
        },
        {
          "type": "minecraft:item",
          "name": "cobblemon:loaded_dice"
        },
        {
          "type": "minecraft:item",
          "name": "cobblemon:weakness_policy"
        }
      ]
    }
  ],
  "random_sequence": "rctmod:generic/rare/battle"
}