{
  "pools": [
    {
      "rolls": {
        "min": 1,
        "max": 4
      },
      "entries": [
        {
          "type": "minecraft:item",
          "name": "cobblemon:thunder_stone"
        },
        {
          "type": "minecraft:item",
          "name": "cobblemon:ice_stone"
        },
        {
          "type": "minecraft:item",
          "name": "cobblemon:fire_stone"
        },
        {
          "type": "minecraft:item",
          "name": "cobblemon:leaf_stone"
        },
        {
          "type": "minecraft:item",
          "name": "cobblemon:water_stone"
        },
        {
          "type": "minecraft:item",
          "name": "cobblemon:dusk_stone"
        },
        {
          "type": "minecraft:item",
          "name": "cobblemon:sun_stone"
        },
        {
          "type": "minecraft:item",
          "name": "cobblemon:dawn_stone"
        },
        {
          "type": "minecraft:item",
          "name": "cobblemon:shiny_stone"
        },
        {
          "type": "minecraft:item",
          "name": "cobblemon:moon_stone"
        },
        {
          "type": "minecraft:item",
          "name": "cobblemon:razor_claw"
        },
        {
          "type": "minecraft:item",
          "name": "cobblemon:deep_sea_tooth"
        },
        {
          "type": "minecraft:item",
          "name": "cobblemon:razor_fang"
        },
        {
          "type": "minecraft:item",
          "name": "cobblemon:deep_sea_scale"
        },
        {
          "type": "minecraft:item",
          "name": "cobblemon:metal_coat"
        },
        {
          "type": "minecraft:item",
          "name": "cobblemon:kings_rock"
        },
        {
          "type": "minecraft:item",
          "name": "cobblemon:clover_sweet"
        },
        {
          "type": "minecraft:item",
          "name": "cobblemon:unremarkable_teacup"
        },
        {
          "type": "minecraft:item",
          "name": "cobblemon:magmarizer"
        },
        {
          "type": "minecraft:item",
          "name": "cobblemon:flower_sweet"
        },
        {
          "type": "minecraft:item",
          "name": "cobblemon:reaper_cloth"
        },
        {
          "type": "minecraft:item",
          "name": "cobblemon:galarica_cuff"
        },
        {
          "type": "minecraft:item",
          "name": "cobblemon:cracked_pot"
        },
        {
          "type": "minecraft:item",
          "name": "cobblemon:galarica_wreath"
        },
        {
          "type": "minecraft:item",
          "name": "cobblemon:sachet"
        },
        {
          "type": "minecraft:item",
          "name": "cobblemon:dragon_scale"
        },
        {
          "type": "minecraft:item",
          "name": "cobblemon:star_sweet"
        },
        {
          "type": "minecraft:item",
          "name": "cobblemon:whipped_dream"
        },
        {
          "type": "minecraft:item",
          "name": "cobblemon:sweet_apple"
        },
        {
          "type": "minecraft:item",
          "name": "cobblemon:tart_apple"
        },
        {
          "type": "minecraft:item",
          "name": "cobblemon:chipped_pot"
        },
        {
          "type": "minecraft:item",
          "name": "cobblemon:ribbon_sweet"
        },
        {
          "type": "minecraft:item",
          "name": "cobblemon:love_sweet"
        },
        {
          "type": "minecraft:item",
          "name": "cobblemon:malicious_armor"
        },
        {
          "type": "minecraft:item",
          "name": "cobblemon:electirizer"
        },
        {
          "type": "minecraft:item",
          "name": "cobblemon:black_augurite"
        },
        {
          "type": "minecraft:item",
          "name": "cobblemon:strawberry_sweet"
        },
        {
          "type": "minecraft:item",
          "name": "cobblemon:auspicious_armor"
        },
        {
          "type": "minecraft:item",
          "name": "cobblemon:berry_sweet"
        },
        {
          "type": "minecraft:item",
          "name": "cobblemon:oval_stone"
        },
        {
          "type": "minecraft:item",
          "name": "cobblemon:masterpiece_teacup"
        }
      ]
    }
  ],
  "random_sequence": "rctmod:generic/rare/evolution"
}