{
  "pools": [
    {
      "rolls": 1,
      "entries": [
        {
          "type": "minecraft:item",
          "name": "cobblemonpokemonbadges:cobble_badge",
          "conditions": [
            {
              "condition": "rctmod:defeat_count",
                "count": 1
                  }
              ]
            } 
          ]
        },
            {
              "rolls": 1,
              "entries": [
                    {
                      "type": "minecraft:item",
                      "name": "cobblemon:black_belt",
                      "conditions": [
                        {
                          "condition": "rctmod:defeat_count",
                            "count": 1
                              }
                          ]
                        }
                  ]
                },
            {
              "rolls": 1,
              "entries": [
                        {
                          "type": "minecraft:item",
                          "name": "simpletms:tm_drainpunch",
                          "conditions": [
                            {
                              "condition": "rctmod:defeat_count",
                                "count": 1
                                  }
                              ]
                            }
                  ]
                }
      ]
    }