{
  "pools": [
    {
      "rolls": {
        "type": "minecraft:binomial",
        "n": 3,
        "p": 0.15
      },
      "entries": [
        {
          "type": "minecraft:loot_table",
          "value": "rctmod:generic/common/battle",
          "weight": 500
        },
        {
          "type": "minecraft:loot_table",
          "value": "rctmod:generic/uncommon/battle",
          "weight": 150,
          "quality": 350
        },
        {
          "type": "minecraft:loot_table",
          "value": "rctmod:generic/uncommon/evolution",
          "weight": 150,
          "quality": 350
        },
        {
          "type": "minecraft:loot_table",
          "value": "rctmod:generic/uncommon/training",
          "weight": 150,
          "quality": 350
        },
        {
          "type": "minecraft:loot_table",
          "value": "rctmod:generic/rare/battle",
          "weight": 40,
          "quality": 220
        },
        {
          "type": "minecraft:loot_table",
          "value": "rctmod:generic/rare/evolution",
          "weight": 40,
          "quality": 220
        },
        {
          "type": "minecraft:loot_table",
          "value": "rctmod:generic/rare/training",
          "weight": 40,
          "quality": 220
        },
        {
          "type": "minecraft:loot_table",
          "value": "rctmod:generic/epic/battle",
          "weight": 20,
          "quality": 60
        },
        {
          "type": "minecraft:loot_table",
          "value": "rctmod:generic/epic/evolution",
          "weight": 20,
          "quality": 60
        },
        {
          "type": "minecraft:loot_table",
          "value": "rctmod:generic/epic/training",
          "weight": 20,
          "quality": 60
        },
        {
          "type": "minecraft:loot_table",
          "value": "rctmod:generic/legendary/battle",
          "weight": 2,
          "quality": 72
        },
        {
          "type": "minecraft:loot_table",
          "value": "rctmod:generic/legendary/evolution",
          "weight": 2,
          "quality": 72
        },
        {
          "type": "minecraft:loot_table",
          "value": "rctmod:generic/legendary/training",
          "weight": 2,
          "quality": 72
        }
      ]
    },
    {
      "rolls": {
        "type": "minecraft:binomial",
        "n": 3,
        "p": 0.25
      },
      "entries": [
        {
          "type": "minecraft:loot_table",
          "value": "rctmod:generic/common/battle",
          "weight": 500
        },
        {
          "type": "minecraft:loot_table",
          "value": "rctmod:generic/uncommon/battle",
          "weight": 150,
          "quality": 350
        },
        {
          "type": "minecraft:loot_table",
          "value": "rctmod:generic/uncommon/evolution",
          "weight": 150,
          "quality": 350
        },
        {
          "type": "minecraft:loot_table",
          "value": "rctmod:generic/uncommon/training",
          "weight": 150,
          "quality": 350
        },
        {
          "type": "minecraft:loot_table",
          "value": "rctmod:generic/rare/battle",
          "weight": 40,
          "quality": 220
        },
        {
          "type": "minecraft:loot_table",
          "value": "rctmod:generic/rare/evolution",
          "weight": 40,
          "quality": 220
        },
        {
          "type": "minecraft:loot_table",
          "value": "rctmod:generic/rare/training",
          "weight": 40,
          "quality": 220
        },
        {
          "type": "minecraft:loot_table",
          "value": "rctmod:generic/epic/battle",
          "weight": 20,
          "quality": 60
        },
        {
          "type": "minecraft:loot_table",
          "value": "rctmod:generic/epic/evolution",
          "weight": 20,
          "quality": 60
        },
        {
          "type": "minecraft:loot_table",
          "value": "rctmod:generic/epic/training",
          "weight": 20,
          "quality": 60
        },
        {
          "type": "minecraft:loot_table",
          "value": "rctmod:generic/legendary/battle",
          "weight": 2,
          "quality": 72
        },
        {
          "type": "minecraft:loot_table",
          "value": "rctmod:generic/legendary/evolution",
          "weight": 2,
          "quality": 72
        },
        {
          "type": "minecraft:loot_table",
          "value": "rctmod:generic/legendary/training",
          "weight": 2,
          "quality": 72
        }
      ],
      "conditions": [
        {
          "condition": "rctmod:level_range",
          "range": {
            "min": 26,
            "max": 50
          }
        }
      ]
    },
    {
      "rolls": {
        "type": "minecraft:binomial",
        "n": 3,
        "p": 0.35
      },
      "entries": [
        {
          "type": "minecraft:loot_table",
          "value": "rctmod:generic/common/battle",
          "weight": 500
        },
        {
          "type": "minecraft:loot_table",
          "value": "rctmod:generic/uncommon/battle",
          "weight": 150,
          "quality": 350
        },
        {
          "type": "minecraft:loot_table",
          "value": "rctmod:generic/uncommon/evolution",
          "weight": 150,
          "quality": 350
        },
        {
          "type": "minecraft:loot_table",
          "value": "rctmod:generic/uncommon/training",
          "weight": 150,
          "quality": 350
        },
        {
          "type": "minecraft:loot_table",
          "value": "rctmod:generic/rare/battle",
          "weight": 40,
          "quality": 220
        },
        {
          "type": "minecraft:loot_table",
          "value": "rctmod:generic/rare/evolution",
          "weight": 40,
          "quality": 220
        },
        {
          "type": "minecraft:loot_table",
          "value": "rctmod:generic/rare/training",
          "weight": 40,
          "quality": 220
        },
        {
          "type": "minecraft:loot_table",
          "value": "rctmod:generic/epic/battle",
          "weight": 20,
          "quality": 60
        },
        {
          "type": "minecraft:loot_table",
          "value": "rctmod:generic/epic/evolution",
          "weight": 20,
          "quality": 60
        },
        {
          "type": "minecraft:loot_table",
          "value": "rctmod:generic/epic/training",
          "weight": 20,
          "quality": 60
        },
        {
          "type": "minecraft:loot_table",
          "value": "rctmod:generic/legendary/battle",
          "weight": 2,
          "quality": 72
        },
        {
          "type": "minecraft:loot_table",
          "value": "rctmod:generic/legendary/evolution",
          "weight": 2,
          "quality": 72
        },
        {
          "type": "minecraft:loot_table",
          "value": "rctmod:generic/legendary/training",
          "weight": 2,
          "quality": 72
        }
      ],
      "conditions": [
        {
          "condition": "rctmod:level_range",
          "range": {
            "min": 51,
            "max": 75
          }
        }
      ]
    },
    {
      "rolls": {
        "type": "minecraft:binomial",
        "n": 3,
        "p": 0.45
      },
      "entries": [
        {
          "type": "minecraft:loot_table",
          "value": "rctmod:generic/common/battle",
          "weight": 500
        },
        {
          "type": "minecraft:loot_table",
          "value": "rctmod:generic/uncommon/battle",
          "weight": 150,
          "quality": 350
        },
        {
          "type": "minecraft:loot_table",
          "value": "rctmod:generic/uncommon/evolution",
          "weight": 150,
          "quality": 350
        },
        {
          "type": "minecraft:loot_table",
          "value": "rctmod:generic/uncommon/training",
          "weight": 150,
          "quality": 350
        },
        {
          "type": "minecraft:loot_table",
          "value": "rctmod:generic/rare/battle",
          "weight": 40,
          "quality": 220
        },
        {
          "type": "minecraft:loot_table",
          "value": "rctmod:generic/rare/evolution",
          "weight": 40,
          "quality": 220
        },
        {
          "type": "minecraft:loot_table",
          "value": "rctmod:generic/rare/training",
          "weight": 40,
          "quality": 220
        },
        {
          "type": "minecraft:loot_table",
          "value": "rctmod:generic/epic/battle",
          "weight": 20,
          "quality": 60
        },
        {
          "type": "minecraft:loot_table",
          "value": "rctmod:generic/epic/evolution",
          "weight": 20,
          "quality": 60
        },
        {
          "type": "minecraft:loot_table",
          "value": "rctmod:generic/epic/training",
          "weight": 20,
          "quality": 60
        },
        {
          "type": "minecraft:loot_table",
          "value": "rctmod:generic/legendary/battle",
          "weight": 2,
          "quality": 72
        },
        {
          "type": "minecraft:loot_table",
          "value": "rctmod:generic/legendary/evolution",
          "weight": 2,
          "quality": 72
        },
        {
          "type": "minecraft:loot_table",
          "value": "rctmod:generic/legendary/training",
          "weight": 2,
          "quality": 72
        }
      ],
      "conditions": [
        {
          "condition": "rctmod:level_range",
          "range": {
            "min": 76,
            "max": 100
          }
        }
      ]
    }
  ],
  "random_sequence": "rctmod:trainers/groups/champion"
}