{
  "pools": [
    {
      "rolls": 1,
      "entries": [
        {
          "type": "minecraft:item",
          "name": "cobblemonpokemonbadges:trio_badge",
          "conditions": [
            {
              "condition": "rctmod:defeat_count",
                "count": 1
                  }
              ]
            } 
          ]
        },
        {
          "rolls": 3,
          "entries": [
                {
                  "type": "minecraft:item",
                  "name": "minecraft:golden_apple",
                  "conditions": [
                    {
                      "condition": "rctmod:defeat_count",
                        "count": 1
                          }
                      ]
                    }
              ]
            },
            {
              "rolls": 1,
              "entries": [
                        {
                          "type": "minecraft:item",
                          "name": "simpletms:tm_workup",
                          "conditions": [
                            {
                              "condition": "rctmod:defeat_count",
                                "count": 1
                                  }
                              ]
                            }
                  ]
                }
      ]
    }