{
  "pools": [
    {
      "rolls": 1,
      "entries": [
        {
          "type": "minecraft:item",
          "name": "cobblemonpokemonbadges:bolt_badge",
          "conditions": [
            {
              "condition": "rctmod:defeat_count",
                "count": 1
                  }
              ]
            } 
          ]
        },
        {
          "rolls": 32,
          "entries": [
            {
              "type": "minecraft:item",
              "name": "powered_rail",
              "conditions": [
                {
                  "condition": "rctmod:defeat_count",
                    "count": 1
                      }
                  ]
                } 
              ]
            },
        {
          "rolls": 8,
          "entries": [
                {
                  "type": "minecraft:item",
                  "name": "minecraft:minecart",
                  "conditions": [
                    {
                      "condition": "rctmod:defeat_count",
                        "count": 1
                          }
                      ]
                    }
              ]
            },
            {
              "rolls": 1,
              "entries": [
                        {
                          "type": "minecraft:item",
                          "name": "simpletms:tm_voltswitch",
                          "conditions": [
                            {
                              "condition": "rctmod:defeat_count",
                                "count": 1
                                  }
                              ]
                            }
                  ]
                }
      ]
    }