{
    "enabled": true,
    "neededInstalledMods": [],
    "neededUninstalledMods": [],
    "spawns": [
        {
            "id": "fearow-1",
            "pokemon": "fearow",
            "presets": [
                "natural",
                "treetop"
            ],
            "type": "pokemon",
            "context": "grounded",
            "bucket": "common",
            "level": "20-44",
            "weight": 1.0,
            "condition": {
                "canSeeSky": true,
                "biomes": [
                    "#cobblemon:is_badlands",
                    "#cobblemon:is_savanna",
                    "#cobblemon:is_sky"
                ],
                "timeRange": "day"
            }
        },
        {
            "id": "fearow-2",
            "pokemon": "fearow",
            "presets": [
                "natural"
            ],
            "type": "pokemon",
            "context": "grounded",
            "bucket": "common",
            "level": "24-48",
            "weight": 1,
            "condition": {
                "biomes": [
                    "betterend:amber_land",
                    "betterend:dry_shrubland",
                    "betterend:lantern_woods"
                ]
            }
        }
    ]
}