{
    "enabled": true,
    "neededInstalledMods": [],
    "neededUninstalledMods": [],
    "spawns": [
        {
            "id": "victreebel-1",
            "pokemon": "victreebel",
            "presets": [
                "natural"
            ],
            "type": "pokemon",
            "context": "grounded",
            "bucket": "common",
            "level": "34-49",
            "weight": 0.1,
            "condition": {
                "canSeeSky": true,
                "biomes": [
                    "#cobblemon:is_jungle"
                ]
            }
        },
        {
            "id": "victreebel-2",
            "pokemon": "victreebel",
            "presets": [
                "natural"
            ],
            "type": "pokemon",
            "context": "grounded",
            "bucket": "common",
            "level": "38-54",
            "weight": 0.1,
            "condition": {
                "biomes": [
                    "betterend:umbrella_jungle"
                ]
            }
        }
    ]
}