{
    "enabled": true,
    "neededInstalledMods": [],
    "neededUninstalledMods": [],
    "spawns": [
        {
            "id": "tentacruel-1",
            "pokemon": "tentacruel",
            "presets": [
                "underwater"
            ],
            "type": "pokemon",
            "context": "submerged",
            "bucket": "common",
            "level": "30-52",
            "weight": 1.0,
            "condition": {
                "canSeeSky": true,
                "biomes": [
                    "#cobblemon:is_deep_ocean"
                ],
                "maxY": 48
            }
        },
        {
            "id": "tentacruel-2",
            "pokemon": "tentacruel",
            "presets": [
                "underwater"
            ],
            "type": "pokemon",
            "context": "submerged",
            "bucket": "common",
            "level": "30-52",
            "weight": 0.6,
            "condition": {
                "canSeeSky": true,
                "biomes": [
                    "#cobblemon:is_ocean"
                ],
                "maxY": 48
            },
            "anticondition": {
                "biomes": [
                    "#cobblemon:is_deep_ocean"
                ]
            }
        }
    ]
}