{
    "enabled": true,
    "neededInstalledMods": [],
    "neededUninstalledMods": [],
    "spawns": [
        {
            "id": "grimer-1",
            "pokemon": "grimer",
            "presets": [
                "water_surface"
            ],
            "type": "pokemon",
            "context": "surface",
            "bucket": "common",
            "level": "8-33",
            "weight": 1.8,
            "weightMultiplier": {
                "multiplier": 1.5,
                "condition": {
                    "timeRange": "night"
                }
            },
            "condition": {
                "canSeeSky": true,
                "biomes": [
                    "#cobblemon:is_swamp"
                ]
            }
        },
        {
            "id": "grimer-2",
            "pokemon": "grimer",
            "presets": [
                "water_surface",
                "urban"
            ],
            "type": "pokemon",
            "context": "surface",
            "bucket": "common",
            "level": "8-33",
            "weight": 5.4,
            "weightMultiplier": {
                "multiplier": 1.5,
                "condition": {
                    "timeRange": "night"
                }
            },
            "condition": {
                "canSeeSky": true,
                "biomes": [
                    "#cobblemon:is_overworld"
                ]
            },
            "anticondition": {
                "structures": [
                    "#minecraft:village"
                ]
            }
        },
        {
            "id": "grimer-3",
            "pokemon": "grimer",
            "presets": [
                "water_surface",
                "village"
            ],
            "type": "pokemon",
            "context": "surface",
            "bucket": "common",
            "level": "8-33",
            "weight": 5.4,
            "weightMultiplier": {
                "multiplier": 1.5,
                "condition": {
                    "timeRange": "night"
                }
            },
            "condition": {
                "canSeeSky": true,
                "biomes": [
                    "#cobblemon:is_overworld"
                ]
            }
        },
        {
            "id": "grimer-4",
            "pokemon": "grimer",
            "presets": [
                "natural"
            ],
            "type": "pokemon",
            "context": "grounded",
            "bucket": "common",
            "level": "8-33",
            "weight": 9.0,
            "condition": {
                "biomes": [
                    "#cobblemon:nether/is_toxic"
                ]
            }
        },
        {
            "id": "grimer-5",
            "pokemon": "grimer",
            "presets": [
                "natural"
            ],
            "type": "pokemon",
            "context": "grounded",
            "bucket": "common",
            "level": "12-36",
            "weight": 9.0,
            "condition": {
                "biomes": [
                    "betterend:foggy_mushroomland",
                    "betterend:umbra_valley",
                    "alexscaves:toxic_caves"
                ]
            }
        }
    ]
}