{
    "enabled": true,
    "neededInstalledMods": [],
    "neededUninstalledMods": [],
    "spawns": [
        {
            "id": "drowzee-1",
            "pokemon": "drowzee",
            "presets": [
                "natural",
                "urban"
            ],
            "type": "pokemon",
            "context": "grounded",
            "bucket": "common",
            "level": "8-33",
            "weight": 9.0,
            "condition": {
                "canSeeSky": true,
                "biomes": [
                    "#cobblemon:is_jungle",
                    "#cobblemon:is_savanna"
                ],
                "timeRange": "night"
            },
            "anticondition": {
                "structures": [
                    "#minecraft:village"
                ]
            }
        },
        {
            "id": "drowzee-2",
            "pokemon": "drowzee",
            "presets": [
                "natural",
                "village"
            ],
            "type": "pokemon",
            "context": "grounded",
            "bucket": "common",
            "level": "8-33",
            "weight": 9.0,
            "condition": {
                "canSeeSky": true,
                "biomes": [
                    "#cobblemon:is_jungle",
                    "#cobblemon:is_savanna"
                ],
                "timeRange": "night"
            }
        },
        {
            "id": "drowzee-3",
            "pokemon": "drowzee",
            "presets": [
                "natural"
            ],
            "type": "pokemon",
            "context": "grounded",
            "bucket": "common",
            "level": "26-48",
            "weight": 9.0,
            "condition": {
                "biomes": [
                    "betterend:amber_land",
                    "betterend:lantern_woods"
                ]
            }
        }
    ]
}