{
    "enabled": true,
    "neededInstalledMods": [],
    "neededUninstalledMods": [],
    "spawns": [
        {
            "id": "weezing-1",
            "pokemon": "weezing",
            "presets": [
                "natural",
                "urban"
            ],
            "type": "pokemon",
            "context": "grounded",
            "bucket": "common",
            "level": "35-49",
            "weight": 0.2,
            "weightMultiplier": {
                "multiplier": 5.0,
                "condition": {
                    "timeRange": "night"
                }
            },
            "condition": {
                "canSeeSky": true,
                "biomes": [
                    "#cobblemon:is_overworld"
                ]
            },
            "anticondition": {
                "structures": [
                    "#minecraft:village"
                ]
            }
        },
        {
            "id": "weezing-2",
            "pokemon": "weezing",
            "presets": [
                "natural",
                "village"
            ],
            "type": "pokemon",
            "context": "grounded",
            "bucket": "common",
            "level": "35-49",
            "weight": 0.2,
            "weightMultiplier": {
                "multiplier": 5.0,
                "condition": {
                    "timeRange": "night"
                }
            },
            "condition": {
                "canSeeSky": true,
                "biomes": [
                    "#cobblemon:is_overworld"
                ]
            }
        },
        {
            "id": "weezing-3",
            "pokemon": "weezing",
            "presets": [
                "natural"
            ],
            "type": "pokemon",
            "context": "grounded",
            "bucket": "common",
            "level": "35-49",
            "weight": 1.0,
            "condition": {
                "biomes": [
                    "#cobblemon:nether/is_toxic"
                ]
            }
        },
        {
            "id": "weezing-4",
            "pokemon": "weezing",
            "presets": [
                "natural"
            ],
            "type": "pokemon",
            "context": "grounded",
            "bucket": "common",
            "level": "39-54",
            "weight": 1.0,
            "condition": {
                "biomes": [
                    "betterend:sulphur_springs",
                    "betterend:umbra_valley",
                    "alexscaves:toxic_caves"
                ]
            }
        }
    ]
}