{
    "enabled": true,
    "neededInstalledMods": [],
    "neededUninstalledMods": [],
    "spawns": [
        {
            "id": "starmie-1",
            "pokemon": "starmie",
            "presets": [
                "natural"
            ],
            "type": "pokemon",
            "context": "grounded",
            "bucket": "uncommon",
            "level": "29-52",
            "weight": 1.0,
            "condition": {
                "canSeeSky": true,
                "maxY": 67,
                "biomes": [
                    "#cobblemon:is_coast"
                ],
                "timeRange": "night"
            }
        },
        {
            "id": "starmie-2",
            "pokemon": "starmie",
            "presets": [
                "underwater"
            ],
            "type": "pokemon",
            "context": "seafloor",
            "bucket": "uncommon",
            "level": "29-52",
            "weight": 0.6,
			"weightMultiplier": {
				"multiplier": 1.5,
				"condition": {
					"timeRange": "night"
				}
			},
            "condition": {
                "canSeeSky": true,
                "biomes": [
                    "#cobblemon:is_ocean"
                ]
            }
        }
    ]
}