{
    "enabled": true,
    "neededInstalledMods": [],
    "neededUninstalledMods": [],
    "spawns": [
        {
            "id": "omanyte-1",
            "pokemon": "omanyte",
            "presets": [
                "natural"
            ],
            "type": "pokemon",
            "context": "grounded",
            "bucket": "ultra-rare",
            "level": "11-36",
            "weight": 9.0,
            "condition": {
                "biomes": [
                    "#cobblemon:is_lush"
                ]
            }
        },
        {
            "id": "omanyte-2",
            "pokemon": "omanyte",
            "presets": [
                "underwater"
            ],
            "type": "pokemon",
            "context": "submerged",
            "bucket": "ultra-rare",
            "level": "11-36",
            "weight": 9.0,
            "condition": {
                "biomes": [
                    "#cobblemon:is_lush"
                ]
            }
        },
        {
            "id": "omanyte-3",
            "pokemon": "omanyte",
            "presets": [
                "underwater"
            ],
            "type": "pokemon",
            "context": "submerged",
            "bucket": "rare",
            "level": "16-40",
            "weight": 2,
            "condition": {
                "biomes": [
                    "betterend:megalake",
                    "betterend:megalake_grove"
                ]
            }
        },
        {
            "id": "omanyte-4",
            "pokemon": "omanyte",
            "presets": [
                "natural"
            ],
            "type": "pokemon",
            "context": "grounded",
            "bucket": "common",
            "level": "11-36",
            "weight": 9.0,
            "condition": {
                "biomes": [
                    "alexscaves:primordial_caves"
                ],
                "neededNearbyBlocks": [
                    "minecraft:water"
                ]
            }
        }
    ]
}