{
    "enabled": "true",
    "neededInstalledMods": [],
    "neededUninstalledMods": [],
    "spawns": [
        {
            "id": "noctowl-1",
            "pokemon": "noctowl",
            "presets": [
                "natural",
                "treetop"
            ],
            "type": "pokemon",
            "context": "grounded",
            "bucket": "common",
            "level": "20-45",
            "weight": 1.0,
            "condition": {
                "canSeeSky": true,
                "biomes": [
                    "#cobblemon:is_forest",
                    "#cobblemon:is_forest",
                    "#cobblemon:is_sky",
                    "#cobblemon:is_spooky"
                ],
                "timeRange": "night"
            }
        },
        {
            "id": "noctowl-2",
            "pokemon": "noctowl",
            "presets": [
                "natural"
            ],
            "type": "pokemon",
            "context": "grounded",
            "bucket": "common",
            "level": "24-49",
            "weight": 1.0,
            "condition": {
                "biomes": [
                    "betterend:lantern_woods"
                ]
            }
        },
        {
            "id": "noctowl-3",
            "pokemon": "noctowl",
            "presets": [
                "natural"
            ],
            "type": "pokemon",
            "context": "grounded",
            "bucket": "common",
            "level": "20-45",
            "weight": 1.0,
            "condition": {
                "canSeeSky": true,
                "biomes": [
                    "nyctophobia:haunted_forest",
                    "nyctophobia:eroded_haunted_forest"
                ]
            }
        }
    ]
}