{
    "enabled": true,
    "neededInstalledMods": [],
    "neededUninstalledMods": [],
    "spawns": [
        {
            "id": "politoed-1",
            "pokemon": "politoed",
            "presets": [
                "natural",
                "freshwater"
            ],
            "type": "pokemon",
            "context": "grounded",
            "bucket": "common",
            "level": "34-50",
            "weight": 0.05,
            "condition": {
                "minSkyLight": 8,
                "maxSkyLight": 15,
                "isRaining": true
            }
        },
        {
            "id": "politoed-2",
            "pokemon": "politoed",
            "presets": [
                "freshwater",
                "underwater"
            ],
            "type": "pokemon",
            "context": "submerged",
            "bucket": "common",
            "level": "34-50",
            "weight": 0.05,
            "condition": {
                "canSeeSky": true,
                "neededNearbyBlocks": [
                    "minecraft:lily_pad"
                ]
            }
        },
        {
            "id": "politoed-3",
            "pokemon": "politoed",
            "presets": [
                "natural"
            ],
            "type": "pokemon",
            "context": "grounded",
            "bucket": "common",
            "level": "34-50",
            "weight": 0.01,
            "condition": {
                "minSkyLight": 0,
                "maxSkyLight": 7,
                "biomes": [
                    "#cobblemon:is_lush"
                ]
            }
        },
        {
            "id": "politoed-4",
            "pokemon": "politoed",
            "presets": [
                "underwater"
            ],
            "type": "pokemon",
            "context": "submerged",
            "bucket": "common",
            "level": "34-50",
            "weight": 0.03,
            "condition": {
                "minSkyLight": 0,
                "maxSkyLight": 7,
                "biomes": [
                    "#cobblemon:is_lush"
                ]
            }
        }
    ]
}