{
    "enabled": "true",
    "neededInstalledMods": [],
    "neededUninstalledMods": [],
    "spawns": [
        {
            "id": "misdreavus-1",
            "pokemon": "misdreavus",
            "presets": [
                "natural"
            ],
            "type": "pokemon",
            "context": "grounded",
            "bucket": "common",
            "level": "19-44",
            "weight": 5.4,
            "condition": {
                "canSeeSky": true,
                "biomes": [
                    "#cobblemon:is_spooky"
                ],
                "maxLight": 7
            }
        },
        {
            "id": "misdreavus-2",
            "pokemon": "misdreavus",
            "presets": [
                "natural"
            ],
            "type": "pokemon",
            "context": "grounded",
            "bucket": "common",
            "level": "19-44",
            "weight": 1.8,
            "condition": {
                "canSeeSky": false,
                "biomes": [
                    "#cobblemon:is_spooky",
                    "#cobblemon:is_swamp",
                    "alexscaves:forlorn_hollows"
                ]
            }
        },
        {
            "id": "misdreavus-3",
            "pokemon": "misdreavus",
            "presets": [
                "derelict"
            ],
            "type": "pokemon",
            "context": "grounded",
            "bucket": "common",
            "level": "19-44",
            "weight": 5.4,
            "condition": {
                "canSeeSky": false,
                "biomes": [
                    "#cobblemon:is_spooky",
                    "#cobblemon:is_swamp"
                ]
            }
        },
        {
            "id": "misdreavus-4",
            "pokemon": "misdreavus",
            "presets": [
                "natural"
            ],
            "type": "pokemon",
            "context": "grounded",
            "bucket": "common",
            "level": "19-44",
            "weight": 5.4,
            "condition": {
                "canSeeSky": true,
                "biomes": [
                    "#cobblemon:is_swamp"
                ],
                "timeRange": "night"
            }
        },
        {
            "id": "misdreavus-5",
            "pokemon": "misdreavus",
            "presets": [
                "natural"
            ],
            "type": "pokemon",
            "context": "grounded",
            "bucket": "common",
            "level": "19-44",
            "weight": 5.4,
            "condition": {
                "biomes": [
                    "#cobblemon:nether/is_warped"
                ]
            }
        },
        {
            "id": "misdreavus-6",
            "pokemon": "misdreavus",
            "presets": [
                "natural"
            ],
            "type": "pokemon",
            "context": "grounded",
            "bucket": "common",
            "level": "19-44",
            "weight": 5.4,
            "condition": {
                "biomes": [
                    "nyctophobia:haunted_forest",
                    "nyctophobia:eroded_haunted_forest"
                ],
                "maxLight": 12
            }
        },
        {
            "id": "misdreavus-7",
            "pokemon": "misdreavus",
            "presets": [
                "natural"
            ],
            "type": "pokemon",
            "context": "grounded",
            "bucket": "common",
            "level": "39-50",
            "weight": 5.4,
            "condition": {
                "biomes": [
                    "betterend:chorus_forest",
                    "betterend:shadow_forest",
                    "betterend:umbra_valley"
                ]
            }
        }
    ]
}