{
    "enabled": true,
    "neededInstalledMods": [],
    "neededUninstalledMods": [],
    "spawns": [
        {
            "id": "kingdra-1",
            "pokemon": "kingdra",
            "presets": [
                "underwater"
            ],
            "type": "pokemon",
            "context": "submerged",
            "bucket": "common",
            "level": "39-54",
            "weight": 0.02,
            "condition": {
                "canSeeSky": true,
                "biomes": [
                    "#cobblemon:is_lukewarm_ocean",
                    "#cobblemon:is_warm_ocean"
                ]
            }
        },
        {
            "id": "kingdra-2",
            "pokemon": "kingdra",
            "presets": [
                "underwater"
            ],
            "type": "pokemon",
            "context": "submerged",
            "bucket": "uncommon",
            "level": "39-54",
            "weight": 6.0,
            "condition": {
                "biomes": [
                    "alexscaves:abyssal_chasm"
                ]
            }
        }
    ]
}