{
    "enabled": true,
    "neededInstalledMods": [],
    "neededUninstalledMods": [],
    "spawns": [
        {
            "id": "pupitar-1",
            "pokemon": "pupitar",
            "presets": [
                "natural",
                "wild"
            ],
            "type": "pokemon",
            "context": "grounded",
            "bucket": "ultra-rare",
            "level": "30-54",
            "weight": 0.9,
            "condition": {
                "minSkyLight": 8,
                "maxSkyLight": 15,
                "biomes": [
                    "#cobblemon:is_mountain"
                ]
            },
            "anticondition": {
                "biomes": [
                    "#cobblemon:is_freezing"
                ]
            }
        },
        {
            "id": "pupitar-2",
            "pokemon": "pupitar",
            "presets": [
                "natural"
            ],
            "type": "pokemon",
            "context": "grounded",
            "bucket": "ultra-rare",
            "level": "30-54",
            "weight": 0.9,
            "condition": {
                "minSkyLight": 0,
                "maxSkyLight": 7,
                "biomes": [
                    "#cobblemon:is_mountain"
                ]
            }
        },
        {
            "id": "pupitar-3",
            "pokemon": "pupitar",
            "presets": [
                "natural"
            ],
            "type": "pokemon",
            "context": "grounded",
            "bucket": "uncommon",
            "level": "34-58",
            "weight": 0.6,
            "condition": {
                "biomes": [
                    "betterend:amber_land",
                    "betternether:bone_reef",
                    "betternether:mycotoxic_undergrowth",
                    "nyctophobia:eroded_haunted_forest"
                ]
            }
        },
        {
            "id": "pupitar-4",
            "pokemon": "pupitar",
            "presets": [
                "natural"
            ],
            "type": "pokemon",
            "context": "grounded",
            "bucket": "common",
            "level": "34-58",
            "weight": 0.6,
            "condition": {
                "biomes": [
                    "betterend:dragon_graveyards"
                ]
            }
        },
        {
            "id": "pupitar-5",
            "pokemon": "pupitar",
            "presets": [
                "natural"
            ],
            "type": "pokemon",
            "context": "grounded",
            "bucket": "rare",
            "level": "34-58",
            "weight": 0.9,
            "condition": {
                "canSeeSky": false,
                "biomes": [
                    "alexscaves:forlorn_hollows"
                ]
            }
        }
    ]
}