{
    "enabled": "true",
    "neededInstalledMods": [],
    "neededUninstalledMods": [],
    "spawns": [
        {
            "id": "mightyena-1",
            "pokemon": "mightyena",
            "presets": [
                "natural"
            ],
            "type": "pokemon",
            "context": "grounded",
            "bucket": "common",
            "level": "18-42",
            "weight": 0.6,
            "condition": {
                "canSeeSky": true,
                "biomes": [
                    "#cobblemon:is_badlands",
                    "#cobblemon:is_savanna"
                ],
                "timeRange": "night"
            }
        },
        {
            "id": "mightyena-2",
            "pokemon": "mightyena",
            "presets": [
                "natural",
                "pillager_outpost"
            ],
            "type": "pokemon",
            "context": "grounded",
            "bucket": "common",
            "level": "18-42",
            "weight": 10.0,
            "condition": {
                "canSeeSky": true,
                "biomes": [
                    "#cobblemon:is_overworld"
                ]
            }
        },
        {
            "id": "mightyena-3",
            "pokemon": "mightyena",
            "presets": [
                "natural"
            ],
            "type": "pokemon",
            "context": "grounded",
            "bucket": "common",
            "level": "24-46",
            "weight": 1.0,
            "condition": {
                "biomes": [
                    "betterend:shadow_forest",
                    "betterend:umbra_valley"
                ]
            }
        }
    ]
}