{
    "enabled": "true",
    "neededInstalledMods": [],
    "neededUninstalledMods": [],
    "spawns": [
        {
            "id": "wingull-1",
            "pokemon": "wingull",
            "presets": [
                "natural",
                "treetop"
            ],
            "type": "pokemon",
            "context": "grounded",
            "bucket": "common",
            "level": "2-27",
            "weight": 9.0,
            "condition": {
                "canSeeSky": true,
                "biomes": [
                    "#cobblemon:is_coast",
                    "#minecraft:is_ocean",
                    "#cobblemon:is_sky",
                    "#cobblemon:is_tropical_island"
                ],
                "timeRange": "day"
            },
            "anticondition": {
                "biomes": [
                    "#cobblemon:is_freezing"
                ]
            }
        },
        {
            "id": "wingull",
            "pokemon": "wingull-2",
            "presets": [
                "natural",
                "treetop"
            ],
            "type": "pokemon",
            "context": "grounded",
            "bucket": "common",
            "level": "2-27",
            "weight": 9.0,
            "condition": {
                "canSeeSky": true,
                "biomes": [
                    "terrestria:volcanic_island"
                ],
                "timeRange": "day",
                "neededNearbyBlocks": [
                    "#minecraft:jungle_log"
                ]
            },
            "anticondition": {
                "neededNearbyBlocks": [
                    "#minecraft:lava"
                ]
            }
        }
    ]
}