{
    "enabled": true,
    "neededInstalledMods": [],
    "neededUninstalledMods": [],
    "spawns": [
        {
            "id": "cradily-1",
            "pokemon": "cradily",
            "presets": [
                "underwater"
            ],
            "type": "pokemon",
            "context": "seafloor",
            "bucket": "ultra-rare",
            "level": "40-50",
            "weight": 1.0,
            "condition": {
                "minSkyLight": 0,
                "maxSkyLight": 7,
                "biomes": [
                    "#cobblemon:is_lush"
                ]
            }
        },
        {
            "id": "cradily-2",
            "pokemon": "cradily",
            "presets": [
                "underwater"
            ],
            "type": "pokemon",
            "context": "submerged",
            "bucket": "uncommon",
            "level": "40-50",
            "weight": 0.9,
            "condition": {
                "biomes": [
                    "alexscaves:primoridal_caves"
                ]
            }
        }
    ]
}