{
    "enabled": "true",
    "neededInstalledMods": [],
    "neededUninstalledMods": [],
    "spawns": [
        {
            "id": "clamperl-1",
            "pokemon": "clamperl",
            "presets": [
                "underwater"
            ],
            "type": "pokemon",
            "context": "seafloor",
            "bucket": "uncommon",
            "level": "10-35",
            "weight": 9.0,
            "condition": {
                "canSeeSky": true,
                "maxY": 48,
                "biomes": [
                    "#cobblemon:is_deep_ocean",
                    "terrestria:volcanic_island"
                ]
            }
        },
        {
            "id": "clamperl-2",
            "pokemon": "clamperl",
            "presets": [
                "underwater"
            ],
            "type": "pokemon",
            "context": "seafloor",
            "bucket": "rare",
            "level": "10-35",
            "weight": 9.0,
            "condition": {
                "canSeeSky": true,
                "biomes": [
                    "#cobblemon:is_warm_ocean"
                ]
            }
        },
        {
            "id": "clamperl-3",
            "pokemon": "clamperl",
            "presets": [
                "underwater"
            ],
            "type": "pokemon",
            "context": "seafloor",
            "bucket": "uncommon",
            "level": "16-42",
            "weight": 9.0,
            "condition": {
                "biomes": [
                    "betterend:megalake",
                    "betterend:megalake_grove"
                ]
            }
        },
        {
            "id": "clamperl-4",
            "pokemon": "clamperl",
            "presets": [
                "underwater"
            ],
            "type": "pokemon",
            "context": "seafloor",
            "bucket": "uncommon",
            "level": "16-42",
            "weight": 9.0,
            "condition": {
                "biomes": [
                    "alexscaves:abyssal_chasm"
                ]
            }
        }
    ]
}