{
    "enabled": "true",
    "neededInstalledMods": [],
    "neededUninstalledMods": [],
    "spawns": [
        {
            "id": "metagross-1",
            "pokemon": "metagross",
            "presets": [
                "natural"
            ],
            "type": "pokemon",
            "context": "grounded",
            "bucket": "rare",
            "level": "45-60",
            "weight": 0.1,
            "condition": {
                "biomes": [
                    "#cobblemon:is_dripstone",
                    "#cobblemon:is_peak"
                ]
            }
        },
        {
            "id": "metagross-2",
            "pokemon": "metagross",
            "presets": [
                "natural"
            ],
            "type": "pokemon",
            "context": "grounded",
            "bucket": "uncommon",
            "level": "45-60",
            "weight": 0.1,
            "condition": {
                "biomes": [
                    "betterend:crystal_mountains",
                    "betterend:dust_wastelands",
                    "ad_astra:glacio_ice_peaks",
                    "ad_astra:glacio_snowy_barrens"
                ]
            }
        },
        {
            "id": "metagross-3",
            "pokemon": "metagross",
            "type": "pokemon",
            "context": "grounded",
            "bucket": "rare",
            "level": "45-60",
            "weight": 0.1,
            "condition": {
                "biomes": [
                    "the_bumblezone:howling_constructs"
                ]
            },
            "anticondition": {
                "structures": [
                    "#the_bumblezone:sempiternal_sanctums"
                ]
            }
        },
        {
            "id": "metagross-4",
            "pokemon": "metagross",
            "presets": [
                "natural"
            ],
            "type": "pokemon",
            "context": "grounded",
            "bucket": "uncommon",
            "level": "45-60",
            "weight": 0.1,
            "condition": {
                "canSeeSky": false,
                "biomes": [
                    "regions_unexplored:redstone_caves"
                ]
            }
        },
        {
            "id": "metagross-5",
            "pokemon": "metagross",
            "presets": [
                "natural"
            ],
            "type": "pokemon",
            "context": "grounded",
            "bucket": "rare",
            "level": "45-60",
            "weight": 0.9,
            "condition": {
                "canSeeSky": false,
                "biomes": [
                    "alexscaves:magnetic_caves"
                ]
            }
        }
    ]
}