{
    "enabled": true,
    "neededInstalledMods": [],
    "neededUninstalledMods": [],
    "spawns": [
        {
            "id": "piplup-1",
            "pokemon": "piplup",
            "presets": [
                "natural"
            ],
            "type": "pokemon",
            "context": "grounded",
            "bucket": "ultra-rare",
            "level": "5-31",
            "weight": 9.0,
            "condition": {
                "minSkyLight": 8,
                "maxSkyLight": 15,
                "biomes": [
                    "#cobblemon:is_frozen_ocean",
                    "ad_astra:glacio_ice_peaks",
                    "ad_astra:glacio_snowy_barrens"
                ]
            }
        },
        {
            "id": "piplup-2",
            "pokemon": "piplup",
            "presets": [
                "underwater"
            ],
            "type": "pokemon",
            "context": "submerged",
            "bucket": "ultra-rare",
            "level": "5-31",
            "weight": 9.0,
            "condition": {
                "canSeeSky": true,
                "biomes": [
                    "#cobblemon:is_frozen_ocean"
                ]
            }
        }
    ]
}