{
    "enabled": true,
    "neededInstalledMods": [],
    "neededUninstalledMods": [],
    "spawns": [
        {
            "id": "bibarel-1",
            "pokemon": "bibarel",
            "presets": [
                "natural",
                "freshwater"
            ],
            "type": "pokemon",
            "context": "grounded",
            "bucket": "common",
            "level": "15-41",
            "weight": 1.0,
            "condition": {
                "minSkyLight": 8,
                "maxSkyLight": 15,
                "biomes": [
                    "#cobblemon:is_freshwater"
                ]
            }
        },
        {
            "id": "bibarel-2",
            "pokemon": "bibarel",
            "presets": [
                "freshwater",
                "water_surface"
            ],
            "type": "pokemon",
            "context": "surface",
            "bucket": "uncommon",
            "level": "15-41",
            "weight": 1.0,
            "condition": {
                "minSkyLight": 8,
                "maxSkyLight": 15,
                "biomes": [
                    "#cobblemon:is_freshwater"
                ]
            }
        }
    ]
}