{
    "enabled": true,
    "neededInstalledMods": [],
    "neededUninstalledMods": [],
    "spawns": [
        {
            "id": "floatzel-1",
            "pokemon": "floatzel",
            "presets": [
                "natural",
                "freshwater"
            ],
            "type": "pokemon",
            "context": "grounded",
            "bucket": "common",
            "level": "26-50",
            "weight": 0.2,
            "condition": {
                "minSkyLight": 8,
                "maxSkyLight": 15,
                "biomes": [
                    "#cobblemon:is_freshwater"
                ]
            }
        },
        {
            "id": "floatzel-2",
            "pokemon": "floatzel",
            "presets": [
                "underwater",
                "freshwater"
            ],
            "type": "pokemon",
            "context": "submerged",
            "bucket": "common",
            "level": "26-50",
            "weight": 0.2,
            "condition": {
                "canSeeSky": true,
                "biomes": [
                    "#cobblemon:is_freshwater"
                ]
            }
        },
        {
            "id": "floatzel-3",
            "pokemon": "floatzel",
            "presets": [
                "water_surface",
                "freshwater"
            ],
            "type": "pokemon",
            "context": "surface",
            "bucket": "uncommon",
            "level": "26-50",
            "weight": 0.2,
            "condition": {
                "minSkyLight": 8,
                "maxSkyLight": 15,
                "biomes": [
                    "#cobblemon:is_freshwater"
                ]
            }
        }
    ]
}