{
    "enabled": "true",
    "neededInstalledMods": [],
    "neededUninstalledMods": [],
    "spawns": [
        {
            "id": "garchomp-1",
            "pokemon": "garchomp",
            "presets": [
                "natural",
                "wild"
            ],
            "type": "pokemon",
            "context": "grounded",
            "bucket": "rare",
            "level": "48-60",
            "weight": 0.06,
            "condition": {
                "biomes": [
                    "#cobblemon:is_mountain",
                    "terrestria:volcanic_island"
                ]
            },
            "anticondition": {
                "neededNearbyBlocks": [
                    "#minecraft:lava"
                ]
            }
        },
        {
            "id": "garchomp-2",
            "pokemon": "garchomp",
            "presets": [
                "natural"
            ],
            "type": "pokemon",
            "context": "grounded",
            "bucket": "ultra-rare",
            "level": "48-60",
            "weight": 0.1,
            "condition": {
                "canSeeSky": false,
                "biomes": [
                    "#cobblemon:is_overworld"
                ]
            },
            "anticondition": {
                "biomes": [
                    "#cobblemon:is_deep_dark",
                    "#cobblemon:is_mountain"
                ]
            }
        },
        {
            "id": "garchomp-3",
            "pokemon": "garchomp",
            "presets": [
                "natural",
                "wild"
            ],
            "type": "pokemon",
            "context": "grounded",
            "bucket": "common",
            "level": "56-72",
            "weight": 0.1,
            "condition": {
                "biomes": [
                    "betterend:dragon_graveyards",
                    "stellarity:dragons_den"
                ]
            }
        }
    ]
}