{
    "enabled": true,
    "neededInstalledMods": [],
    "neededUninstalledMods": [],
    "spawns": [
        {
            "id": "magmortar-1",
            "pokemon": "magmortar",
            "presets": [
                "natural"
            ],
            "type": "pokemon",
            "context": "grounded",
            "bucket": "common",
            "level": "45-54",
            "weight": 0.1,
            "condition": {
                "canSeeSky": true,
                "biomes": [
                    "#cobblemon:is_hills"
                ],
                "isRaining": false,
				"neededNearbyBlocks": [
                    "#minecraft:lava",
					"minecraft:magma_block"
                ]
            },
            "anticondition": {
                "biomes": [
                    "#cobblemon:is_volcanic"
                ]
            }
        },
        {
            "id": "magmortar-2",
            "pokemon": "magmortar",
			"presets": [
                "natural"
            ],
            "type": "pokemon",
            "context": "grounded",
            "bucket": "common",
            "level": "45-54",
            "weight": 0.1,
            "condition": {
                "canSeeSky": true,
                "biomes": [
                    "#cobblemon:is_volcanic",
                    "terrestria:volcanic_island"
                ],
                "isRaining": false
            }
        },
        {
            "id": "magmortar-3",
            "pokemon": "magmortar",
            "presets": [
                "natural"
            ],
            "type": "pokemon",
            "context": "grounded",
            "bucket": "common",
            "level": "45-54",
            "weight": 0.1,
            "condition": {
                "biomes": [
                    "#cobblemon:nether/is_basalt",
                    "#cobblemon:nether/is_wasteland"
                ]
            }
        },
        {
            "id": "magmortar-4",
            "pokemon": "magmortar",
            "presets": [
                "derelict"
            ],
            "type": "pokemon",
            "context": "grounded",
            "bucket": "common",
            "level": "45-54",
            "weight": 0.1,
            "condition": {
                "biomes": [
                    "regions_unexplored:scorching_caves",
                    "terralith:cave/mantle_caves"
                ],
                "neededNearbyBlocks": [
                    "regions_unexplored:ash_vent",
                    "#minecraft:lava",
                    "#minecraft:magma_block",
                    "#minecraft:blackstone",
                    "#minecraft:basalt"
                ]
            }
        }
    ]
}