{
    "enabled": true,
    "neededInstalledMods": [],
    "neededUninstalledMods": [],
    "spawns": [
        {
            "id": "yanmega-1",
            "pokemon": "yanmega",
            "presets": [
                "water_surface",
                "freshwater"
            ],
            "type": "pokemon",
            "bucket": "common",
            "level": "33-52",
            "weight": 0.6,
            "condition": {
                "canSeeSky": true,
                "timeRange": "day",
                "isRaining": false
            }
        },
        {
            "id": "yanmega-2",
            "pokemon": "yanmega",
            "presets": [
                "water_surface"
            ],
            "type": "pokemon",
            "bucket": "common",
            "level": "33-52",
            "weight": 0.2,
            "condition": {
                "canSeeSky": false,
                "biomes": [
                    "#cobblemon:is_lush"
                ]
            }
        },
        {
            "id": "yanmega-3",
            "pokemon": "yanmega",
            "presets": [
                "water_surface"
            ],
            "type": "pokemon",
            "bucket": "common",
            "level": "33-52",
            "weight": 0.2,
            "condition": {
                "biomes": [
                    "#the_bumblezone:the_bumblezone"
                ]
            },
            "anticondition": {
                "structures": [
                    "#the_bumblezone:sempiternal_sanctums"
                ]
            }
        },
        {
            "id": "yanmega-4",
            "pokemon": "yanmega",
            "presets": [
                "water_surface"
            ],
            "type": "pokemon",
            "bucket": "common",
            "level": "36-56",
            "weight": 0.2,
            "condition": {
                "biomes": [
                    "betterend:megalake",
                    "betterend:megalake_grove"
                ]
            }
        }
    ]
}