{
    "enabled": true,
    "neededInstalledMods": [],
    "neededUninstalledMods": [],
    "spawns": [
        {
            "id": "glaceon-1",
            "pokemon": "glaceon",
            "presets": [
                "natural"
            ],
            "type": "pokemon",
            "context": "grounded",
            "bucket": "ultra-rare",
            "level": "28-53",
            "weight": 1.0,
            "condition": {
                "minSkyLight": 8,
                "maxSkyLight": 15,
                "biomes": [
                    "#cobblemon:is_freezing",
                    "ad_astra:glacio_ice_peaks",
                    "ad_astra:glacio_snowy_barrens"
                ]
            }
        },
        {
            "id": "glaceon-2",
            "pokemon": "glaceon",
            "presets": [
                "natural",
                "urban"
            ],
            "type": "pokemon",
            "context": "grounded",
            "bucket": "uncommon",
            "level": "28-53",
            "weight": 0.025,
            "condition": {
                "minSkyLight": 8,
                "maxSkyLight": 15,
                "biomes": [
                    "#cobblemon:is_overworld"
                ]
            }
        },
        {
            "id": "glaceon-3",
            "pokemon": "glaceon",
            "presets": [
                "natural",
                "village"
            ],
            "type": "pokemon",
            "context": "grounded",
            "bucket": "uncommon",
            "level": "28-53",
            "weight": 0.025,
            "condition": {
                "minSkyLight": 8,
                "maxSkyLight": 15,
                "biomes": [
                    "#cobblemon:is_overworld"
                ]
            }
        },
        {
            "id": "glaceon-4",
            "pokemon": "glaceon",
            "presets": [
                "mansion"
            ],
            "type": "pokemon",
            "context": "grounded",
            "bucket": "uncommon",
            "level": "28-53",
            "weight": 0.125,
            "condition": {
                "canSeeSky": false,
                "biomes": [
                    "#cobblemon:is_overworld"
                ]
            }
        }
    ]
}