{
    "enabled": true,
    "neededInstalledMods": [],
    "neededUninstalledMods": [],
    "spawns": [
        {
            "id": "probopass-1",
            "pokemon": "probopass",
            "presets": [
                "natural",
                "gemstones"
            ],
            "type": "pokemon",
            "context": "grounded",
            "bucket": "uncommon",
            "level": "33-53",
            "weight": 0.6,
            "condition": {
                "canSeeSky": false,
                "biomes": [
                    "#cobblemon:is_overworld",
                    "regions_unexplored:prismachasm"
                ]
            },
            "anticondition": {
                "biomes": [
                    "#cobblemon:is_deep_dark"
                ]
            }
        },
        {
            "id": "probopass-2",
            "pokemon": "probopass",
            "presets": [
                "natural"
            ],
            "type": "pokemon",
            "context": "grounded",
            "bucket": "uncommon",
            "level": "33-53",
            "weight": 0.9,
            "condition": {
                "biomes": [
                    "alexscaves:magnetic_caves"
                ]
            }
        }
    ]
}