{
    "enabled": true,
    "neededInstalledMods": [],
    "neededUninstalledMods": [],
    "spawns": [
        {
            "id": "dewott-1",
            "pokemon": "dewott",
            "presets": [
                "natural"
            ],
            "type": "pokemon",
            "context": "grounded",
            "bucket": "ultra-rare",
            "level": "17-41",
            "weight": 0.9,
            "condition": {
                "minSkyLight": 8,
                "maxSkyLight": 15,
                "biomes": [
                    "#cobblemon:is_beach"
                ]
            },
            "anticondition": {
                "biomes": [
                    "#cobblemon:is_freezing"
                ]
            }
        },
        {
            "id": "dewott-2",
            "pokemon": "dewott",
            "presets": [
                "water_surface"
            ],
            "type": "pokemon",
            "context": "surface",
            "bucket": "ultra-rare",
            "level": "17-41",
            "weight": 0.9,
            "condition": {
                "minSkyLight": 8,
                "maxSkyLight": 15,
                "biomes": [
                    "#cobblemon:is_beach"
                ]
            },
            "anticondition": {
                "biomes": [
                    "#cobblemon:is_freezing"
                ]
            }
        },
        {
            "id": "dewott-hisui-3",
            "pokemon": "dewott region_bias=hisui",
            "presets": [
                "natural"
            ],
            "type": "pokemon",
            "context": "grounded",
            "bucket": "ultra-rare",
            "level": "17-41",
            "weight": 0.9,
            "condition": {
                "minSkyLight": 8,
                "maxSkyLight": 15,
                "biomes": [
                    "#cobblemon:is_coast"
                ]
            },
            "anticondition": {
                "biomes": [
                    "#cobblemon:is_beach"
                ]
            }
        },
        {
            "id": "dewott-hisui-4",
            "pokemon": "dewott region_bias=hisui",
            "presets": [
                "water_surface"
            ],
            "type": "pokemon",
            "context": "surface",
            "bucket": "ultra-rare",
            "level": "17-41",
            "weight": 0.9,
            "condition": {
                "minSkyLight": 8,
                "maxSkyLight": 15,
                "biomes": [
                    "#cobblemon:is_coast"
                ]
            },
            "anticondition": {
                "biomes": [
                    "#cobblemon:is_beach"
                ]
            }
        },
        {
            "id": "dewott-hisui-5",
            "pokemon": "dewott region_bias=hisui",
            "presets": [
                "natural"
            ],
            "type": "pokemon",
            "context": "grounded",
            "bucket": "ultra-rare",
            "level": "17-41",
            "weight": 0.9,
            "condition": {
                "minSkyLight": 8,
                "maxSkyLight": 15,
                "biomes": [
                    "minecraft:snowy_beach",
                    "ad_astra:glacio_ice_peaks",
                    "ad_astra:glacio_snowy_barrens"
                ]
            }
        },
        {
            "id": "dewott-hisui-6",
            "pokemon": "dewott region_bias=hisui",
            "presets": [
                "water_surface"
            ],
            "type": "pokemon",
            "context": "surface",
            "bucket": "ultra-rare",
            "level": "17-41",
            "weight": 0.9,
            "condition": {
                "minSkyLight": 8,
                "maxSkyLight": 15,
                "biomes": [
                    "minecraft:snowy_beach"
                ]
            }
        }
    ]
}