{
    "enabled": true,
    "neededInstalledMods": [],
    "neededUninstalledMods": [],
    "spawns": [
        {
            "id": "samurott-1",
            "pokemon": "samurott",
            "presets": [
                "natural"
            ],
            "type": "pokemon",
            "context": "grounded",
            "bucket": "ultra-rare",
            "level": "36-53",
            "weight": 0.1,
            "condition": {
                "minSkyLight": 8,
                "maxSkyLight": 15,
                "biomes": [
                    "#cobblemon:is_beach"
                ]
            },
            "anticondition": {
                "biomes": [
                    "#cobblemon:is_freezing"
                ]
            }
        },
        {
            "id": "samurott-2",
            "pokemon": "samurott",
            "presets": [
                "water_surface"
            ],
            "type": "pokemon",
            "context": "surface",
            "bucket": "ultra-rare",
            "level": "36-53",
            "weight": 0.1,
            "condition": {
                "minSkyLight": 8,
                "maxSkyLight": 15,
                "biomes": [
                    "#cobblemon:is_beach"
                ]
            },
            "anticondition": {
                "biomes": [
                    "#cobblemon:is_freezing"
                ]
            }
        },
        {
            "id": "samurott-hisuian-3",
            "pokemon": "samurott hisuian",
            "presets": [
                "natural"
            ],
            "type": "pokemon",
            "context": "grounded",
            "bucket": "ultra-rare",
            "level": "36-53",
            "weight": 0.1,
            "condition": {
                "minSkyLight": 8,
                "maxSkyLight": 15,
                "biomes": [
                    "#cobblemon:is_coast"
                ]
            },
            "anticondition": {
                "biomes": [
                    "#cobblemon:is_beach"
                ]
            }
        },
        {
            "id": "samurott-hisuian-4",
            "pokemon": "samurott hisuian",
            "presets": [
                "water_surface"
            ],
            "type": "pokemon",
            "context": "surface",
            "bucket": "ultra-rare",
            "level": "36-53",
            "weight": 0.1,
            "condition": {
                "minSkyLight": 8,
                "maxSkyLight": 15,
                "biomes": [
                    "#cobblemon:is_coast"
                ]
            },
            "anticondition": {
                "biomes": [
                    "#cobblemon:is_beach"
                ]
            }
        },
        {
            "id": "samurott-hisuian-5",
            "pokemon": "samurott hisuian",
            "presets": [
                "natural"
            ],
            "type": "pokemon",
            "context": "grounded",
            "bucket": "ultra-rare",
            "level": "36-53",
            "weight": 0.1,
            "condition": {
                "minSkyLight": 8,
                "maxSkyLight": 15,
                "biomes": [
                    "minecraft:snowy_beach",
                    "ad_astra:glacio_ice_peaks",
                    "ad_astra:glacio_snowy_barrens"
                ]
            }
        },
        {
            "id": "samurott-hisuian-6",
            "pokemon": "samurott hisuian",
            "presets": [
                "water_surface"
            ],
            "type": "pokemon",
            "context": "surface",
            "bucket": "ultra-rare",
            "level": "36-53",
            "weight": 0.1,
            "condition": {
                "minSkyLight": 8,
                "maxSkyLight": 15,
                "biomes": [
                    "minecraft:snowy_beach"
                ]
            }
        }
    ]
}