{
    "enabled": "true",
    "neededInstalledMods": [],
    "neededUninstalledMods": [],
    "spawns": [
        {
            "id": "whirlipede-1",
            "pokemon": "whirlipede",
            "presets": [
                "natural",
                "wild"
            ],
            "type": "pokemon",
            "context": "grounded",
            "bucket": "uncommon",
            "level": "22-36",
            "weight": 0.54,
            "condition": {
                "canSeeSky": true,
                "biomes": [
                    "#cobblemon:is_forest"
                ],
                "timeRange": "night"
            }
        },
        {
            "id": "whirlipede-2",
            "pokemon": "whirlipede",
            "presets": [
                "natural",
                "wild"
            ],
            "type": "pokemon",
            "context": "grounded",
            "bucket": "common",
            "level": "22-36",
            "weight": 0.54,
            "condition": {
                "canSeeSky": true,
                "biomes": [
                    "#cobblemon:is_jungle"
                ],
                "timeRange": "night"
            }
        },
        {
            "id": "whirlipede-3",
            "pokemon": "whirlipede",
            "presets": [
                "natural"
            ],
            "type": "pokemon",
            "context": "grounded",
            "bucket": "common",
            "level": "22-36",
            "weight": 0.18,
            "condition": {
                "canSeeSky": false,
                "biomes": [
                    "#cobblemon:is_lush"
                ]
            }
        },
        {
            "id": "whirlipede-4",
            "pokemon": "whirlipede",
            "presets": [
                "natural",
                "wild"
            ],
            "type": "pokemon",
            "context": "grounded",
            "bucket": "common",
            "level": "22-36",
            "weight": 0.54,
            "condition": {
                "biomes": [
                    "#cobblemon:nether/is_forest",
                    "#cobblemon:nether/is_fungus"
                ]
            }
        },
        {
            "id": "whirlipede-5",
            "pokemon": "whirlipede",
            "presets": [
                "natural"
            ],
            "type": "pokemon",
            "context": "grounded",
            "bucket": "common",
            "level": "26-40",
            "weight": 0.54,
            "condition": {
                "biomes": [
                    "#cobblemon:chorus_forest",
                    "betterend:umbrella_jungle"
                ]
            }
        }
    ]
}