{
    "enabled": "true",
    "neededInstalledMods": [],
    "neededUninstalledMods": [],
    "spawns": [
        {
            "id": "scolipede-1",
            "pokemon": "scolipede",
            "presets": [
                "natural",
                "wild"
            ],
            "type": "pokemon",
            "context": "grounded",
            "bucket": "uncommon",
            "level": "30-49",
            "weight": 0.06,
            "condition": {
                "canSeeSky": true,
                "biomes": [
                    "#cobblemon:is_forest"
                ],
                "timeRange": "night"
            }
        },
        {
            "id": "scolipede-2",
            "pokemon": "scolipede",
            "presets": [
                "natural",
                "wild"
            ],
            "type": "pokemon",
            "context": "grounded",
            "bucket": "common",
            "level": "30-49",
            "weight": 0.06,
            "condition": {
                "canSeeSky": true,
                "biomes": [
                    "#cobblemon:is_jungle"
                ],
                "timeRange": "night"
            }
        },
        {
            "id": "scolipede-3",
            "pokemon": "scolipede",
            "presets": [
                "natural"
            ],
            "type": "pokemon",
            "context": "grounded",
            "bucket": "common",
            "level": "30-49",
            "weight": 0.02,
            "condition": {
                "canSeeSky": false,
                "biomes": [
                    "#cobblemon:is_lush"
                ]
            }
        },
        {
            "id": "scolipede-4",
            "pokemon": "scolipede",
            "presets": [
                "natural",
                "wild"
            ],
            "type": "pokemon",
            "context": "grounded",
            "bucket": "common",
            "level": "30-49",
            "weight": 0.06,
            "condition": {
                "biomes": [
                    "#cobblemon:nether/is_forest",
                    "#cobblemon:nether/is_fungus"
                ]
            }
        },
        {
            "id": "scolipede-5",
            "pokemon": "scolipede",
            "presets": [
                "natural"
            ],
            "type": "pokemon",
            "context": "grounded",
            "bucket": "common",
            "level": "34-54",
            "weight": 0.06,
            "condition": {
                "biomes": [
                    "#cobblemon:chorus_forest",
                    "betterend:umbrella_jungle"
                ]
            }
        }
    ]
}