{
    "enabled": true,
    "neededInstalledMods": [],
    "neededUninstalledMods": [],
    "spawns": [
        {
            "id": "petilil-1",
            "pokemon": "petilil",
            "presets": [
                "natural",
                "wild"
            ],
            "type": "pokemon",
            "context": "grounded",
            "bucket": "common",
            "level": "3-28",
            "weight": 9.0,
            "weightMultiplier": {
                "multiplier": 0.25,
                "condition": {
                    "timeRange": "night"
                }
            },
            "condition": {
                "minSkyLight": 8,
                "maxSkyLight": 15,
                "biomes": [
                    "#cobblemon:is_floral"
                ]
            },
            "anticondition": {
                "biomes": [
                    "#cobblemon:is_hills"
                ]
            }
        },
        {
            "id": "petilil-2",
            "pokemon": "petilil",
            "presets": [
                "natural",
                "wild"
            ],
            "type": "pokemon",
            "context": "grounded",
            "bucket": "common",
            "level": "3-28",
            "weight": 1.8,
            "weightMultiplier": {
                "multiplier": 0.25,
                "condition": {
                    "timeRange": "night"
                }
            },
            "condition": {
                "minSkyLight": 8,
                "maxSkyLight": 15,
                "biomes": [
                    "#cobblemon:is_forest",
                    "#cobblemon:is_tropical_island"
                ]
            },
            "anticondition": {
                "biomes": [
                    "#cobblemon:is_hills",
                    "#cobblemon:is_freezing",
                    "#cobblemon:is_spooky"
                ]
            }
        },
        {
            "id": "petilil-3",
            "pokemon": "petilil",
            "type": "pokemon",
            "context": "grounded",
            "bucket": "common",
            "level": "3-28",
            "weight": 9.0,
            "condition": {
                "biomes": [
                    "the_bumblezone:floral_meadow"
                ]
            },
            "anticondition": {
                "structures": [
                    "#the_bumblezone:sempiternal_sanctums"
                ]
            }
        },
        {
            "id": "petilil-hisui-4",
            "pokemon": "petilil region_bias=hisui",
            "presets": [
                "natural",
                "wild"
            ],
            "type": "pokemon",
            "context": "grounded",
            "bucket": "common",
            "level": "3-28",
            "weight": 5.4,
            "weightMultiplier": {
                "multiplier": 0.25,
                "condition": {
                    "timeRange": "night"
                }
            },
            "condition": {
                "minSkyLight": 8,
                "maxSkyLight": 15,
                "biomes": [
                    "#cobblemon:is_hills"
                ]
            },
            "anticondition": {
                "biomes": [
                    "#cobblemon:is_arid",
                    "#cobblemon:is_freezing",
                    "#cobblemon:is_spooky"
                ]
            }
        },
        {
            "id": "petilil-5",
            "pokemon": "petilil",
            "type": "pokemon",
            "context": "grounded",
            "bucket": "common",
            "level": "6-32",
            "weight": 4.0,
            "condition": {
                "biomes": [
                    "betterend:umbrella_jungle"
                ]
            }
        },
        {
            "id": "petilil-hisuian-6",
            "pokemon": "petilil region_bias=hisui",
            "presets": [
                "natural"
            ],
            "type": "pokemon",
            "context": "grounded",
            "bucket": "common",
            "level": "6-32",
            "weight": 2.4,
            "condition": {
                "biomes": [
                    "betterend:foggy_mushroomland"
                ]
            }
        }
    ]
}