{
    "enabled": true,
    "neededInstalledMods": [],
    "neededUninstalledMods": [],
    "spawns": [
        {
            "id": "krokorok-1",
            "pokemon": "krokorok",
            "presets": [
                "natural",
                "wild"
            ],
            "type": "pokemon",
            "context": "grounded",
            "bucket": "common",
            "level": "29-35",
            "weight": 0.18,
            "condition": {
                "minSkyLight": 8,
                "maxSkyLight": 15,
                "biomes": [
                    "#cobblemon:is_desert"
                ]
            }
        },
        {
            "id": "krokorok-2",
            "pokemon": "krokorok",
            "presets": [
                "natural"
            ],
            "type": "pokemon",
            "context": "grounded",
            "bucket": "common",
            "level": "34-48",
            "weight": 0.18,
            "condition": {
                "biomes": [
                    "betterend:dust_wastelands",
                    "betterend:neon_oasis"
                ]
            }
        }
    ]
}