{
    "enabled": true,
    "neededInstalledMods": [],
    "neededUninstalledMods": [],
    "spawns": [
        {
            "id": "krookodile-1",
            "pokemon": "krookodile",
            "presets": [
                "natural",
                "wild"
            ],
            "type": "pokemon",
            "context": "grounded",
            "bucket": "common",
            "level": "40-52",
            "weight": 0.02,
            "condition": {
                "minSkyLight": 8,
                "maxSkyLight": 15,
                "biomes": [
                    "#cobblemon:is_desert"
                ]
            }
        },
        {
            "id": "krookodile-2",
            "pokemon": "krookodile",
            "presets": [
                "natural"
            ],
            "type": "pokemon",
            "context": "grounded",
            "bucket": "common",
            "level": "46-60",
            "weight": 0.02,
            "condition": {
                "biomes": [
                    "betterend:dust_wastelands",
                    "betterend:neon_oasis"
                ]
            }
        }
    ]
}