{
    "enabled": true,
    "neededInstalledMods": [],
    "neededUninstalledMods": [],
    "spawns": [
        {
            "id": "darumaka-1",
            "pokemon": "darumaka",
            "presets": [
                "natural",
                "ruins"
            ],
            "type": "pokemon",
            "context": "grounded",
            "bucket": "common",
            "level": "7-32",
            "weight": 54.0,
            "condition": {
                "minSkyLight": 8,
                "maxSkyLight": 15,
                "biomes": [
                    "#cobblemon:is_desert",
                    "#cobblemon:is_jungle"
                ]
            }
        },
        {
            "id": "darumaka-2",
            "pokemon": "darumaka",
            "presets": [
                "natural",
                "desert_pyramid"
            ],
            "type": "pokemon",
            "context": "grounded",
            "bucket": "common",
            "level": "7-32",
            "weight": 54.0,
            "condition": {
                "minSkyLight": 8,
                "maxSkyLight": 15,
                "biomes": [
                    "#cobblemon:is_desert"
                ]
            }
        },
        {
            "id": "darumaka-3",
            "pokemon": "darumaka",
            "presets": [
                "natural",
                "jungle_pyramid"
            ],
            "type": "pokemon",
            "context": "grounded",
            "bucket": "common",
            "level": "7-32",
            "weight": 54.0,
            "condition": {
                "minSkyLight": 8,
                "maxSkyLight": 15,
                "biomes": [
                    "#cobblemon:is_jungle"
                ]
            }
        },
        {
            "id": "darumaka-4",
            "pokemon": "darumaka",
            "presets": [
                "natural"
            ],
            "type": "pokemon",
            "context": "grounded",
            "bucket": "common",
            "level": "12-36",
            "weight": 5.4,
            "condition": {
                "biomes": [
                    "#minecraft:is_nether",
                    "regions_unexplored:infernal_holt",
                    "betternether:magma_land",
                    "betternether:flooded_deltas"
                ]
            },
            "anticondition": {
                "biomes": [
                    "#cobblemon:nether/is_frozen",
                    "#cobblemon:nether/is_quartz",
                    "#cobblemon:nether/is_toxic"
                ]
            }
        }
    ]
}