{
    "enabled": true,
    "neededInstalledMods": [],
    "neededUninstalledMods": [],
    "spawns": [
        {
            "id": "tirtouga-1",
            "pokemon": "tirtouga",
            "presets": [
                "natural"
            ],
            "type": "pokemon",
            "context": "grounded",
            "bucket": "ultra-rare",
            "level": "15-40",
            "weight": 9.0,
            "condition": {
                "minSkyLight": 0,
                "maxSkyLight": 7,
                "biomes": [
                    "#cobblemon:is_lush"
                ]
            }
        },
        {
            "id": "tirtouga-2",
            "pokemon": "tirtouga",
            "presets": [
                "underwater"
            ],
            "type": "pokemon",
            "context": "submerged",
            "bucket": "ultra-rare",
            "level": "15-40",
            "weight": 9.0,
            "condition": {
                "minSkyLight": 0,
                "maxSkyLight": 7,
                "biomes": [
                    "#cobblemon:is_lush"
                ]
            }
        },
        {
            "id": "tirtouga-3",
            "pokemon": "tirtouga",
            "presets": [
                "natural"
            ],
            "type": "pokemon",
            "context": "grounded",
            "bucket": "common",
            "level": "11-36",
            "weight": 9.0,
            "condition": {
                "biomes": [
                    "alexscaves:primordial_caves"
                ],
                "neededNearbyBlocks": [
                    "minecraft:water",
                    "minecraft:packed_mud"
                ]
            }
        },
        {
            "id": "tirtouga-4",
            "pokemon": "tirtouga",
            "presets": [
                "natural"
            ],
            "type": "pokemon",
            "context": "grounded",
            "bucket": "common",
            "level": "11-36",
            "weight": 9.0,
            "condition": {
                "biomes": [
                    "alexscaves:primordial_caves"
                ]
            }
        }
    ]
}