{
    "enabled": true,
    "neededInstalledMods": [],
    "neededUninstalledMods": [],
    "spawns": [
        {
            "id": "archen-1",
            "pokemon": "archen",
            "presets": [
                "natural"
            ],
            "type": "pokemon",
            "context": "grounded",
            "bucket": "ultra-rare",
            "level": "15-40",
            "weight": 9.0,
            "condition": {
                "minSkyLight": 0,
                "maxSkyLight": 7,
                "biomes": [
                    "#cobblemon:is_lush"
                ]
            }
        },
        {
            "id": "archen-2",
            "pokemon": "archen",
            "presets": [
                "natural"
            ],
            "type": "pokemon",
            "context": "grounded",
            "bucket": "rare",
            "level": "18-44",
            "weight": 9.0,
            "condition": {
                "biomes": [
                    "betternether:upside_down_forest"
                ]
            }
        },
        {
            "id": "archen-3",
            "pokemon": "archen",
            "presets": [
                "natural"
            ],
            "type": "pokemon",
            "context": "grounded",
            "bucket": "common",
            "level": "18-44",
            "weight": 9.0,
            "condition": {
                "biomes": [
                    "alexscaves:primordial_caves"
                ]
            }
        }
    ]
}