{
    "enabled": true,
    "neededInstalledMods": [],
    "neededUninstalledMods": [],
    "spawns": [
        {
            "id": "zorua-1",
            "pokemon": "zorua",
            "presets": [
                "natural",
                "wild"
            ],
            "type": "pokemon",
            "context": "grounded",
            "bucket": "uncommon",
            "level": "8-33",
            "weight": 5.4,
            "weightMultiplier": {
                "multiplier": 5.0,
                "condition": {
                    "moonPhase": "5"
                }
            },
            "condition": {
                "minSkyLight": 8,
                "maxSkyLight": 15,
                "biomes": [
                    "#cobblemon:is_forest"
                ],
                "timeRange": "night"
            },
            "anticondition": {
                "biomes": [
                    "#cobblemon:is_freezing"
                ]
            }
        },
        {
            "id": "zorua-hisuian-1",
            "pokemon": "zorua hisuian",
            "presets": [
                "natural",
                "wild"
            ],
            "type": "pokemon",
            "context": "grounded",
            "bucket": "uncommon",
            "level": "8-33",
            "weight": 5.4,
            "weightMultiplier": {
                "multiplier": 5.0,
                "condition": {
                    "moonPhase": "5"
                }
            },
            "condition": {
                "minSkyLight": 8,
                "maxSkyLight": 15,
                "biomes": [
                    "#cobblemon:is_snowy_forest",
                    "#cobblemon:is_snowy_taiga"
                ],
                "timeRange": "night"
            }
        },
        {
            "id": "zorua-hisuian-2",
            "pokemon": "zorua hisuian",
            "presets": [
                "natural",
                "nether_fossil"
            ],
            "type": "pokemon",
            "context": "grounded",
            "bucket": "uncommon",
            "level": "8-33",
            "weight": 90.0,
            "condition": {
                "biomes": [
                    "#minecraft:is_nether",
                    "betternether:bone_reef"
                ]
            }
        },
        {
            "id": "zorua-2",
            "pokemon": "zorua",
            "presets": [
                "natural"
            ],
            "type": "pokemon",
            "context": "grounded",
            "bucket": "uncommon",
            "level": "34-58",
            "weight": 0.6,
            "condition": {
                "biomes": [
                    "betterend:lantern_woods",
                    "betterend:umbra_valley"
                ]
            }
        }
    ]
}