{
    "enabled": true,
    "neededInstalledMods": [],
    "neededUninstalledMods": [],
    "spawns": [
        {
            "id": "alomomola-1",
            "pokemon": "alomomola",
            "presets": [
                "underwater"
            ],
            "type": "pokemon",
            "context": "submerged",
            "bucket": "uncommon",
            "level": "22-47",
            "weight": 10.0,
            "condition": {
                "canSeeSky": true,
                "biomes": [
                    "#cobblemon:is_deep_ocean"
                ]
            },
            "anticondition": {
                "biomes": [
                    "#cobblemon:is_frozen_ocean"
                ]
            }
        }
    ]
}