{
    "enabled": true,
    "neededInstalledMods": [],
    "neededUninstalledMods": [],
    "spawns": [
        {
            "id": "ferroseed-1",
            "pokemon": "ferroseed",
            "presets": [
                "natural"
            ],
            "type": "pokemon",
            "context": "grounded",
            "bucket": "common",
            "level": "6-31",
            "weight": 9.0,
            "condition": {
                "minSkyLight": 0,
                "maxSkyLight": 7,
                "biomes": [
                    "#cobblemon:is_lush"
                ]
            }
        },
        {
            "id": "ferroseed-2",
            "pokemon": "ferroseed",
            "presets": [
                "natural"
            ],
            "type": "pokemon",
            "context": "grounded",
            "bucket": "common",
            "level": "10-36",
            "weight": 9.0,
            "condition": {
                "biomes": [
                    "betterend:umbrella_jungle",
                    "betternether:upside_down_forest"
                ]
            }
        }
    ]
}