{
    "enabled": "true",
    "neededInstalledMods": [],
    "neededUninstalledMods": [],
    "spawns": [
        {
            "id": "elgyem_1",
            "pokemon": "elgyem",
            "presets": [
                "natural"
            ],
            "type": "pokemon",
            "context": "grounded",
            "bucket": "uncommon",
            "level": "14-38",
            "weight": 9.0,
            "condition": {
                "biomes": [
                    "#minecraft:is_end",
                    "betterend:crystal_mountains",
                    "betterend:dust_wastelands",
                    "ad_astra:lunar_wastelands"
                ]
            },
			"drops": {
				"amount": "1",
				"entries": [
					{
					"item": "minecraft:chorus_fruit",
					"percentage": 50
					}
				]
			}
        },
        {
            "id": "elgyem_2",
            "pokemon": "elgyem",
            "presets": [
                "natural"
            ],
            "type": "pokemon",
            "context": "grounded",
            "bucket": "common",
            "level": "9-34",
            "weight": 9.0,
            "condition": {
                "canSeeSky": true,
                "biomes": [
                    "#minecraft:is_overworld"
                ],
                "timeRange": "night",
                "neededNearbyBlocks": [
                    "minecraft:wheat"
                ]
            }
        },
		{
            "id": "elgyem_3",
            "pokemon": "elgyem",
            "type": "pokemon",
            "context": "grounded",
            "bucket": "common",
            "level": "9-34",
            "weight": 5.4,
            "condition": {
                "biomes": [
                    "the_bumblezone:howling_constructs"
                ]
            },
            "anticondition": {
                "structures": [
					"#the_bumblezone:sempiternal_sanctums"
				]
            }
        }
    ]
}