{
    "enabled": true,
    "neededInstalledMods": [],
    "neededUninstalledMods": [],
    "spawns": [
        {
            "id": "larvesta-1",
            "pokemon": "larvesta",
            "presets": [
                "natural",
                "desert_pyramid"
            ],
            "type": "pokemon",
            "context": "grounded",
            "bucket": "uncommon",
            "level": "11-36",
            "weight": 90.0,
            "condition": {
                "canSeeSky": false,
                "biomes": [
                    "#cobblemon:is_desert"
                ],
                "minY": 48
            }
        },
        {
            "id": "larvesta-2",
            "pokemon": "larvesta",
            "presets": [
                "natural",
                "jungle_pyramid"
            ],
            "type": "pokemon",
            "context": "grounded",
            "bucket": "uncommon",
            "level": "11-36",
            "weight": 90.0,
            "condition": {
                "canSeeSky": false,
                "biomes": [
                    "#cobblemon:is_jungle"
                ],
                "minY": 48
            }
        },
        {
            "id": "larvesta-3",
            "pokemon": "larvesta",
            "presets": [
                "natural",
                "treetop"
            ],
            "type": "pokemon",
            "context": "grounded",
            "bucket": "uncommon",
            "level": "11-36",
            "weight": 9.0,
            "condition": {
                "biomes": [
                    "#cobblemon:nether/is_crimson",
                    "#cobblemon:nether/is_forest",
                    "regions_unexplored:mycotoxic_undergrowth",
                    "betternether:upside_down_forest"
                ]
            },
            "drops": {
                "amount": 4,
                "entries": [
                    {
                        "item": "minecraft:string",
                        "quantityRange": "0-1"
                    },
                    {
                        "item": "minecraft:blaze_powder",
                        "percentage": 5.0
                    },
                    {
                        "item": "cobblemon:silver_powder",
                        "percentage": 2.5
                    },
                    {
                        "item": "cobblemon:charti_berry",
                        "percentage": 2.5
                    }
                ]
            }
        }
    ]
}