{
    "enabled": true,
    "neededInstalledMods": [],
    "neededUninstalledMods": [],
    "spawns": [
        {
            "id": "skrelp-1",
            "pokemon": "skrelp",
            "presets": [
                "underwater"
            ],
            "type": "pokemon",
            "context": "submerged",
            "bucket": "common",
            "level": "7-32",
            "weight": 1.8,
            "condition": {
                "canSeeSky": true,
                "biomes": [
                    "#cobblemon:is_ocean"
                ],
                "neededNearbyBlocks": [
                    "minecraft:kelp_plant"
                ]
            }
        },
        {
            "id": "skrelp-2",
            "pokemon": "skrelp",
            "presets": [
                "underwater"
            ],
            "type": "pokemon",
            "context": "submerged",
            "bucket": "rare",
            "level": "12-32",
            "weight": 9.0,
            "condition": {
                "biomes": [
                    "alexscaves:abyssal_chasm"
                ],
                "maxY": 55
            }
        },
        {
            "id": "skrelp-3",
            "pokemon": "skrelp",
            "presets": [
                "underwater"
            ],
            "type": "pokemon",
            "context": "submerged",
            "bucket": "common",
            "level": "7-32",
            "weight": 9.0,
            "condition": {
                "biomes": [
                    "#cobblemon:is_kelp"
                ]
            }
        }
    ]
}