{
    "enabled": true,
    "neededInstalledMods": [],
    "neededUninstalledMods": [],
    "spawns": [
        {
            "id": "amaura-1",
            "pokemon": "amaura",
            "presets": [
                "natural"
            ],
            "type": "pokemon",
            "context": "grounded",
            "bucket": "ultra-rare",
            "level": "11-36",
            "weight": 9.0,
            "condition": {
                "minSkyLight": 0,
                "maxSkyLight": 7,
                "biomes": [
                    "#cobblemon:is_lush"
                ]
            }
        },
        {
            "id": "amaura-2",
            "pokemon": "amaura",
            "presets": [
                "natural"
            ],
            "type": "pokemon",
            "context": "grounded",
            "bucket": "uncommon",
            "level": "14-40",
            "weight": 10.0,
            "condition": {
                "biomes": [
                    "betterend:glowing_grasslands",
                    "betterend:foggy_mushroomland",
                    "betterend:umbrella_jungle",
                    "betternether:upside_down_forest",
                    "regions_unexplored:blackstone_basin",
                    "regions_unexplored:glistering_meadow"
                ]
            }
        },
        {
            "id": "amaura-3",
            "pokemon": "amaura",
            "presets": [
                "natural"
            ],
            "type": "pokemon",
            "context": "grounded",
            "bucket": "rare",
            "level": "14-40",
            "weight": 9.0,
            "condition": {
                "biomes": [
                    "alexscaves:primordial_caves"
                ]
            }
        }
    ]
}