{
    "enabled": true,
    "neededInstalledMods": [],
    "neededUninstalledMods": [],
    "spawns": [
        {
            "id": "goomy-1",
            "pokemon": "goomy",
            "presets": [
                "natural",
                "wild"
            ],
            "type": "pokemon",
            "context": "grounded",
            "bucket": "rare",
            "level": "5-30",
            "weight": 9.0,
            "condition": {
                "minSkyLight": 8,
                "maxSkyLight": 15,
                "biomes": [
                    "#cobblemon:is_swamp"
                ],
                "isRaining": true
            }
        },
        {
            "id": "goomy-2",
            "pokemon": "goomy",
            "presets": [
                "natural",
                "wild"
            ],
            "type": "pokemon",
            "context": "grounded",
            "bucket": "ultra-rare",
            "level": "5-30",
            "weight": 9.0,
            "condition": {
                "minSkyLight": 8,
                "maxSkyLight": 15,
                "biomes": [
                    "#cobblemon:is_swamp"
                ],
                "isRaining": false
            }
        },
        {
            "id": "goomy-hisui-3",
            "pokemon": "goomy region_bias=hisui",
            "presets": [
                "natural"
            ],
            "type": "pokemon",
            "context": "grounded",
            "bucket": "rare",
            "level": "5-30",
            "weight": 9.0,
            "condition": {
                "minSkyLight": 0,
                "maxSkyLight": 7,
                "biomes": [
                    "#cobblemon:is_dripstone",
                    "#cobblemon:is_lush"
                ]
            }
        },
        {
            "id": "goomy-hisui-4",
            "pokemon": "goomy region_bias=hisui",
            "presets": [
                "natural"
            ],
            "type": "pokemon",
            "context": "grounded",
            "bucket": "ultra-rare",
            "level": "5-30",
            "weight": 9.0,
            "condition": {
                "minSkyLight": 0,
                "maxSkyLight": 7,
                "biomes": [
                    "#cobblemon:is_overworld"
                ],
                "neededNearbyBlocks": [
                    "#minecraft:water"
                ]
            }
        },
        {
            "id": "goomy-5",
            "pokemon": "goomy",
            "presets": [
                "natural"
            ],
            "type": "pokemon",
            "context": "grounded",
            "bucket": "uncommon",
            "level": "8-34",
            "weight": 6.0,
            "condition": {
                "biomes": [
                    "betterend:megalakes",
                    "betterend:umbrella_jungle",
                    "betternether:glistering_meadow"
                ]
            }
        },
        {
            "id": "goomy-6",
            "pokemon": "goomy",
            "presets": [
                "natural"
            ],
            "type": "pokemon",
            "context": "grounded",
            "bucket": "common",
            "level": "8-34",
            "weight": 6.0,
            "condition": {
                "biomes": [
                    "betterend:dragon_graveyards",
                    "stellarity:dragons_den"
                ]
            }
        }
    ]
}