{
    "enabled": true,
    "neededInstalledMods": [],
    "neededUninstalledMods": [],
    "spawns": [
        {
            "id": "pumpkaboo-1",
            "pokemon": "pumpkaboo",
            "presets": [
                "natural"
            ],
            "type": "pokemon",
            "context": "grounded",
            "bucket": "common",
            "level": "9-34",
            "weight": 5.4,
            "condition": {
                "biomes": [
                    "#cobblemon:is_overworld"
                ],
                "timeRange": "night",
                "neededNearbyBlocks": [
                    "minecraft:pumpkin",
                    "minecraft:carved_pumpkin"
                ]
            }
        },
        {
            "id": "pumpkaboo-2",
            "pokemon": "pumpkaboo",
            "presets": [
                "natural"
            ],
            "type": "pokemon",
            "context": "grounded",
            "bucket": "uncommon",
            "level": "9-34",
            "weight": 9.0,
            "condition": {
                "biomes": [
                    "#cobblemon:nether/is_overgrowth"
                ]
            }
        }
    ]
}