{
	"format_version": "1.8.0",
	"animations": {
		"animation.scovillain.battle_idle": {
			"loop": true,
			"bones": {
				"body": {
					"rotation": ["1.5+1*(math.sin(q.anim_time*90*1.3)*1)+2*(math.sin(q.anim_time*90*2/2)*1)", 0, 0],
					"position": [0, 0, 0]
				},
				"torso": {
					"rotation": ["5-5*(math.sin(q.anim_time*90*1.3)*1)-2*(math.sin(q.anim_time*90*2/2)*1)", 0, 0]
				},
				"l_arm": {
					"rotation": [
						"15.8524+1*(math.sin(q.anim_time*90*1.3)*1)+2*(math.sin(q.anim_time*90*2/2)*1)",
						"8.2802+1*(math.sin(q.anim_time*90*1.3)*1)+2*(math.sin(q.anim_time*90*2/2)*1)",
						"-7.7242+1*(math.sin(q.anim_time*90*1.3)*1)+2*(math.sin(q.anim_time*90*2/2)*1)"
					]
				},
				"r_arm": {
					"rotation": [
						"-180+1*(math.sin(q.anim_time*90*1.3)*1)+2*(math.sin(q.anim_time*90*2/2)*1)",
						"-180+1*(math.sin(q.anim_time*90*1.3)*1)+2*(math.sin(q.anim_time*90*2/2)*1)",
						"-182.5+1*(math.sin(q.anim_time*90*1.3)*1)+2*(math.sin(q.anim_time*90*2/2)*1)"
					]
				},
				"l_neck": {
					"rotation": [
						0,
						"0+1*(math.sin(q.anim_time*90*1.3)*1)+2*(math.sin(q.anim_time*90*2/2)*1)",
						"7.5+1*(math.sin(q.anim_time*90*1.3)*1)+2*(math.sin(q.anim_time*90*2/2)*1)"
					]
				},
				"neck_3": {
					"rotation": [
						"-6.3787+1*(math.sin(q.anim_time*90*1.3)*1)+2*(math.sin(q.anim_time*90*2/2)*1)",
						"11.6137+1*(math.sin(q.anim_time*90*1.3)*1)+2*(math.sin(q.anim_time*90*2/2)*1)",
						"-14.8747+1*(math.sin(q.anim_time*90*1.3)*1)+2*(math.sin(q.anim_time*90*2/2)*1)"
					]
				},
				"neck_4": {
					"rotation": [
						"0+1*(math.sin(q.anim_time*90*1.3)*1)+2*(math.sin(q.anim_time*90*2/2)*1)",
						"0+1*(math.sin(q.anim_time*90*1.3)*1)+2*(math.sin(q.anim_time*90*2/2)*1)",
						"-5+1*(math.sin(q.anim_time*90*1.3)*1)+2*(math.sin(q.anim_time*90*2/2)*1)"
					]
				},
				"jaw": {
					"rotation": [0, 0, "3-5*(math.sin(q.anim_time*90*1.3)*1)-7*(math.sin(q.anim_time*40*7.7)*1)"]
				},
				"r_neck": {
					"rotation": [15.67371, 1.49993, "-20.5519+1*(math.sin(q.anim_time*90*1.3)*1)+2*(math.sin(q.anim_time*90*2/2)*1)"]
				},
				"neck_2": {
					"rotation": [
						"0+1*(math.sin(q.anim_time*90*1.3)*1)+2*(math.sin(q.anim_time*90*2/2)*1)",
						"0+1*(math.sin(q.anim_time*90*1.3)*1)+2*(math.sin(q.anim_time*90*2/2)*1)",
						"-8+1*(math.sin(q.anim_time*90*1.3)*1)+2*(math.sin(q.anim_time*90*2/2)*1)"
					]
				},
				"neck_5": {
					"rotation": [
						"0+1*(math.sin(q.anim_time*90*1.3)*1)+2*(math.sin(q.anim_time*90*2/2)*1)",
						"-6+1*(math.sin(q.anim_time*90*1.3)*1)+2*(math.sin(q.anim_time*90*2/2)*1)",
						"-3+1*(math.sin(q.anim_time*90*1.3)*1)+2*(math.sin(q.anim_time*90*2/2)*1)"
					]
				},
				"jaw2": {
					"rotation": [0, 0, "-4+5*(math.sin(q.anim_time*120*1.3)*1)+3*(math.sin(q.anim_time*120*8/2)*1)"]
				},
				"backfrills": {
					"rotation": ["5-5*(math.sin(q.anim_time*90*1.3)*1)-2*(math.sin(q.anim_time*90*2/2)*1)", 0, 0]
				},
				"frontfrills": {
					"rotation": ["-5-5*(math.sin(q.anim_time*90*1.3)*1)-2*(math.sin(q.anim_time*90*2/2)*1)", 0, 0]
				},
				"tail": {
					"rotation": [
						"-2.5+1*(math.sin(q.anim_time*90*1.3)*1)+2*(math.sin(q.anim_time*90*2/2)*1)",
						"0+1*(math.sin(q.anim_time*90*1.3)*1)+2*(math.sin(q.anim_time*90*2/2)*1)",
						0
					]
				},
				"tail_1": {
					"rotation": ["-2.5+1*(math.sin(q.anim_time*90*1.3)*1)+2*(math.sin(q.anim_time*90*2/2)*1)", 0, 0]
				},
				"lowerarm": {
					"rotation": [0, 0, 57.5],
					"position": [-0.3, -0.5, 0]
				},
				"lowerarm2": {
					"rotation": [0, 0, 58],
					"position": [1.5, 1.3, 0]
				}
			}
		},
		"animation.scovillain.ground_idle": {
			"loop": true,
			"bones": {
				"body": {
					"rotation": ["1.5+1*(math.sin(q.anim_time*90*1.3)*1)+2*(math.sin(q.anim_time*90*2/2)*1)", 0, 0],
					"position": [0, 0, 0]
				},
				"torso": {
					"rotation": ["5-5*(math.sin(q.anim_time*90*1.3)*1)-2*(math.sin(q.anim_time*90*2/2)*1)", 0, 0]
				},
				"l_arm": {
					"rotation": [
						"15.8524+1*(math.sin(q.anim_time*90*1.3)*1)+2*(math.sin(q.anim_time*90*2/2)*1)",
						"8.2802+1*(math.sin(q.anim_time*90*1.3)*1)+2*(math.sin(q.anim_time*90*2/2)*1)",
						"-7.7242+1*(math.sin(q.anim_time*90*1.3)*1)+2*(math.sin(q.anim_time*90*2/2)*1)"
					]
				},
				"r_arm": {
					"rotation": [
						"-180+1*(math.sin(q.anim_time*90*1.3)*1)+2*(math.sin(q.anim_time*90*2/2)*1)",
						"-180+1*(math.sin(q.anim_time*90*1.3)*1)+2*(math.sin(q.anim_time*90*2/2)*1)",
						"-182.5+1*(math.sin(q.anim_time*90*1.3)*1)+2*(math.sin(q.anim_time*90*2/2)*1)"
					]
				},
				"l_neck": {
					"rotation": [
						0,
						"0+1*(math.sin(q.anim_time*90*1.3)*1)+2*(math.sin(q.anim_time*90*2/2)*1)",
						"7.5+1*(math.sin(q.anim_time*90*1.3)*1)+2*(math.sin(q.anim_time*90*2/2)*1)"
					]
				},
				"neck_3": {
					"rotation": [
						"-6.3787+1*(math.sin(q.anim_time*90*1.3)*1)+2*(math.sin(q.anim_time*90*2/2)*1)",
						"11.6137+1*(math.sin(q.anim_time*90*1.3)*1)+2*(math.sin(q.anim_time*90*2/2)*1)",
						"-14.8747+1*(math.sin(q.anim_time*90*1.3)*1)+2*(math.sin(q.anim_time*90*2/2)*1)"
					]
				},
				"neck_4": {
					"rotation": [
						"0+1*(math.sin(q.anim_time*90*1.3)*1)+2*(math.sin(q.anim_time*90*2/2)*1)",
						"0+1*(math.sin(q.anim_time*90*1.3)*1)+2*(math.sin(q.anim_time*90*2/2)*1)",
						"-5+1*(math.sin(q.anim_time*90*1.3)*1)+2*(math.sin(q.anim_time*90*2/2)*1)"
					]
				},
				"jaw": {
					"rotation": [0, 0, "3-5*(math.sin(q.anim_time*90*1.3)*1)-2*(math.sin(q.anim_time*90*2/2)*1)"]
				},
				"r_neck": {
					"rotation": [15.67371, 1.49993, "-20.5519+1*(math.sin(q.anim_time*90*1.3)*1)+2*(math.sin(q.anim_time*90*2/2)*1)"]
				},
				"neck_2": {
					"rotation": [
						"0+1*(math.sin(q.anim_time*90*1.3)*1)+2*(math.sin(q.anim_time*90*2/2)*1)",
						"0+1*(math.sin(q.anim_time*90*1.3)*1)+2*(math.sin(q.anim_time*90*2/2)*1)",
						"-8+1*(math.sin(q.anim_time*90*1.3)*1)+2*(math.sin(q.anim_time*90*2/2)*1)"
					]
				},
				"neck_5": {
					"rotation": [
						"0+1*(math.sin(q.anim_time*90*1.3)*1)+2*(math.sin(q.anim_time*90*2/2)*1)",
						"-6+1*(math.sin(q.anim_time*90*1.3)*1)+2*(math.sin(q.anim_time*90*2/2)*1)",
						"-3+1*(math.sin(q.anim_time*90*1.3)*1)+2*(math.sin(q.anim_time*90*2/2)*1)"
					]
				},
				"jaw2": {
					"rotation": [0, 0, "-4+5*(math.sin(q.anim_time*90*1.3)*1)+2*(math.sin(q.anim_time*90*2/2)*1)"]
				},
				"backfrills": {
					"rotation": ["5-5*(math.sin(q.anim_time*90*1.3)*1)-2*(math.sin(q.anim_time*90*2/2)*1)", 0, 0]
				},
				"frontfrills": {
					"rotation": ["-5-5*(math.sin(q.anim_time*90*1.3)*1)-2*(math.sin(q.anim_time*90*2/2)*1)", 0, 0]
				},
				"tail": {
					"rotation": [
						"-2.5+1*(math.sin(q.anim_time*90*1.3)*1)+2*(math.sin(q.anim_time*90*2/2)*1)",
						"0+1*(math.sin(q.anim_time*90*1.3)*1)+2*(math.sin(q.anim_time*90*2/2)*1)",
						0
					]
				},
				"tail_1": {
					"rotation": ["-2.5+1*(math.sin(q.anim_time*90*1.3)*1)+2*(math.sin(q.anim_time*90*2/2)*1)", 0, 0]
				},
				"lowerarm": {
					"rotation": [0, 0, 14.5]
				},
				"lowerarm2": {
					"rotation": [0, 0, 7],
					"position": [0, 0.3, 0]
				}
			}
		},
		"animation.scovillain.ground_walk": {
			"loop": true,
			"bones": {
				"body": {
					"rotation": ["1.5+1*(math.sin(q.anim_time*90*1.3)*1)+2*(math.sin(q.anim_time*90*2/2)*1)", 0, 0],
					"position": [0, 0.8, 0]
				},
				"torso": {
					"rotation": ["5-5*(math.sin(q.anim_time*90*1.3)*1)-2*(math.sin(q.anim_time*90*2/2)*1)", 0, 0]
				},
				"l_arm": {
					"rotation": [
						"15.3902+1*(math.sin(q.anim_time*90*1.3)*1)+2*(math.sin(q.anim_time*90*2/2)*1)",
						"-3.3572+1*(math.sin(q.anim_time*90*1.3)*1)+2*(math.sin(q.anim_time*90*2/2)*1)",
						"-3.2122+1*(math.sin(q.anim_time*90*1.3)*1)+2*(math.sin(q.anim_time*90*2/2)*1)"
					]
				},
				"r_arm": {
					"rotation": [
						"0+1*(math.sin(q.anim_time*90*1.3)*1)+2*(math.sin(q.anim_time*90*2/2)*1)",
						"0+1*(math.sin(q.anim_time*90*1.3)*1)+2*(math.sin(q.anim_time*90*2/2)*1)",
						"-5+1*(math.sin(q.anim_time*90*1.3)*1)+2*(math.sin(q.anim_time*90*2/2)*1)"
					]
				},
				"l_neck": {
					"rotation": [
						0,
						"0+1*(math.sin(q.anim_time*90*1.3)*1)+2*(math.sin(q.anim_time*90*2/2)*1)",
						"7.5+1*(math.sin(q.anim_time*90*1.3)*1)+2*(math.sin(q.anim_time*90*2/2)*1)"
					]
				},
				"neck_3": {
					"rotation": [
						"-6.3787+1*(math.sin(q.anim_time*90*1.3)*1)+2*(math.sin(q.anim_time*90*2/2)*1)",
						"11.6137+1*(math.sin(q.anim_time*90*1.3)*1)+2*(math.sin(q.anim_time*90*2/2)*1)",
						"-14.8747+1*(math.sin(q.anim_time*90*1.3)*1)+2*(math.sin(q.anim_time*90*2/2)*1)"
					]
				},
				"neck_4": {
					"rotation": [
						"0+1*(math.sin(q.anim_time*90*1.3)*1)+2*(math.sin(q.anim_time*90*2/2)*1)",
						"0+1*(math.sin(q.anim_time*90*1.3)*1)+2*(math.sin(q.anim_time*90*2/2)*1)",
						"-5+1*(math.sin(q.anim_time*90*1.3)*1)+2*(math.sin(q.anim_time*90*2/2)*1)"
					]
				},
				"jaw": {
					"rotation": [0, 0, "3-5*(math.sin(q.anim_time*90*1.3)*1)-2*(math.sin(q.anim_time*90*2/2)*1)"]
				},
				"r_neck": {
					"rotation": [15.67371, 1.49993, "-20.5519+1*(math.sin(q.anim_time*90*1.3)*1)+2*(math.sin(q.anim_time*90*2/2)*1)"]
				},
				"neck_2": {
					"rotation": [
						"0+1*(math.sin(q.anim_time*90*1.3)*1)+2*(math.sin(q.anim_time*90*2/2)*1)",
						"0+1*(math.sin(q.anim_time*90*1.3)*1)+2*(math.sin(q.anim_time*90*2/2)*1)",
						"-8+1*(math.sin(q.anim_time*90*1.3)*1)+2*(math.sin(q.anim_time*90*2/2)*1)"
					]
				},
				"neck_5": {
					"rotation": [
						"0+1*(math.sin(q.anim_time*90*1.3)*1)+2*(math.sin(q.anim_time*90*2/2)*1)",
						"-6+1*(math.sin(q.anim_time*90*1.3)*1)+2*(math.sin(q.anim_time*90*2/2)*1)",
						"-3+1*(math.sin(q.anim_time*90*1.3)*1)+2*(math.sin(q.anim_time*90*2/2)*1)"
					]
				},
				"jaw2": {
					"rotation": [0, 0, "-4+5*(math.sin(q.anim_time*90*1.3)*1)+2*(math.sin(q.anim_time*90*2/2)*1)"]
				},
				"backfrills": {
					"rotation": ["5-5*(math.sin(q.anim_time*90*1.3)*1)-2*(math.sin(q.anim_time*90*2/2)*1)", 0, 0]
				},
				"frontfrills": {
					"rotation": ["-5-5*(math.sin(q.anim_time*90*1.3)*1)-2*(math.sin(q.anim_time*90*2/2)*1)", 0, 0]
				},
				"tail": {
					"rotation": [
						"2.5+1*(math.sin(q.anim_time*90*1.3)*1)+2*(math.sin(q.anim_time*90*2/2)*1)",
						"0+1*(math.sin(q.anim_time*90*1.3)*1)+2*(math.sin(q.anim_time*90*2/2)*1)",
						0
					]
				},
				"tail_1": {
					"rotation": ["-2.5+1*(math.sin(q.anim_time*90*1.3)*1)+2*(math.sin(q.anim_time*90*2/2)*1)", 0, 0]
				},
				"l_leg": {
					"rotation": ["10.5+8*(math.sin(q.anim_time*90*1.3)*1)+8*(math.sin(q.anim_time*90*1.3)*1)", 0, 0]
				},
				"calf": {
					"rotation": ["-4.5+8*(math.sin(q.anim_time*90*1.3)*1)+8*(math.sin(q.anim_time*90*2/2)*1)", 0, 0]
				},
				"r_leg": {
					"rotation": ["13-8*(math.sin(q.anim_time*90*1.3)*1)-8*(math.sin(q.anim_time*90*1.3)*1)", 0, 0]
				},
				"calf2": {
					"rotation": ["-4.5-8*(math.sin(q.anim_time*90*1.3)*1)-8*(math.sin(q.anim_time*90*2/2)*1)", 0, 0]
				}
			}
		},
		"animation.scovillain.cry": {
			"animation_length": 1.25,
			"bones": {
				"torso": {
					"rotation": {
						"0.0": [0, 0, 0],
						"0.3333": [25, 0, 0],
						"1.0": [20, 0, 0],
						"1.25": [0, 0, 0]
					}
				},
				"l_arm": {
					"rotation": {
						"0.0": [0, 0, 0],
						"0.2917": [0, -60, 0],
						"1.0": [0, -60, 0],
						"1.25": [0, 0, 0]
					}
				},
				"lowerarm": {
					"rotation": {
						"0.0": [0, 37.5, 0],
						"0.3333": [0, 10, 0],
						"1.25": [0, 37.5, 0]
					},
					"position": {
						"0.0": [0, 0, -0.6],
						"0.3333": [0, 0, -0.2],
						"1.25": [0, 0, -0.6]
					}
				},
				"r_arm": {
					"rotation": {
						"0.0": [-180, 180, -180],
						"0.2917": [-180, 117.5, -180],
						"1.0": [-180, 117.5, -180],
						"1.25": [-180, 180, -180]
					}
				},
				"lowerarm2": {
					"rotation": {
						"0.0": [0, -37.5, 0],
						"0.3333": [0, -12.5, 0],
						"1.25": [0, -37.5, 0]
					},
					"position": {
						"0.0": [0, 0, -0.6],
						"0.3333": [0, 0, -0.2],
						"1.25": [0, 0, -0.6]
					}
				},
				"l_neck": {
					"rotation": {
						"0.0": [0, 0, 0],
						"0.3333": [0, 10, 0],
						"0.9167": [0, 2.5, 0],
						"1.25": [0, 0, 0]
					}
				},
				"jaw": {
					"rotation": {
						"0.0": [0, 0, 0],
						"0.2083": [0, 0, -15],
						"0.3333": [0, 0, 15],
						"0.4583": [0, 0, 10],
						"0.5833": [0, 0, 15],
						"1.0": [0, 0, 0]
					}
				},
				"r_neck": {
					"rotation": {
						"0.0": [0, 0, 0],
						"0.3333": [0, -25, 0],
						"0.9167": [0, -15, 0],
						"1.25": [0, 0, 0]
					}
				},
				"jaw2": {
					"rotation": {
						"0.0": [0, 0, 0],
						"0.2083": [0, 0, -15],
						"0.2917": [0, 0, 15],
						"0.5833": [0, 0, 7.5],
						"0.6667": [0, 0, 15],
						"1.0": [0, 0, 0]
					}
				},
				"tail": {
					"rotation": {
						"0.0": [0, 0, 0],
						"0.3333": [-2.5, 0, 0]
					}
				},
				"tail_1": {
					"rotation": {
						"0.0": [0, 0, 0],
						"0.3333": [-7.5, 0, 0],
						"1.0": [-7.5, 0, 0],
						"1.25": [0, 0, 0]
					}
				},
				"l_leg": {
					"rotation": {
						"0.0": [0, 0, 0],
						"0.125": [-18.66201, -36.01651, 11.23272],
						"0.2083": [-8.60438, -60.93409, 14.41783],
						"1.0": [-8.60438, -60.93409, 14.41783],
						"1.25": [0, 0, 0]
					}
				},
				"r_leg": {
					"rotation": {
						"0.2083": [0, 0, 0],
						"0.2917": [-18.54835, 19.03771, -6.24605],
						"0.375": [-5.16383, 54.02074, -4.82879],
						"1.0": [-5.16383, 54.02074, -4.82879],
						"1.25": [0, 0, 0]
					},
					"position": {
						"0.0": [0, 0, 0],
						"0.375": [0, -0.2, 0]
					}
				}
			}
		},
		"animation.scovillain.blink": {
			"animation_length": 0.20833,
			"bones": {
				"eyegreen": {
					"scale": {
						"0.0": [1, 1, 1],
						"0.0417": [1, 0, 1],
						"0.1667": [1, 0, 1],
						"0.2083": [1, 1, 1]
					}
				}
			}
		},
		"animation.scovillain.blink2": {
			"animation_length": 0.20833,
			"bones": {
				"eyered": {
					"scale": {
						"0.0": [1, 1, 1],
						"0.0417": [1, 0, 1],
						"0.1667": [1, 0, 1],
						"0.2083": [1, 1, 1]
					}
				}
			}
		}
	}
}