{
    "head": "head",
    "faint": "bedrock(krookodile, faint)",
    "cry": "bedrock(krookodile, cry)",
    "portraitScale": 1.2,
    "portraitTranslation": [
        -0.3,
        1.3,
        0
    ],
    "profileScale": 0.5,
    "profileTranslation": [
        0,
        1.1,
        0
    ],
    "poses": {
        "standing": {
            "poseName": "standing",
            "transformTicks": 10,
            "poseTypes": [
                "STAND",
                "NONE",
                "PORTRAIT",
                "PROFILE"
            ],
            "animations": [
                "bedrock(krookodile, ground_idle)"
            ],
            "quirks": [
                {
                    "name": "blink",
                    "animations": [
                        "bedrock(krookodile, blink)"
                    ]
                }
            ]
        },
        "walking": {
            "poseName": "walking",
            "transformTicks": 10,
            "poseTypes": [
                "WALK"
            ],
            "animations": [
                "bedrock(krookodile, ground_walk)"
            ],
            "quirks": [
                {
                    "name": "blink",
                    "animations": [
                        "bedrock(krookodile, blink)"
                    ]
                }
            ]
        },
        "battle-idle": {
            "poseName": "battle-idle",
            "transformTicks": 10,
            "isBattle": true,
            "poseTypes": [
                "STAND"
            ],
            "animations": [
                "look",
                "bedrock(krookodile, battle_idle)"
            ],
            "quirks": [
                {
                    "name": "blink",
                    "animations": [
                        "bedrock(krookodile, blink)"
                    ]
                }
            ]
        },
   "sleeping": {
     "poseName": "sleeping",
     "transformTicks": 10,
     "poseTypes": [
       "SLEEP"
     ],
     "animations": [
       "bedrock(krookodile, sleep)"
     ]
   }
    }
}