{
   "portraitScale": 2,
   "portraitTranslation":[
      -0.1,
      0,
      0
   ],
   "profileScale":0.8,
   "profileTranslation":[
      0,
      0.6,
      0
   ],
   "poses":{
      "standing":{
         "poseName":"standing",
         "transformTicks":10,
         "poseTypes":[
            "STAND",
            "NONE",
            "PORTRAIT",
            "PROFILE"
         ],
         "animations":[
            "bedrock(roserade, ground_idle)"
         ]
      },
      "walking":{
         "poseName":"walking",
         "transformTicks":10,
         "poseTypes":[
            "WALK"
         ],
         "animations":[
            "bedrock(roserade, ground_walk)"
         ]
      }
   }
}
