{
   "portraitScale":1.5,
   "portraitTranslation":[
      0.3,
      0.9,
      0
   ],
   "profileScale":0.6,
   "profileTranslation":[
      0.1,
      0.85,
      0
   ],
  "cry":  "bedrock(scovillain, cry)",
   "poses":{
      "standing":{
         "poseName":"standing",
         "transformTicks":10,
         "poseTypes":[
            "STAND",
            "NONE",
            "PORTRAIT",
            "PROFILE"
         ],
         "animations":[
            "bedrock(scovillain, ground_idle)"
         ],
     "quirks": [
       {
         "name": "blink",
         "animations": ["bedrock(scovillain, blink)"]
       },
       {
         "name": "blink2",
         "animations": ["bedrock(scovillain, blink2)"]
       }
     ]
      },
      "walking":{
         "poseName":"walking",
         "transformTicks":10,
         "poseTypes":[
            "WALK"
         ],
         "animations":[
            "bedrock(scovillain, ground_walk)"
         ],
     "quirks": [
       {
         "name": "blink",
         "animations": ["bedrock(scovillain, blink)"]
       },
       {
         "name": "blink2",
         "animations": ["bedrock(scovillain, blink2)"]
       }
     ]
      },
  "battle-idle": {
     "poseName": "battle-idle",
     "transformTicks": 10,
     "poseTypes": ["STAND"],
     "isBattle": true,
     "animations": ["bedrock(scovillain, battle_idle)"],
     "quirks": [
       {
         "name": "blink",
         "animations": ["bedrock(scovillain, blink)"]
       },
       {
         "name": "blink2",
         "animations": ["bedrock(scovillain, blink2)"]
       }
     ]
   }
   }
}
