{
	"format_version": "1.12.0",
	"minecraft:geometry": [
		{
			"description": {
				"identifier": "geometry.krookodile",
				"texture_width": 128,
				"texture_height": 128,
				"visible_bounds_width": 5,
				"visible_bounds_height": 6,
				"visible_bounds_offset": [0, 1, 0]
			},
			"bones": [
				{
					"name": "krookodile",
					"pivot": [0, 0, 0]
				},
				{
					"name": "body",
					"parent": "krookodile",
					"pivot": [0, 0, 0]
				},
				{
					"name": "torso",
					"parent": "body",
					"pivot": [0, 7, 0],
					"cubes": [
						{"origin": [-6.5, 7, -6.5], "size": [13, 6, 13], "uv": [0, 0]}
					]
				},
				{
					"name": "torso2",
					"parent": "torso",
					"pivot": [0, 13, 0],
					"cubes": [
						{"origin": [-6, 12, -6], "size": [12, 7, 12], "uv": [0, 19]},
						{"origin": [5, 10, 6], "size": [0, 5, 7], "uv": [14, 93]},
						{"origin": [-5, 10, 6], "size": [0, 5, 7], "uv": [14, 93]}
					]
				},
				{
					"name": "torso3",
					"parent": "torso2",
					"pivot": [0, 19, -0.5],
					"cubes": [
						{"origin": [-5.5, 18, -5.5], "size": [11, 4, 11], "uv": [0, 38]},
						{"origin": [3.5, 17, 5.5], "size": [0, 5, 7], "uv": [14, 93]},
						{"origin": [-3.5, 17, 5.5], "size": [0, 5, 7], "uv": [14, 93]}
					]
				},
				{
					"name": "torso4",
					"parent": "torso3",
					"pivot": [0, 22, -0.5],
					"cubes": [
						{"origin": [-5, 21, -5], "size": [10, 5, 10], "uv": [34, 46]}
					]
				},
				{
					"name": "head",
					"parent": "torso4",
					"pivot": [0, 25, -0.5],
					"cubes": [
						{"origin": [-5.5, 27.2, -5.5], "size": [11, 8, 11], "uv": [37, 27]},
						{"origin": [-5, 34.2, -5], "size": [10, 2, 10], "uv": [0, 107]},
						{"origin": [-7.5, 24.9, -2.2], "size": [15, 5, 8], "uv": [39, 0]},
						{"origin": [4, 27.1, -5.4], "size": [4, 3, 5], "inflate": 0.01, "uv": [95, 98]},
						{"origin": [6.76475, 35.86037, -3.43693], "size": [3, 4, 1], "pivot": [8.5, 37.4, -5.3], "rotation": [-24.58795, 3.90109, 27.25616], "uv": [64, 61]},
						{"origin": [4.5555, 31.56945, -4.5511], "size": [4, 4, 2], "pivot": [8.5, 34.7, -5.3], "rotation": [-16.98683, 6.59528, 44.62253], "uv": [0, 53]},
						{"origin": [-8.5555, 31.56945, -4.5511], "size": [4, 4, 2], "pivot": [-8.5, 34.7, -5.3], "rotation": [-16.98683, -6.59528, -44.62253], "uv": [36, 25]},
						{"origin": [-9.76475, 35.86037, -3.43693], "size": [3, 4, 1], "pivot": [-8.5, 37.4, -5.3], "rotation": [-24.58795, -3.90109, -27.25616], "uv": [26, 53]},
						{"origin": [-3.4, 31.4, -5.6], "size": [5, 6, 4], "pivot": [0.5, 31, -5.5], "rotation": [0, 0, 72.5], "uv": [82, 93]},
						{"origin": [-1.6, 31.4, -5.6], "size": [5, 6, 4], "pivot": [-0.5, 31, -5.5], "rotation": [0, 0, -72.5], "uv": [64, 93]},
						{"origin": [-8, 27.1, -5.4], "size": [4, 3, 5], "inflate": 0.01, "uv": [96, 66]}
					]
				},
				{
					"name": "snout",
					"parent": "head",
					"pivot": [0, 30, -5.5],
					"cubes": [
						{"origin": [-6, 27.1, -10.5], "size": [12, 3, 9], "uv": [43, 13]},
						{"origin": [4.9, 25.1, -6.5], "size": [0, 2, 2], "uv": [44, 17]},
						{"origin": [-4.9, 25.1, -6.5], "size": [0, 2, 2], "uv": [33, 40]},
						{"origin": [4.9, 25.1, -9.5], "size": [0, 2, 2], "uv": [43, 4]},
						{"origin": [2.9, 25.1, -20.5], "size": [0, 2, 2], "uv": [39, 4]},
						{"origin": [-2.9, 25.1, -20.5], "size": [0, 2, 2], "uv": [33, 38]},
						{"origin": [-4.9, 25.1, -9.5], "size": [0, 2, 2], "uv": [33, 42]},
						{"origin": [-3, 27.08, -21.5], "size": [6, 0, 12], "uv": [62, 46]},
						{"origin": [-3.5, 27.1, -22.5], "size": [7, 3, 12], "uv": [0, 53]},
						{"origin": [-3.3, 29, -22.6], "size": [4, 6, 2], "pivot": [0.5, 27, -22.5], "rotation": [-12.5, 0, -20], "uv": [0, 19]},
						{"origin": [-0.7, 29, -22.6], "size": [4, 6, 2], "pivot": [-0.5, 27, -22.5], "rotation": [-12.5, 0, 20], "uv": [0, 0]},
						{"origin": [0.3, 28.9, -22.61], "size": [2, 4, 0], "pivot": [-0.5, 27, -22.5], "rotation": [-12.5, 0, 20], "uv": [8, 27]},
						{"origin": [-2.3, 28.9, -22.61], "size": [2, 4, 0], "pivot": [0.5, 27, -22.5], "rotation": [-12.5, 0, -20], "uv": [8, 8]},
						{"origin": [-5, 27.08, -9.5], "size": [10, 0, 8], "uv": [68, 13]}
					]
				},
				{
					"name": "bottom_snout",
					"parent": "snout",
					"pivot": [0, 27, -2.5],
					"cubes": [
						{"origin": [-5.5, 25, -5.5], "size": [11, 2, 3], "uv": [83, 55]},
						{"origin": [-7.5, 25.1, -5.4], "size": [4, 2, 5], "inflate": 0.02, "uv": [99, 24]},
						{"origin": [3.5, 25.1, -5.4], "size": [4, 2, 5], "inflate": 0.02, "uv": [96, 11]},
						{"origin": [-5, 25.1, -9.5], "size": [10, 2, 9], "uv": [70, 25]},
						{"origin": [-4, 27.11, -8.5], "size": [8, 0, 8], "uv": [69, 0]},
						{"origin": [-3, 27.11, -20.5], "size": [6, 0, 12], "uv": [40, 61]},
						{"origin": [-3.5, 25.1, -21.5], "size": [7, 2, 12], "uv": [26, 61]},
						{"origin": [2.8, 27.1, -20.1], "size": [0, 2, 2], "uv": [33, 36]},
						{"origin": [3.9, 27.1, -8.1], "size": [0, 2, 2], "uv": [36, 19]},
						{"origin": [-3.9, 27.1, -8.1], "size": [0, 2, 2], "uv": [6, 36]},
						{"origin": [-2.8, 27.1, -20.1], "size": [0, 2, 2], "uv": [36, 21]}
					]
				},
				{
					"name": "left_pupil",
					"parent": "head",
					"pivot": [0, 25, -0.5],
					"cubes": [
						{"origin": [1.6, 31.4, -5.61], "size": [2, 3, 0], "uv": [37, 46]},
						{"origin": [1.4, 33, -5.62], "size": [2, 1, 0], "uv": [23, 123]},
						{"origin": [-3.4, 33, -5.62], "size": [2, 1, 0], "uv": [23, 123], "mirror": true}
					]
				},
				{
					"name": "left_pupil_closed",
					"parent": "head",
					"pivot": [0, 25, 0.5],
					"cubes": [
						{"origin": [1.6, 31.4, -4.61], "size": [2, 1, 0], "uv": [1, 120]}
					]
				},
				{
					"name": "right_pupil",
					"parent": "head",
					"pivot": [0, 25, -0.5],
					"cubes": [
						{"origin": [-3.6, 31.4, -5.61], "size": [2, 3, 0], "uv": [33, 46]}
					]
				},
				{
					"name": "right_pupil_closed",
					"parent": "head",
					"pivot": [0, 25, 0.5],
					"cubes": [
						{"origin": [-3.6, 31.4, -4.61], "size": [2, 1, 0], "uv": [1, 120], "mirror": true}
					]
				},
				{
					"name": "arm_left",
					"parent": "torso3",
					"pivot": [5.5, 20.5, 0],
					"cubes": [
						{"origin": [5, 19, -1.5], "size": [8, 3, 3], "inflate": -0.01, "uv": [42, 93]}
					]
				},
				{
					"name": "arm_left2",
					"parent": "arm_left",
					"pivot": [13, 20.5, 0],
					"cubes": [
						{"origin": [12.5, 19, -1.5], "size": [8, 3, 3], "uv": [93, 18]}
					]
				},
				{
					"name": "hand_left",
					"parent": "arm_left2",
					"pivot": [20.5, 20.5, 0],
					"cubes": [
						{"origin": [20, 19.5, -2], "size": [4, 2, 4], "uv": [99, 80]}
					]
				},
				{
					"name": "finger_middle_left",
					"parent": "hand_left",
					"pivot": [24, 20.5, -1],
					"cubes": [
						{"origin": [23.5, 19.5, -2], "size": [2, 2, 2], "inflate": -0.25, "uv": [38, 88]}
					]
				},
				{
					"name": "finger_middle_left2",
					"parent": "finger_middle_left",
					"pivot": [25.2, 20.5, -1],
					"cubes": [
						{"origin": [25, 19.5, -2], "size": [3, 2, 2], "inflate": -0.24, "uv": [81, 36]},
						{"origin": [27.4, 20, -1], "size": [2, 1, 0], "uv": [54, 25]}
					]
				},
				{
					"name": "finger_1_left3",
					"parent": "hand_left",
					"pivot": [21, 20.5, -2],
					"rotation": [0, 90, 0],
					"cubes": [
						{"origin": [20.5, 19.5, -3], "size": [2, 2, 2], "inflate": -0.25, "uv": [38, 88]}
					]
				},
				{
					"name": "finger_1_left4",
					"parent": "finger_1_left3",
					"pivot": [22.2, 20.5, -2],
					"cubes": [
						{"origin": [22, 19.5, -3], "size": [3, 2, 2], "inflate": -0.24, "uv": [81, 36]},
						{"origin": [24.4, 20, -2], "size": [2, 1, 0], "uv": [38, 53]}
					]
				},
				{
					"name": "finger_3_left3",
					"parent": "hand_left",
					"pivot": [24, 20.5, 1],
					"cubes": [
						{"origin": [23.5, 19.5, 0], "size": [2, 2, 2], "inflate": -0.25, "uv": [38, 88]}
					]
				},
				{
					"name": "finger_3_left4",
					"parent": "finger_3_left3",
					"pivot": [25.2, 20.5, 1],
					"cubes": [
						{"origin": [25, 19.5, 0], "size": [3, 2, 2], "inflate": -0.24, "uv": [81, 36]},
						{"origin": [27.4, 20, 1], "size": [2, 1, 0], "uv": [34, 53]}
					]
				},
				{
					"name": "arm_right",
					"parent": "torso3",
					"pivot": [-5.5, 20.5, 0],
					"cubes": [
						{"origin": [-13, 19, -1.5], "size": [8, 3, 3], "inflate": -0.01, "uv": [90, 5]}
					]
				},
				{
					"name": "arm_right2",
					"parent": "arm_right",
					"pivot": [-13, 20.5, 0],
					"cubes": [
						{"origin": [-20.5, 19, -1.5], "size": [8, 3, 3], "uv": [88, 60]}
					]
				},
				{
					"name": "hand_right",
					"parent": "arm_right2",
					"pivot": [-20.5, 20.5, 0],
					"cubes": [
						{"origin": [-24, 19.5, -2], "size": [4, 2, 4], "uv": [96, 74]}
					]
				},
				{
					"name": "finger_middle_right",
					"parent": "hand_right",
					"pivot": [-24, 20.5, -1],
					"cubes": [
						{"origin": [-25.5, 19.5, -2], "size": [2, 2, 2], "inflate": -0.25, "uv": [19, 83]}
					]
				},
				{
					"name": "finger_middle_right2",
					"parent": "finger_middle_right",
					"pivot": [-25.2, 20.5, -1],
					"cubes": [
						{"origin": [-28, 19.5, -2], "size": [3, 2, 2], "inflate": -0.24, "uv": [64, 46]},
						{"origin": [-29.4, 20, -1], "size": [2, 1, 0], "uv": [50, 25]}
					]
				},
				{
					"name": "finger_1_right3",
					"parent": "hand_right",
					"pivot": [-21, 20.5, -2],
					"rotation": [0, -90, 0],
					"cubes": [
						{"origin": [-22.5, 19.5, -3], "size": [2, 2, 2], "inflate": -0.25, "uv": [19, 83]}
					]
				},
				{
					"name": "finger_1_right4",
					"parent": "finger_1_right3",
					"pivot": [-22.2, 20.5, -2],
					"cubes": [
						{"origin": [-25, 19.5, -3], "size": [3, 2, 2], "inflate": -0.24, "uv": [64, 46]},
						{"origin": [-26.4, 20, -2], "size": [2, 1, 0], "uv": [48, 19]}
					]
				},
				{
					"name": "finger_3_right3",
					"parent": "hand_right",
					"pivot": [-24, 20.5, 1],
					"cubes": [
						{"origin": [-25.5, 19.5, 0], "size": [2, 2, 2], "inflate": -0.25, "uv": [19, 83]}
					]
				},
				{
					"name": "finger_3_right4",
					"parent": "finger_3_right3",
					"pivot": [-25.2, 20.5, 1],
					"cubes": [
						{"origin": [-28, 19.5, 0], "size": [3, 2, 2], "inflate": -0.24, "uv": [64, 46]},
						{"origin": [-29.4, 20, 1], "size": [2, 1, 0], "uv": [46, 25]}
					]
				},
				{
					"name": "leg_left",
					"parent": "torso",
					"pivot": [7, 9, 0.5],
					"cubes": [
						{"origin": [3, 4, -3.5], "size": [6, 6, 7], "uv": [0, 83]}
					]
				},
				{
					"name": "leg_left2",
					"parent": "leg_left",
					"pivot": [6, 5, 0.5],
					"cubes": [
						{"origin": [3, 0, -3], "size": [6, 6, 7], "inflate": -0.05, "uv": [80, 80]},
						{"origin": [8.9, 0, -6.5], "size": [0, 2, 4], "uv": [39, 0]},
						{"origin": [6, 0, -6.5], "size": [0, 2, 4], "uv": [36, 15]},
						{"origin": [3.1, 0, -6.5], "size": [0, 2, 4], "uv": [0, 25]}
					]
				},
				{
					"name": "leg_right",
					"parent": "torso",
					"pivot": [-7, 9, 0.5],
					"cubes": [
						{"origin": [-9, 4, -3.5], "size": [6, 6, 7], "uv": [54, 80]}
					]
				},
				{
					"name": "leg_right2",
					"parent": "leg_right",
					"pivot": [-6, 5, 0.5],
					"cubes": [
						{"origin": [-9, 0, -3], "size": [6, 6, 7], "inflate": -0.05, "uv": [28, 75]},
						{"origin": [-8.9, 0, -6.5], "size": [0, 2, 4], "uv": [0, 23]},
						{"origin": [-3.1, 0, -6.5], "size": [0, 2, 4], "uv": [0, 6]},
						{"origin": [-6, 0, -6.5], "size": [0, 2, 4], "uv": [0, 4]}
					]
				},
				{
					"name": "tail",
					"parent": "torso",
					"pivot": [0, 7, 2],
					"cubes": [
						{"origin": [-4, 1, -2], "size": [8, 11, 8], "pivot": [0, -3, 2], "rotation": [0, -45, 0], "uv": [64, 61]}
					]
				},
				{
					"name": "tail2",
					"parent": "tail",
					"pivot": [0, 1, 2],
					"cubes": [
						{"origin": [-3.5, -6, -1.5], "size": [7, 8, 7], "pivot": [0, -9, 2], "rotation": [0, -45, 0], "uv": [0, 68]}
					]
				},
				{
					"name": "tail3",
					"parent": "tail2",
					"pivot": [0, -6, 2.5],
					"cubes": [
						{"origin": [-3, -13, -1], "size": [6, 8, 6], "pivot": [0, -5, 2], "rotation": [0, -45, 0], "uv": [86, 36]},
						{"origin": [0, -12.7, 5], "size": [0, 5, 7], "uv": [47, 68]}
					]
				},
				{
					"name": "tail4",
					"parent": "tail3",
					"pivot": [0, -13, 2.5],
					"cubes": [
						{"origin": [-2.5, -20, 0], "size": [4, 8, 4], "pivot": [0, -23, 2.5], "rotation": [0, -45, 0], "uv": [26, 88]}
					]
				},
				{
					"name": "tail5",
					"parent": "tail4",
					"pivot": [0, -20, 2.5],
					"cubes": [
						{"origin": [-1.5, -26, 1], "size": [2, 8, 2], "pivot": [0, -29, 2.5], "rotation": [0, -45, 0], "uv": [0, 38]}
					]
				}
			]
		}
	]
}