{
  "parent": "rctmod:trainers/defeat_unovaleader_lenora",
  "display": {
    "title": {
      "translate": "advancements.rctmod.defeat_unovaleader_burgh"
    },
    "description": {
      "translate": "advancements.rctmod.defeat_unovaleader_burgh.description"
    },
    "icon": {
      "id": "cobblemonpokemonbadges:insect_badge"
    },
    "announce_to_chat": true,
    "show_toast": true,
    "hidden": false,
    "frame": "goal"
  },
  "criteria": {
    "first_defeat": {
      "conditions": {
        "trainer_ids": [
          "unovaleader_burgh"
        ]
      },
      "trigger": "rctmod:defeat_count"
    }
  },
  "requirements": [
    [
      "first_defeat"
    ]
  ]
}