{
  "parent": "rctmod:trainers/defeat_magma_admin_tabitha",
  "display": {
    "title": {
      "translate": "advancements.rctmod.defeat_magma_leader_maxie"
    },
    "description": {
      "translate": "advancements.rctmod.defeat_magma_leader_maxie.description"
    },
    "icon": {
      "id": "cobblemon:heavy_ball"
    },
    "announce_to_chat": true,
    "show_toast": true,
    "hidden": false,
    "frame": "goal"
  },
  "criteria": {
    "first_defeat": {
      "conditions": {
        "trainer_ids": [
          "magma_leader_maxie"
        ]
      },
      "trigger": "rctmod:defeat_count"
    }
  },
  "requirements": [
    [
      "first_defeat"
    ]
  ]
}