{
  "parent": "rctmod:trainers/defeat_aqua_grunt_female_inky",
  "display": {
    "title": {
      "translate": "advancements.rctmod.defeat_aqua_admin_amber"
    },
    "description": {
      "translate": "advancements.rctmod.defeat_aqua_admin_amber.description"
    },
    "icon": {
      "id": "cobblemon:azure_ball"
    },
    "announce_to_chat": true,
    "show_toast": true,
    "hidden": false,
    "frame": "goal"
  },
  "criteria": {
    "first_defeat": {
      "conditions": {
        "trainer_ids": [
          "aqua_admin_amber"
        ]
      },
      "trigger": "rctmod:defeat_count"
    }
  },
  "requirements": [
    [
      "first_defeat"
    ]
  ]
}