{
  "replace": false,
  "values": [
    "minecraft:desert",
    {
      "id": "#byg:is_desert",
      "required": false
    },
	{
      "id": "#c:desert",
      "required": false
    },
	{
      "id": "#wythers:is_desert",
      "required": false
    },
	{
      "id": "terralith:ancient_sands",
      "required": false
    },
	{
      "id": "terralith:desert_canyon",
      "required": false
    },
	{
      "id": "terralith:cave/desert_caves",
      "required": false
    },
	{
      "id": "terralith:desert_oasis",
      "required": false
    },
	{
      "id": "terralith:desert_spires",
      "required": false
    },
	{
      "id": "terralith:lush_desert",
      "required": false
    },
	{
      "id": "terralith:red_oasis",
      "required": false
    },
	{
      "id": "terralith:sandstone_valley",
      "required": false
    },
    {
      "id": "wythers:badlands_desert",
      "required": false
    },
    {
      "id": "wythers:desert_island",
      "required": false
    },
    {
      "id": "wythers:kwongan_heath",
      "required": false
    },
    {
      "id": "wythers:outback_desert",
      "required": false
    },
    {
      "id": "wythers:red_desert",
      "required": false
    },
    {
      "id": "wythers:sandy_jungle",
      "required": false
    }
  ]
}
