{
  "replace": false,
  "values": [
    "minecraft:frozen_river",
    "minecraft:jagged_peaks",
    "minecraft:snowy_beach",
    "minecraft:snowy_plains",
    "minecraft:snowy_slopes",
    "#cobblemon:is_frozen_ocean",
    "#cobblemon:is_glacial",
    "#cobblemon:is_snowy_forest",
    {
      "id": "#byg:is_snowy",
      "required": false
    },
	{
      "id": "#c:snowy",
      "required": false
    },
	{
      "id": "#forge:is_snowy",
      "required": false
    },
	{
      "id": "byg:cardinal_tundra",
      "required": false
    },
	{
      "id": "terralith:emerald_peaks",
      "required": false
    },
	{
      "id": "terralith:scarlet_mountains",
      "required": false
    },
	{
      "id": "terralith:skylands_winter",
      "required": false
    },
	{
      "id": "terralith:snowy_badlands",
      "required": false
    },
    {
      "id": "wythers:crimson_tundra",
      "required": false
    },
    {
      "id": "wythers:frozen_island",
      "required": false
    },
    {
      "id": "wythers:snowy_bog",
      "required": false
    },
    {
      "id": "wythers:snowy_canyon",
      "required": false
    },
    {
      "id": "wythers:snowy_peaks",
      "required": false
    },
    {
      "id": "wythers:snowy_tundra",
      "required": false
    }
  ]
}
