{
  "replace": false,
  "values": [
    "minecraft:meadow",
	{
      "id": "terralith:alpine_highlands",
      "required": false
    },
	{
      "id": "terralith:arid_highlands",
      "required": false
    },
	{
      "id": "terralith:blooming_plateau",
      "required": false
    },
	{
      "id": "terralith:highlands",
      "required": false
    },    
    {
      "id": "wythers:bamboo_jungle_highlands",
      "required": false
    },
    {
      "id": "wythers:eucalyptus_deanei_forest",
      "required": false
    },
    {
      "id": "wythers:forested_highlands",
      "required": false
    },
    {
      "id": "wythers:highlands",
      "required": false
    },
    {
      "id": "wythers:huangshan_highlands",
      "required": false
    },
    {
      "id": "wythers:highland_tropical_rainforest",
      "required": false
    },
    {
      "id": "wythers:jade_highlands",
      "required": false
    },
    {
      "id": "wythers:wistman_woods",
      "required": false
    }
  ]
}
