{
  "replace": false,
  "values": [
    "#minecraft:is_jungle",
    {
      "id": "terralith:cave/underground_jungle",
      "required": false
    },
    {
      "id": "wythers:dripleaf_swamp",
      "required": false
    },
    {
      "id": "wythers:eucalyptus_deanei_forest",
      "required": false
    },
    {
      "id": "wythers:highland_tropical_rainforest",
      "required": false
    },
    {
      "id": "wythers:humid_tropical_grassland",
      "required": false
    },
    {
      "id": "wythers:jungle_canyon",
      "required": false
    },
    {
      "id": "wythers:subtropical_forest",
      "required": false
    },
    {
      "id": "wythers:subtropical_forest_edge",
      "required": false
    },
    {
      "id": "wythers:subtropical_grassland",
      "required": false
    },
    {
      "id": "wythers:tropical_forest",
      "required": false
    },
    {
      "id": "wythers:tropical_forest_canyon",
      "required": false
    },
    {
      "id": "wythers:tropical_grassland",
      "required": false
    },
    {
      "id": "wythers:tropical_island",
      "required": false
    },
    {
      "id": "wythers:tropical_rainforest",
      "required": false
    }
  ]
}
