{
  "replace": false,
  "values": [
    "minecraft:dark_forest",
    {
      "id": "#byg:is_magical",
      "required": false
    },
    {
      "id": "nyctophobia:deep_dark_forest",
      "required": false
    },
    {
      "id": "regions_unexplored:blackwood_taiga",
      "required": false
    },
    {
      "id": "regions_unexplored:bioshroom_caves",
      "required": false
    },
    {
      "id": "regions_unexplored:clover_field",
      "required": false
    },
    {
      "id": "regions_unexplored:eucalyptus_forest",
      "required": false
    },
    {
      "id": "regions_unexplored:fungal_fen",
      "required": false
    },
    {
      "id": "regions_unexplored:magnolia_woodland",
      "required": false
    },
    {
      "id": "regions_unexplored:mauve_hills",
      "required": false
    },
    {
      "id": "regions_unexplored:prismachasm",
      "required": false
    },
    {
      "id": "regions_unexplored:redwoods",
      "required": false
    },
    {
      "id": "regions_unexplored:rocky_meadow",
      "required": false
    },
    {
      "id": "regions_unexplored:silver_birch_forest",
      "required": false
    },
    {
      "id": "#wythers:is_dark_forest",
      "required": false
    },
	{
      "id": "byg:skyris_vale",
      "required": false
    },
	{
      "id": "terralith:amethyst_canyon",
      "required": false
    },
	{
      "id": "terralith:amethyst_rainforest",
      "required": false
    },
	{
      "id": "terralith:mirage_isles",
      "required": false
    },
	{
      "id": "terralith:moonlight_grove",
      "required": false
    },
	{
      "id": "terralith:moonlight_valley",
      "required": false
    },
    {
      "id": "terrestria:japanese_maple_forest",
      "required": false
    },
    {
      "id": "terrestria:rainbow_forest",
      "required": false
    },
    {
      "id": "terrestria:sakura_forest",
      "required": false
    },
    {
      "id": "wythers:lantern_river",
      "required": false
    },
    {
      "id": "wythers:mushroom_island",
      "required": false
    },
    {
      "id": "wythers:snowy_thermal_taiga",
      "required": false
    }
  ]
}
