{
  "replace": false,
  "values": [
	"minecraft:soul_sand_valley",
	{
      "id": "betternether:soul_plain",
      "required": false
    },
	{
      "id": "betternether:wart_forest",
      "required": false
    },
	{
      "id": "betternether:wart_forest_edge",
      "required": false
    },
	{
      "id": "byg:wailing_garth",
      "required": false
    },
	{
      "id": "byg:warped_desert",
      "required": false
    },
	{
      "id": "cinderscapes:ashy_shoals",
      "required": false
    },
	{
      "id": "cinderscapes:blackstone_shales",
      "required": false
    },
	{
      "id": "gardens_of_the_dead:soulblight_forest",
      "required": false
    },
	{
      "id": "incendium:weeping_valley",
      "required": false
    }
  ]
}