{
  "replace": false,
  "values": [
	"minecraft:crimson_forest",
	"minecraft:warped_forest",
	{
      "id": "betternether:crimson_glowing_woods",
      "required": false
    },
	{
      "id": "betternether:crimson_pinewood",
      "required": false
    },
	{
      "id": "betternether:mushroom_forest",
      "required": false
    },
	{
      "id": "betternether:mushroom_forest_edge",
      "required": false
    },
	{
      "id": "betternether:old_fungiwoods",
      "required": false
    },
	{
      "id": "betternether:old_warped_woods",
      "required": false
    },
	{
      "id": "byg:crimson_gardens",
      "required": false
    },
	{
      "id": "byg:embur_bog",
      "required": false
    },
	{
      "id": "byg:glowstone_garden",
      "required": false
    },
	{
      "id": "byg:wailing_garth",
      "required": false
    },
	{
      "id": "cinderscapes:luminous_grove",
      "required": false
    },
	{
      "id": "gardens_of_the_dead:whistling_woods",
      "required": false
    },
	{
      "id": "gardens_of_the_dead:soulblight_forest",
      "required": false
    },
	{
      "id": "incendium:inverted_forest",
      "required": false
    }
  ]
}