{
  "replace": false,
  "values": [
	"minecraft:nether_wastes",
	{
      "id": "betternether:magma_land",
      "required": false
    },
	{
      "id": "betternether:poor_nether_grasslands",
      "required": false
    },
	{
      "id": "byg:brimstone_caverns",
      "required": false
    },
	{
      "id": "byg:magma_wastes",
      "required": false
    },
	{
      "id": "cinderscapes:ashy_shoals",
      "required": false
    },
	{
      "id": "cinderscapes:quartz_cavern",
      "required": false
    },
	{
      "id": "incendium:ash_barrens",
      "required": false
    },
	{
      "id": "incendium:toxic_heap",
      "required": false
    },
    {
      "id": "regions_unexplored:infernal_holt",
      "required": false
    }
  ]
}