{
  "replace": false,
  "values": [
    "minecraft:mangrove_swamp",
    "minecraft:swamp",
    {
      "id": "#byg:is_swamp",
      "required": false
    },
	{
      "id": "#c:swamp",
      "required": false
    },
	{
      "id": "#forge:is_swamp",
      "required": false
    },
	{
      "id": "#wythers:is_swamp",
      "required": false
    },
	{
      "id": "terralith:ice_marsh",
      "required": false
    },
	{
      "id": "terralith:orchid_swamp",
      "required": false
    },
    {
      "id": "wythers:billabong",
      "required": false
    }
  ]
}
