{
  "replace": false,
  "values": [
    "#cobblemon:is_arid",
    "#cobblemon:is_grassland",
    "#cobblemon:is_tundra",
    {
      "id": "#c:vegetation_sparse",
      "required": false 
    },
    {
      "id": "#forge:is_sparse",
      "required": false 
    },
    {
      "id": "#forge:is_sparse/overworld",
      "required": false 
    },
    {
      "id": "regions_unexplored:sparse_rainforest",
      "required": false
    },
    {
      "id": "regions_unexplored:sparse_redwoods",
      "required": false
    }
  ]
}
