{
  "replace": false,
  "values": [
    {
      "id": "regions_unexplored:chalk_cliffs",
      "required": false
    },
    {
      "id": "wythers:calcite_caverns",
      "required": false
    },
	{
      "id": "wythers:calcite_coast",
      "required": false
    },
	{
      "id": "wythers:mediterranean_island_thermal_spring",
      "required": false
    },
	{
      "id": "wythers:salt_lakes_pink",
      "required": false
    },
	{
      "id": "wythers:salt_lakes_turquoise",
      "required": false
    },
	{
      "id": "wythers:salt_lakes_white",
      "required": false
    },
	{
      "id": "wythers:thermal_taiga",
      "required": false
    }
  ]
}
