{
  "replace": false,
  "values": [
    "#minecraft:is_taiga",
    "minecraft:grove",
	{
      "id": "#c:tree_coniferous",
      "required": false
    },
	{
      "id": "#forge:is_coniferous",
      "required": false
    },
	{
      "id": "terralith:alpine_grove",
      "required": false
    },
	{
      "id": "terralith:haze_mountain",
      "required": false
    },
	{
      "id": "terralith:ice_marsh",
      "required": false
    },
	{
      "id": "terralith:moonlight_grove",
      "required": false
    },
	{
      "id": "terralith:moonlight_valley",
      "required": false
    },
	{
      "id": "terralith:shield_clearing",
      "required": false
    },
	{
      "id": "terralith:siberian_grove",
      "required": false
    },
	{
      "id": "terralith:siberian_taiga",
      "required": false
    },
	{
      "id": "terralith:snowy_maple_forest",
      "required": false
    },
	{
      "id": "terralith:snowy_shield",
      "required": false
    },
	{
      "id": "terralith:wintry_lowlands",
      "required": false
    },
	{
      "id": "wythers:ancient_taiga",
      "required": false
    },
	{
      "id": "wythers:birch_taiga",
      "required": false
    },
	{
      "id": "wythers:boreal_forest_red",
      "required": false
    },
	{
      "id": "wythers:boreal_forest_yellow",
      "required": false
    },
	{
      "id": "wythers:cold_island",
      "required": false
    },
	{
      "id": "wythers:deep_snowy_taiga",
      "required": false
    },
	{
      "id": "wythers:fen",
      "required": false
    },
	{
      "id": "wythers:flooded_temperate_rainforest",
      "required": false
    },
	{
      "id": "wythers:forested_highlands",
      "required": false
    },
	{
      "id": "wythers:huangshan_highlands",
      "required": false
    },
	{
      "id": "wythers:jade_highlands",
      "required": false
    },
	{
      "id": "wythers:larch_taiga",
      "required": false
    },
	{
      "id": "wythers:old_growth_taiga_crags",
      "required": false
    },
	{
      "id": "wythers:old_growth_taiga_swamp",
      "required": false
    },
	{
      "id": "wythers:pine_barrens",
      "required": false
    },
	{
      "id": "wythers:taiga_crags",
      "required": false
    },
	{
      "id": "wythers:temperate_rainforest",
      "required": false
    },
	{
      "id": "wythers:temperate_rainforest_crags",
      "required": false
    },
	{
      "id": "wythers:thermal_taiga",
      "required": false
    },
	{
      "id": "wythers:thermal_taiga_crags",
      "required": false
    },
    {
      "id": "wythers:snowy_thermal_taiga",
      "required": false
    }
  ]
}
