{
  "replace": false,
  "values": [
    {
      "id": "regions_unexplored:scorching_caves",
      "required": false
    },
    {
      "id": "terralith:caldera",
      "required": false
    },
	{
      "id": "terralith:cave/thermal_caves",
      "required": false
    },
	{
      "id": "terralith:yellowstone",
      "required": false
    },
    {
      "id": "wythers:calcite_caverns",
      "required": false
    },
	{
      "id": "wythers:mediterranean_island_thermal_springs",
      "required": false
    },
	{
      "id": "wythers:snowy_thermal_taiga",
      "required": false
    },
	{
      "id": "wythers:thermal_taiga_crags",
      "required": false
    },
	{
      "id": "wythers:thermal_taiga",
      "required": false
    },
	{
      "id": "wythers:tibesti_mountains",
      "required": false
    },
    {
      "id": "wythers:danakil_desert",
      "required": false
    }
  ]
}
