{
  "replace": false,
  "values": [
    {
      "id": "regions_unexplored:tropics",
      "required": false
    },
    {
      "id": "regions_unexplored:tropical_river",
      "required": false
    },
    {
      "id": "terrestria:volcanic_island",
      "required": false
    },
    {
      "id": "wythers:tropical_beach",
      "required": false
    },
    {
      "id": "wythers:tropical_island",
      "required": false
    },
    {
      "id": "wythers:tropical_volcano",
      "required": false
    }
  ]
}
