{
	"format_version": "1.8.0",
	"animations": {
		"animation.electrode_hisuian.ground_idle": {
			"loop": true,
			"animation_length": 2.04167,
			"bones": {
				"body": {
					"rotation": ["-math.sin(q.anim_time*90*2+90)*8", "math.sin(q.anim_time*90*45)*0.5*math.sin(q.anim_time*90*20)*1", "math.sin(q.anim_time*90*2)*8"],
					"position": ["math.sin(q.anim_time*90*2)*1", 0.5, "math.sin(q.anim_time*90*2+90)*1"]
				},
				"mouth": {
					"rotation": {
						"0.0": [0, 0, 0],
						"0.5833": [0, 0, 13.16],
						"1.2917": [0, 0, -10.23],
						"2.0417": [0, 0, 0]
					},
					"position": {
						"0.0": [0, 0, 0],
						"0.5": [0, -0.6, 0],
						"2.0417": [0, 0, 0]
					}
				},
				"eye_right": {
					"scale": {
						"0.0": [1, 1, 1],
						"1.0": [1.31, 1.3, 1],
						"2.0417": [1, 1, 1]
					}
				}
			}
		},
		"animation.electrode_hisuian.ground_walk": {
			"loop": true,
			"bones": {
				"body": {
					"rotation": ["q.anim_time*90*2.5", 0, 0],
					"position": [0, "math.clamp((math.sin(q.anim_time*90*4*2.5-90)*1+1)*5,0,2.5)+math.clamp((math.sin(q.anim_time*90*4*2.5-90)*1+1)*0.5,0,2)", 0]
				}
			}
		},
		"animation.electrode_hisuian.blink": {
			"animation_length": 0.54167,
			"bones": {
				"eyes": {
					"position": {
						"0.0": [0, -0.4, 0],
						"0.3333": [0, 0.2, 0]
					},
					"scale": [1, 0.99, 1]
				},
				"eye_right": {
					"scale": {
						"0.0": [1, 0.03, 1],
						"0.1667": [1, 0.03, 1],
						"0.3333": [1, 1, 1]
					}
				},
				"eye_left": {
					"scale": {
						"0.0": [1, 0.03, 1],
						"0.1667": [1, 0.03, 1],
						"0.3333": [1, 1, 1]
					}
				}
			}
		}
	}
}