{
    "head": "head",
    "portraitScale": 1.8,
    "portraitTranslation": [ -0.3, 0.9, 0 ],
    "profileScale": 0.4,
    "profileTranslation": [ 0, 0.8, 0 ],
    "cry":  "bedrock(decidueyehisui, cry)",
    "poses": {

      "battle-idle": {
        "poseName": "battle-idle",
        "transformTicks": 10,
        "poseTypes": [ "STAND" ],
        "isBattle": true,
        "animations": [
          "bedrock(decidueyehisui, battle_idle)"
        ],
        "quirks": [
          {
            "name": "blink",
            "animations": ["bedrock(decidueyehisui, blink)"]
          }
        ]
      },

      "walking": {
        "poseName": "walking",
        "transformTicks": 10,
        "poseTypes": [ "WALK" ],
        "transformedParts": [
         {
           "part": "wing_left1",
           "position": [0, 1, 0],
           "rotation": [0, 0, 0],
           "isVisible": false
         },
         {
           "part": "wing_right1",
           "position": [0, 0, 0],
           "rotation": [0, 0, 0],
           "isVisible": false
         },
         {
           "part": "folded_wings",
           "position": [0, 0, 0],
           "rotation": [0, 0, 0],
           "isVisible": true
         },
         {
           "part": "right_upper_coat",
           "position": [-5, -10, 0],
	   "rotation": [0, 0, 3],
           "isVisible": true
         },
         {
           "part": "left_upper_coat",
           "position": [5, -10, 0],
           "rotation": [0, 0, -3],
           "isVisible": true
         },
         {
           "part": "arrow",
           "position": [0, 1, 0],
           "rotation": [0, 0, 0],
           "isVisible": false
         }
       ],
        "animations": [
          "bedrock(decidueyehisui, ground_walk)"
        ],
        "quirks": [
          {
            "name": "blink",
            "animations": ["bedrock(decidueyehisui, blink)"]
          }
        ]
      },

      "standing": {
        "poseName": "standing",
        "transformTicks": 10,
        "poseTypes": [
          "STAND",
          "NONE",
          "PORTRAIT",
          "PROFILE"
        ],
	"transformedParts": [         
	 {
           "part": "arrow",
           "position": [0, 1, 0],
           "rotation": [0, 0, 0],
           "isVisible": false
         }
       ],
        "isBattle": false,
        "animations": [
          "bedrock(decidueyehisui, ground_idle)"
        ],
        "quirks": [
          {
            "name": "blink",
            "animations": ["bedrock(decidueyehisui, blink)"]
          }
        ]
      },

      "hovering": {
        "poseName": "hovering",
        "transformTicks": 10,
        "poseTypes": [ "HOVER" ],
        "transformedParts": [
         {
           "part": "wing_left1",
           "position": [1, -8, 0],
           "rotation": [0, 0, 0],
           "isVisible": true
         },
         {
           "part": "wing_right1",
           "position": [-1, -8, 0],
           "rotation": [0, 0, 0],
           "isVisible": true
         },
         {
           "part": "folded_wings",
           "position": [0, 1, 0],
           "rotation": [0, 0, 0],
           "isVisible": false
         },
         {
           "part": "right_upper_coat",
           "position": [0, 1, 0],
           "rotation": [0, 0, 0],
           "isVisible": false
         },
         {
           "part": "left_upper_coat",
           "position": [0, 1, 0],
           "rotation": [0, 0, 0],
           "isVisible": false
         },
         {
           "part": "arrow",
           "position": [0, 1, 0],
           "rotation": [0, 0, 0],
           "isVisible": false
         }
       ],
        "animations": [
          "bedrock(decidueyehisui, air_idle)"
        ],
        "quirks": [
          {
            "name": "blink",
            "animations": ["bedrock(decidueyehisui, blink)"]
          }
        ]
      },

      "flying": {
        "poseName": "flying",
        "transformTicks": 10,
        "poseTypes": [ "FLY" ],
        "transformedParts": [
         {
           "part": "wing_left1",
           "position": [1, -8, 0],
           "rotation": [0, 0, 0],
           "isVisible": true
         },
         {
           "part": "wing_right1",
           "position": [-1, -8, 0],
           "rotation": [0, 0, 0],
           "isVisible": true
         },
         {
           "part": "folded_wings",
           "position": [0, 1, 0],
           "rotation": [0, 0, 0],
           "isVisible": false
         },
         {
           "part": "right_upper_coat",
           "position": [0, 1, 0],
           "rotation": [0, 0, 0],
           "isVisible": false
         },
         {
           "part": "left_upper_coat",
           "position": [0, 1, 0],
           "rotation": [0, 0, 0],
           "isVisible": false
         },
         {
           "part": "arrow",
           "position": [0, 1, 0],
           "rotation": [0, 0, 0],
           "isVisible": false
         }
       ],
        "animations": [
          "bedrock(decidueyehisui, air_fly)"
        ],
        "quirks": [
          {
            "name": "blink",
            "animations": ["bedrock(decidueyehisui, blink)"]
          }
        ]
      }
    }
  }