{
	"format_version": "1.8.0",
	"animations": {
		"animation.trapinch.ground_walk": {
			"loop": true,
			"animation_length": 2,
			"override_previous_animation": true,
			"bones": {
				"Trapinch": {
					"rotation": [0, "0.4*Math.sin((query.anim_time * 180))+0.4", "-2.5*Math.sin((query.anim_time * 180))"],
					"position": [0, "0.3*Math.sin((query.anim_time * 360)-90)-0.1", 0]
				},
				"Head": {
					"rotation": ["3.75*Math.sin((query.anim_time * 360)-90)+3.75", "5*Math.sin((query.anim_time * 180))", "-2.5*Math.sin((query.anim_time * 180))"]
				},
				"Jaw": {
					"rotation": ["5*Math.sin((query.anim_time * 360)-90)+5", 0, 0]
				},
				"LeftFrontLeg": {
					"rotation": {
						"0.0": [15, 0, 0],
						"1.12": [-15, 0, 0],
						"1.96": [15, 0, 0]
					},
					"position": {
						"0.0": [0, "0.4*Math.sin((query.anim_time * 180))+0.4", "-1-Math.sin((query.anim_time * 180)-90)"],
						"1.12": [0, "0.4*Math.sin((query.anim_time * 180))+0.4", "1-Math.sin((query.anim_time * 180)-90)"],
						"1.96": [0, "0.4*Math.sin((query.anim_time * 180))+0.4", "-1-Math.sin((query.anim_time * 180)-90)"]
					}
				},
				"LeftBackLeg": {
					"rotation": {
						"0.0": [-15, 0, 0],
						"1.12": [15, 0, 0],
						"1.96": [-15, 0, 0]
					},
					"position": {
						"0.0": [0, "-0.4*Math.sin((query.anim_time * 180))+0.4", "1-Math.sin((query.anim_time * 180)+90)"],
						"1.12": [0, "-0.4*Math.sin((query.anim_time * 180))+0.4", "-1-Math.sin((query.anim_time * 180)+90)"],
						"1.96": [0, "-0.4*Math.sin((query.anim_time * 180))+0.4", "1-Math.sin((query.anim_time * 180)+90)"]
					}
				},
				"RightFrontLeg": {
					"rotation": {
						"0.0": [-15, 0, 0],
						"1.12": [15, 0, 0],
						"1.96": [-15, 0, 0]
					},
					"position": {
						"0.0": [0, "-0.4*Math.sin((query.anim_time * 180))+0.4", "1-Math.sin((query.anim_time * 180)+90)"],
						"1.12": [0, "-0.4*Math.sin((query.anim_time * 180))+0.4", "-1-Math.sin((query.anim_time * 180)+90)"],
						"1.96": [0, "-0.4*Math.sin((query.anim_time * 180))+0.4", "1-Math.sin((query.anim_time * 180)+90)"]
					}
				},
				"RightBackLeg": {
					"rotation": {
						"0.0": [15, 0, 0],
						"1.12": [-15, 0, 0],
						"1.96": [15, 0, 0]
					},
					"position": {
						"0.0": [0, "0.4*Math.sin((query.anim_time * 180))+0.4", "-1-Math.sin((query.anim_time * 180)-90)"],
						"1.12": [0, "0.4*Math.sin((query.anim_time * 180))+0.4", "1-Math.sin((query.anim_time * 180)-90)"],
						"1.96": [0, "0.4*Math.sin((query.anim_time * 180))+0.4", "-1-Math.sin((query.anim_time * 180)-90)"]
					}
				},
				"REyelid": {
					"position": [1, 0, 0]
				}
			}
		},
		"animation.trapinch.ground_idle": {
			"loop": true,
			"bones": {
				"Head": {
					"rotation": ["5*Math.sin((query.anim_time * 90)-90)+2", 0, 0]
				},
				"Jaw": {
					"rotation": ["5*Math.sin((query.anim_time * 90)-90)+5", 0, 0]
				},
				"bone": {
					"rotation": ["5*Math.sin((query.anim_time * 90)-60)+2", 0, 0]
				},
				"REyelid": {
					"position": [1, 0, 0]
				}
			}
		},
		"animation.trapinch.cry": {
			"loop": "hold_on_last_frame",
			"animation_length": 1,
			"bones": {
				"Head": {
					"rotation": {
						"0.0": [0, 0, 0],
						"0.25": [-17.5, 0, 0],
						"0.4167": [-22.5, 0, 0],
						"0.4583": [-17.5, 0, 0],
						"0.5": [-22.5, 0, 0],
						"0.5417": [-17.5, 0, 0],
						"0.5833": [-22.5, 0, 0],
						"0.75": [-17.5, 0, 0],
						"1.0": [0, 0, 0]
					}
				},
				"Jaw": {
					"rotation": {
						"0.0": [0, 0, 0],
						"0.25": [45, 0, 0],
						"0.4167": [47.5, 0, 0],
						"0.4583": [45, 0, 0],
						"0.5": [47.5, 0, 0],
						"0.5417": [45, 0, 0],
						"0.5833": [47.5, 0, 0],
						"0.75": [45, 0, 0],
						"1.0": [0, 0, 0]
					}
				},
				"REyelid": {
					"position": [2, 0, 0]
				}
			}
		},
		"animation.trapinch.faint": {
			"animation_length": 3,
			"bones": {
				"Trapinch": {
					"rotation": {
						"0.0": [0, 0, 0],
						"0.25": [-20, 0, 0],
						"0.5": [-42.5, 0, 0],
						"1.25": [-52.5, 0, 0],
						"1.5": [-42.5, 0, 0],
						"1.5833": [-25, 0, 0],
						"1.6667": [2.5, 0, 0],
						"1.75": [37.5, 0, 0],
						"1.8333": [60, 0, 0],
						"1.9167": [80, 0, 0],
						"2.5": [-7.5, 0, 0]
					},
					"position": {
						"0.0": [0, 0, 0],
						"2.5": [0, -2, 0]
					}
				},
				"Head": {
					"rotation": {
						"0.0": [0, 0, 0],
						"0.25": [27.5, 0, 0],
						"0.75": [-10, 0, 0],
						"1.0": [-32.5, 0, 0],
						"1.25": [-42.5, 0, 0],
						"1.5": [-32.5, 0, 0],
						"1.625": [-45, 0, 0],
						"1.75": [-57.5, 0, 0],
						"1.8333": [-86.67, 0, 0],
						"1.9167": [-104.41, 0, 0],
						"2.0417": [-65, 0, 0],
						"2.125": [-62.5, 0, 0],
						"2.2083": [-45, 0, 0],
						"2.375": [-27.5, 0, 0],
						"2.5417": [2.5, 0, 0]
					},
					"position": {
						"0.0": [0, 0, 0],
						"1.8333": [0, 0, -1.86],
						"2.0417": [0, 0, -1],
						"2.2083": [0, -0.33, -1],
						"2.375": [0, -2, -2],
						"2.5417": [0, -3, -3]
					}
				},
				"LEyelid": {
					"rotation": [0, 0, 0],
					"position": {
						"0.0": [0, 0, 0],
						"0.9583": [0, 0, 0],
						"1.0": [0.03, 0, 0]
					}
				},
				"REyelid": {
					"position": {
						"0.0": [2, 0, 0],
						"0.5": [0.96, 1, 0],
						"0.9583": [1.1, 2, 0],
						"1.0": [0.97, 1, 0]
					}
				},
				"Jaw": {
					"rotation": {
						"0.0": [0, 0, 0],
						"0.375": [0, 0, 0],
						"0.75": [42.5, 0, 0],
						"2.0": [17.5, 0, 0],
						"2.125": [0, 0, 0]
					}
				},
				"LeftFrontLeg": {
					"rotation": {
						"0.0": [0, 0, 0],
						"1.0": [-37.5, 0, 0],
						"1.5": [0, 0, 0],
						"2.5833": [0, 0, -75]
					},
					"position": {
						"0.0": [0, 0, 0],
						"2.5833": [0, -1, 0]
					}
				},
				"LeftBackLeg": {
					"rotation": {
						"0.0": [0, 0, 0],
						"0.5": [42.5, 0, 0],
						"2.5833": [21.42895, -0.6191, -63.93371]
					},
					"position": {
						"0.0": [0, 0, 0],
						"0.5": [0, 0, -1],
						"2.5833": [0, 0, 0]
					}
				},
				"RightFrontLeg": {
					"rotation": {
						"0.0": [0, 0, 0],
						"1.0": [-37.5, 0, 0],
						"2.5417": [-22.07885, -6.6152, 60.28381]
					},
					"position": {
						"0.0": [0, 0, 0],
						"2.5417": [1, -1, 1]
					}
				},
				"RightBackLeg": {
					"rotation": {
						"0.0": [0, 0, 0],
						"0.5": [42.5, 0, 0],
						"2.5417": [90.46346, -32.46527, -1.59176]
					},
					"position": {
						"0.0": [0, 0, 0],
						"0.5": [0, 0, -1]
					}
				},
				"bone": {
					"rotation": [7.5, 0, 0]
				}
			}
		}
	}
}