{
	"format_version": "1.8.0",
	"animations": {
		"animation.megamawile.ground_idle": {
			"loop": true,
			"animation_length": 55.25,
			"bones": {
				"arm_left": {
					"rotation": [0, "math.sin((query.anim_time-0.3)*90*1)", "50+math.cos((query.anim_time-0.3)*90*1)*2"]
				},
				"arm_left2": {
					"rotation": [0, "math.sin((query.anim_time-0.3)*90*1)*2", "-5+math.cos((query.anim_time-0.6)*90*1)*3"]
				},
				"finger_left": {
					"rotation": [9.61518, 4.6914, 26.2424]
				},
				"finger_left2": {
					"rotation": [0, 0, 25]
				},
				"finger_left3": {
					"rotation": [-8.19252, -2.60837, 25.90659]
				},
				"hair_left3": {
					"rotation": [10, 5, "15+math.sin((query.anim_time-0.3)*90*2)*2"]
				},
				"arm_right": {
					"rotation": [0, "-(math.sin((query.anim_time-0.3)*90*1))", "-50+(-math.cos((query.anim_time-0.3)*90*2)*1)"]
				},
				"arm_right2": {
					"rotation": [0, "-(math.sin((query.anim_time-0.3)*90*1)*2)", "5+(-math.cos((query.anim_time-0.6)*90*1)*3)"]
				},
				"finger_right": {
					"rotation": [9.61518, -4.6914, -26.2424]
				},
				"finger_right2": {
					"rotation": [9.61518, -4.6914, -26.2424]
				},
				"finger_right3": {
					"rotation": [9.61518, -4.6914, -26.2424]
				},
				"hair_right2": {
					"rotation": [10, -5, "-15+math.sin((query.anim_time-0.3)*90*2)*2"]
				},
				"torso": {
					"rotation": [0, "Math.cos((query.anim_time) * 90 * 1) * -5", 0]
				},
				"head": {
					"rotation": ["5+Math.cos((query.anim_time+0.5) * 90 * 1) * 3", "Math.cos((query.anim_time+0.3) * 90 * 1) * -4", 0]
				},
				"hair_left2": {
					"rotation": [10, 20, "65+math.sin((query.anim_time)*90*2)*2"]
				},
				"hair_left4": {
					"rotation": [10, -2, "10+math.sin((query.anim_time-0.6)*90*2)*2"]
				},
				"hair_right3": {
					"rotation": [10, -20, "-65+math.sin((query.anim_time)*90*2)*2"]
				},
				"mouth_left": {
					"rotation": ["-10+math.sin((query.anim_time)*90*1)*3", 10, 0]
				},
				"mouth_left2": {
					"rotation": ["-5+math.sin((query.anim_time-0.3)*90*1)*5", "5+math.sin((query.anim_time-0.3)*90*1)", 0]
				},
				"mouth_left3": {
					"rotation": ["-15+math.sin((query.anim_time-0.6)*90*1)*5", "10+math.sin((query.anim_time-0.6)*90*1)", 0]
				},
				"mouth_left4": {
					"rotation": ["-30+math.sin((query.anim_time-0.9)*90*2)", "10+math.sin((query.anim_time-0.9)*90*1)", 0]
				},
				"mouth_left6": {
					"rotation": ["-30+math.sin((query.anim_time-1.5)*90*2)*2", "math.sin((query.anim_time-1.5)*90*1)", 0]
				},
				"jaw_left": {
					"rotation": ["-10+math.sin((query.anim_time)*90*2) ", 0, 0]
				},
				"jaw_left2": {
					"rotation": ["60+math.sin((query.anim_time-0.3)*90*2) ", 0, 0]
				},
				"jaw_left3": {
					"rotation": ["-30+math.sin((query.anim_time-0.6)*90*2)", 0, 0]
				},
				"mouthtop_left": {
					"rotation": ["60+math.sin((query.anim_time-0.8)*90*2)*2", 0, 0]
				},
				"mouthtop_left2": {
					"rotation": ["-30+math.sin((query.anim_time-1.1)*90*2)*2", 0, 0]
				},
				"mouthtop_left3": {
					"rotation": ["40+math.sin((query.anim_time-1.4)*90*2)*2", 0, 0]
				},
				"mouthbone_left4": {
					"rotation": ["-30+math.sin((query.anim_time-0.6)*90*2)*3", 0, 0]
				},
				"mouthbone_left": {
					"rotation": ["-30+math.sin((query.anim_time)*90*2)*3", 0, 0]
				},
				"mouth_left5": {
					"rotation": ["-40+math.sin((query.anim_time-1.2)*90*2)*2", "10+math.sin((query.anim_time-1.2)*90*1)", 0]
				},
				"jaw_left4": {
					"rotation": ["40+math.sin((query.anim_time-0.9)*90*2)", 0, 0]
				},
				"mouth_right": {
					"rotation": ["-10-math.sin((query.anim_time-1)*90*1)*3", -10, 0]
				},
				"mouthbone_left2": {
					"rotation": ["-20+math.sin((query.anim_time-0.2)*90*2)*3", 0, 0]
				},
				"mouthbone_left3": {
					"rotation": ["-20+math.sin((query.anim_time-0.4)*90*2)*3", 0, 0]
				},
				"mouthbone_left5": {
					"rotation": ["-20+math.sin((query.anim_time-0.6)*90*2)*3", 0, 0]
				},
				"mouthbone_left6": {
					"rotation": ["-30+math.sin((query.anim_time-0.6)*90*2)*3", 0, 0]
				},
				"mouth_right2": {
					"rotation": ["-5+math.sin((query.anim_time-1.3)*90*1)", "-5+(-math.sin((query.anim_time-1.3)*90*1))", 0]
				},
				"mouth_right3": {
					"rotation": ["-15+math.sin((query.anim_time-1.6)*90*1)", "-10+math.sin((query.anim_time-1.6)*90*1)", 0]
				},
				"mouth_right4": {
					"rotation": ["-30+math.sin((query.anim_time-1.9)*90*2)", "-10+math.sin((query.anim_time-1.9)*90*1)", 0]
				},
				"mouth_right5": {
					"rotation": ["-40+math.sin((query.anim_time-2.2)*90*2)*2", "-10+math.sin((query.anim_time-2.2)*90*1)", 0]
				},
				"mouth_right6": {
					"rotation": ["-30+math.sin((query.anim_time-2.5)*90*2)*2", "-(math.sin((query.anim_time-2.5)*90*1))", 0]
				},
				"jaw_right": {
					"rotation": ["-10+math.sin((query.anim_time-1)*90*2) ", 0, 0]
				},
				"jaw_right2": {
					"rotation": ["60+math.sin((query.anim_time-1.3)*90*2) ", 0, 0]
				},
				"jaw_right3": {
					"rotation": ["-30+math.sin((query.anim_time-1.6)*90*2)", 0, 0]
				},
				"jaw_right4": {
					"rotation": ["40+math.sin((query.anim_time-1.9)*90*2)", 0, 0]
				},
				"mouthtop_right": {
					"rotation": ["60+math.sin((query.anim_time-1.8)*90*2)*2", 0, 0]
				},
				"mouthtop_right2": {
					"rotation": ["-30+math.sin((query.anim_time-2.1)*90*2)*2", 0, 0]
				},
				"mouthtop_right3": {
					"rotation": ["40+math.sin((query.anim_time-2.4)*90*2)*2", 0, 0]
				},
				"mouthbone_right": {
					"rotation": ["-30+math.sin((query.anim_time)*90*2)*3", 0, 0]
				},
				"mouthbone_right2": {
					"rotation": ["-20+math.sin((query.anim_time-0.2)*90*2)*3", 0, 0]
				},
				"mouthbone_right3": {
					"rotation": ["-20+math.sin((query.anim_time-0.4)*90*2)*3", 0, 0]
				},
				"mouthbone_right4": {
					"rotation": ["-30+math.sin((query.anim_time-0.6)*90*2)*3", 0, 0]
				},
				"mouthbone_right5": {
					"rotation": ["-20+math.sin((query.anim_time-0.6)*90*2)*3", 0, 0]
				},
				"mouthbone_right6": {
					"rotation": ["-30+math.sin((query.anim_time-0.6)*90*2)*3", 0, 0]
				},
				"bone": {
					"rotation": [10, 2, "-10+math.sin((query.anim_time-0.6)*90*2)*2"]
				},
				"bone2": {
					"rotation": [0, "math.sin((query.anim_time-0.3)*90*1)*2", "10+math.cos((query.anim_time-0.9)*90*2)*3"]
				},
				"bone3": {
					"rotation": [0, "-(math.sin((query.anim_time-0.3)*90*1)*2)", "-10+math.cos((query.anim_time-0.9)*90*2)*3"]
				}
			}
		},
		"animation.megamawile.battle_idle": {
			"loop": true,
			"bones": {
				"torso": {
					"rotation": [22.91112, 25.28118, 18.02005],
					"position": [-0.6, 0, 1.4]
				},
				"arm_left": {
					"rotation": [4.02231, "-14.6511+math.sin((query.anim_time-0.3)*90*1)", "39.7279+math.cos((query.anim_time-0.3)*90*1)*2"]
				},
				"arm_left2": {
					"rotation": [0.15768, "0.0138+math.sin((query.anim_time-0.3)*90*1)*2", "-15.0012+math.cos((query.anim_time-0.6)*90*1)*3"]
				},
				"finger_left": {
					"rotation": [6.88003, 6.1299, 15.97603]
				},
				"finger_left2": {
					"rotation": [0, 0, 15]
				},
				"finger_left3": {
					"rotation": [-5.85463, -3.83447, 15.71088]
				},
				"arm_right": {
					"rotation": [-1.1485, "12.4499-(math.sin((query.anim_time-0.3)*90*1))", "-55.1299+(-math.cos((query.anim_time-0.3)*90*2)*1)"]
				},
				"arm_right2": {
					"rotation": [0.15768, "-0.0138-(math.sin((query.anim_time-0.3)*90*1)*2)", "15.0012+(-math.cos((query.anim_time-0.6)*90*1)*3)"]
				},
				"finger_right": {
					"rotation": [9.61518, -4.6914, -26.2424]
				},
				"finger_right2": {
					"rotation": [9.61518, -4.6914, -26.2424]
				},
				"finger_right3": {
					"rotation": [9.61518, -4.6914, -26.2424]
				},
				"head": {
					"rotation": ["13.8942+math.sin((query.anim_time-1.5)*90*2)*2", -54.52696, -11.55252]
				},
				"hair_left3": {
					"rotation": [10, 5, "15+math.sin((query.anim_time-0.3)*90*2)*2"]
				},
				"hair_right2": {
					"rotation": [-5, -5, "-15+math.sin((query.anim_time-0.3)*90*2)*2"]
				},
				"leg_left": {
					"rotation": [-36.19714, -10.54794, -14.04397],
					"position": [-0.8, 0, 0]
				},
				"leg_right": {
					"rotation": [16.32669, -14.08064, 26.61046]
				},
				"mawile": {
					"rotation": [0, 132.5, 0],
					"position": [0, -1, 0]
				},
				"leg_left2": {
					"rotation": [29.78729, -3.74196, 6.50446]
				},
				"leg_right2": {
					"rotation": [-7.47178, -0.65182, -19.95744]
				},
				"hair_left2": {
					"rotation": [27.81972, 14.18939, "34.2184+math.sin((query.anim_time)*90*2)*2"]
				},
				"hair_left4": {
					"rotation": [10, -2, "10+math.sin((query.anim_time-0.6)*90*2)*2"]
				},
				"hair_right3": {
					"rotation": [7.13046, 13.40183, "-37.0546+math.sin((query.anim_time)*90*2)*2"]
				},
				"mouth_left": {
					"rotation": ["-15.5+math.sin((query.anim_time)*90*1)*3", 15, 0]
				},
				"mouth_left2": {
					"rotation": ["-5+math.sin((query.anim_time-0.3)*90*1)*5", "5+math.sin((query.anim_time-0.3)*90*1)", 0]
				},
				"mouth_left3": {
					"rotation": ["-15+math.sin((query.anim_time-0.6)*90*1)*5", "15+math.sin((query.anim_time-0.6)*90*1)", 0]
				},
				"mouth_left4": {
					"rotation": ["-30+math.sin((query.anim_time-0.9)*90*2)", "20+math.sin((query.anim_time-0.9)*90*1)", 0]
				},
				"mouth_left6": {
					"rotation": ["-20+math.sin((query.anim_time-1.5)*90*2)*2", "math.sin((query.anim_time-1.5)*90*1)", 0]
				},
				"jaw_left": {
					"rotation": ["-50+math.sin((query.anim_time)*90*2)*10", 0, 0]
				},
				"jaw_left2": {
					"rotation": ["60+math.sin((query.anim_time-0.3)*90*2)*5", 0, 0]
				},
				"jaw_left3": {
					"rotation": ["-30+math.sin((query.anim_time-0.6)*90*2)*5", 0, 0]
				},
				"mouthtop_left": {
					"rotation": ["60+math.sin((query.anim_time-0.8)*90*2)*5", 0, 0]
				},
				"mouthtop_left2": {
					"rotation": ["-30+math.sin((query.anim_time-1.1)*90*2)*5", 0, 0]
				},
				"mouthtop_left3": {
					"rotation": ["40+math.sin((query.anim_time-1.4)*90*2)*5", 0, 0]
				},
				"mouthbone_left4": {
					"rotation": ["-30+math.sin((query.anim_time-0.6)*90*2)*3", 0, 0]
				},
				"mouthbone_left": {
					"rotation": ["-30+math.sin((query.anim_time)*90*2)*3", 0, 0]
				},
				"bone2": {
					"rotation": [0.15768, "0.0138+math.sin((query.anim_time-0.3)*90*1)*2", "-0.0012+math.cos((query.anim_time-0.9)*90*2)*3"]
				},
				"bone3": {
					"rotation": [0.03961, "-0.0009-(math.sin((query.anim_time-0.3)*90*1)*2)", "-7.4997+math.cos((query.anim_time-0.9)*90*2)*3"]
				},
				"bone": {
					"rotation": [10, 2, "-10+math.sin((query.anim_time-0.6)*90*2)*2"]
				},
				"mouth_left5": {
					"rotation": ["-27.5+math.sin((query.anim_time-1.2)*90*2)*2", "20+math.sin((query.anim_time-1.2)*90*1)", 0]
				},
				"mouthbone_left2": {
					"rotation": ["-20+math.sin((query.anim_time-0.2)*90*2)*3", 0, 0]
				},
				"mouthbone_left3": {
					"rotation": ["-20+math.sin((query.anim_time-0.4)*90*2)*3", 0, 0]
				},
				"mouthbone_left5": {
					"rotation": ["-20+math.sin((query.anim_time-0.6)*90*2)*3", 0, 0]
				},
				"mouthbone_left6": {
					"rotation": ["-30+math.sin((query.anim_time-0.6)*90*2)*3", 0, 0]
				},
				"jaw_left4": {
					"rotation": ["40+math.sin((query.anim_time-0.9)*90*2)*5", 0, 0]
				},
				"mouth_right": {
					"rotation": ["-28.6456-math.sin((query.anim_time-1)*90*1)*3", 19.90624, -4.86934]
				},
				"mouth_right2": {
					"rotation": ["-10.3269+math.sin((query.anim_time-1.3)*90*1)", "-17.3612+(-math.sin((query.anim_time-1.3)*90*1))", 1.47364]
				},
				"mouth_right3": {
					"rotation": ["-20+math.sin((query.anim_time-1.6)*90*1)", "-10+math.sin((query.anim_time-1.6)*90*1)", 0]
				},
				"mouth_right4": {
					"rotation": ["-25+math.sin((query.anim_time-1.9)*90*2)", "-20+math.sin((query.anim_time-1.9)*90*1)", 0]
				},
				"mouth_right5": {
					"rotation": ["-40+math.sin((query.anim_time-2.2)*90*2)*2", "-10+math.sin((query.anim_time-2.2)*90*1)", 0]
				},
				"mouthbone_right": {
					"rotation": ["-30+math.sin((query.anim_time)*90*2)*3", 0, 0]
				},
				"mouthbone_right2": {
					"rotation": ["-20+math.sin((query.anim_time-0.2)*90*2)*3", 0, 0]
				},
				"mouthbone_right3": {
					"rotation": ["-20+math.sin((query.anim_time-0.4)*90*2)*3", 0, 0]
				},
				"mouthbone_right4": {
					"rotation": ["-30+math.sin((query.anim_time-0.6)*90*2)*3", 0, 0]
				},
				"mouthbone_right5": {
					"rotation": ["-20+math.sin((query.anim_time-0.6)*90*2)*3", 0, 0]
				},
				"mouthbone_right6": {
					"rotation": ["-30+math.sin((query.anim_time-0.6)*90*2)*3", 0, 0]
				},
				"mouth_right6": {
					"rotation": ["-5+math.sin((query.anim_time-2.5)*90*2)*2", "-(math.sin((query.anim_time-2.5)*90*1))", 0]
				},
				"jaw_right": {
					"rotation": ["-50+math.sin((query.anim_time-1)*90*2)*10", 0, 0]
				},
				"jaw_right2": {
					"rotation": ["60+math.sin((query.anim_time-1.3)*90*2)*5", 0, 0]
				},
				"jaw_right3": {
					"rotation": ["-30+math.sin((query.anim_time-1.6)*90*2)*5", 0, 0]
				},
				"jaw_right4": {
					"rotation": ["40+math.sin((query.anim_time-1.9)*90*2)*5", 0, 0]
				},
				"mouthtop_right": {
					"rotation": ["60+math.sin((query.anim_time-1.8)*90*2)*5", 0, 0]
				},
				"mouthtop_right2": {
					"rotation": ["-30+math.sin((query.anim_time-2.1)*90*2)*5", 0, 0]
				},
				"mouthtop_right3": {
					"rotation": ["40+math.sin((query.anim_time-2.4)*90*2)*5", 0, 0]
				},
				"bone4": {
					"rotation": [7.43656, -0.9762, 7.43656]
				},
				"bone5": {
					"rotation": [-12.39638, -1.61888, -7.32417]
				}
			}
		},
		"animation.megamawile.faint": {
			"loop": true,
			"animation_length": 3,
			"bones": {
				"body": {
					"rotation": {
						"0.0": [0, 170, 0],
						"0.0833": [0, 150, 0],
						"0.3333": [0, 162.5, 0],
						"0.4167": [0, 178.5, 0],
						"0.5": [0, 242.5, 0],
						"0.875": [-1, 245, 0],
						"0.9583": [4.375, 245, 0],
						"1.0833": [34.825, 245, 0],
						"1.1667": [89, 245, 0],
						"1.2083": [99, 245, 0],
						"1.2917": [89, 245, 0]
					},
					"position": {
						"0.0": [0, 0, 0],
						"0.0833": [2.25, 1.25, -2.25],
						"0.1667": [3.88, 0.25, -3.62],
						"0.25": [4.25, 0, -3.75],
						"0.4167": [3.225, 0, -3.075],
						"0.5": [-0.78, 0.75, -4.01],
						"0.5833": [-3.33, 0.8, -4.6],
						"0.6667": [-4.72, 0.05, -4.84],
						"0.7083": [-4.91, -0.05, -4.84],
						"0.8333": [-4.78, 0, -4.33],
						"0.9167": [-4.28, -0.125, -4.08],
						"1.0417": [-3.03, -0.62, -2.21],
						"1.1667": [0.22, -3, 0.67],
						"1.2083": [1.47, -4, 1.67],
						"1.2917": [2.47, -2.75, 2.17],
						"1.4167": [2.72, 2.25, 2.42]
					}
				},
				"torso": {
					"rotation": {
						"0.0": [0, -5, 0],
						"0.0833": [-15, -5, 0],
						"0.1667": [-20, -5, 0],
						"0.25": [-17, -5, 0],
						"0.375": [0, -5, 0],
						"0.5": [-15.5, -5, 0],
						"0.5833": [-20.5, -5, 0],
						"0.6667": [-18, -5, 0],
						"0.7917": [-0.5, -5, 0]
					}
				},
				"arm_left": {
					"rotation": {
						"0.0": [0, 0, 17.5],
						"0.2083": [0, 15, 17.5],
						"0.3333": [-5.68703, -0.20256, 3.41683],
						"0.4167": [-6.99012, 0.66472, 2.0396],
						"0.5417": [-9.78242, 39.17684, -4.75907],
						"0.7083": [-9.17181, 26.83982, -0.46949],
						"0.875": [-3.02467, 10.60906, 15.16891],
						"1.0417": [-3.28594, -9.16786, 15.10805],
						"1.125": [-3.22976, -36.0711, 18.06148],
						"1.1667": [-3.21343, -29.82578, 17.80673],
						"1.25": [-49.53191, 24.74836, 8.61244],
						"1.4583": [-48.93412, 17.80986, 7.58398],
						"1.5833": [-49.23087, 26.62877, 3.36424],
						"1.7083": [-59.05806, 40.11499, -8.48688]
					}
				},
				"arm_right": {
					"rotation": {
						"0.0": [0, 0, -37.5],
						"0.1667": [0, -45, -37.5],
						"0.2917": [-5.68703, -1.79744, -23.41683],
						"0.375": [-6.99012, -2.66472, -22.0396],
						"0.5": [-9.78242, -41.17684, -15.24093],
						"0.6667": [-9.17181, -28.83982, -19.53051],
						"0.8333": [-3.02467, -12.60906, -35.16891],
						"1.0": [-3.28594, 7.16786, -35.10805],
						"1.125": [-3.22976, 36.0711, -38.06148],
						"1.1667": [-3.21343, 29.82578, -37.80673],
						"1.25": [-49.53191, -24.74836, -8.61244],
						"1.4583": [-48.93412, -10.80986, -7.58398],
						"1.5833": [-49.23087, -15.12877, -3.36424],
						"1.7083": [-54.54436, -25.63116, -1.55182]
					}
				},
				"head": {
					"rotation": {
						"0.0": [0, -17.5, 0],
						"0.1667": [22.5, 20.5, 0],
						"0.375": [0, 32.25, 0],
						"0.4583": [12.5, 15.4, 0],
						"0.5833": [20, 36.5, 0],
						"0.6667": [23.62106, 20.53493, 4.0692],
						"0.75": [10.16664, 10.34632, 1.75651],
						"0.9167": [0, -2, 0],
						"1.3333": [0, -2, 0],
						"1.4167": [-11, -2, 0],
						"1.5417": [-15, -2, 0],
						"1.6667": [-17.5, -2, 0],
						"1.9583": [-15, -2, 0],
						"2.0833": [-5.75, -2, 0],
						"2.1667": [10, -2, 0],
						"2.25": [2.5, -2, 0]
					}
				},
				"hair_left": {
					"rotation": {
						"0.0": [0, 0, 45],
						"0.1667": [0, 27.5, 45],
						"0.2917": [0, 35, 45],
						"0.375": [0, 8.759, 45],
						"0.4583": [0, 5.51799, 45],
						"0.5": [0, 28.68466, 45],
						"0.5833": [0, 31.51799, 45],
						"0.6667": [0, 25.19299, 45],
						"0.7083": [0, -3.98201, 45],
						"0.75": [0, -20.98201, 45],
						"0.8333": [0, -15.73201, 45],
						"0.9167": [0, 1.76799, 45],
						"1.0833": [0, -23.23201, 45],
						"1.125": [0, -35.73201, 45],
						"1.2083": [0, 16.76799, 41.75],
						"1.3333": [0, -10.73201, 33.25],
						"1.4167": [5.65688, -17.36064, 26.63568],
						"1.5": [4.16987, -15.1828, 24.69402],
						"1.625": [0, 9.26799, 28.5],
						"2.0833": [0, 21.76799, 28.5]
					}
				},
				"hair_left3": {
					"rotation": {
						"0.0": [0, 0, 17.5],
						"0.2083": [0, 12.5, 17.5],
						"0.4583": [0, -10, 17.5],
						"0.625": [0, 17.5, 17.5],
						"0.7917": [0, -12.5, 17.5],
						"1.0": [0, -2.5, 17.5],
						"1.1667": [0, -17.5, 17.5],
						"1.25": [0, 12.5, 17.5],
						"1.4167": [0, 5, 17.5]
					}
				},
				"hair_right": {
					"rotation": {
						"0.0": [0, 0, -45],
						"0.125": [0, -27.5, -45],
						"0.25": [0, -35, -45],
						"0.3333": [0, -8.759, -45],
						"0.4167": [0, -5.51799, -45],
						"0.4583": [0, -28.68466, -45],
						"0.5417": [0, -43.51799, -45],
						"0.5833": [0, -32.26799, -45],
						"0.6667": [0, 3.98201, -45],
						"0.7083": [0, 8.98201, -45],
						"0.7917": [0, 0.73201, -45],
						"0.9167": [0, -1.76799, -45],
						"1.0833": [0, 23.23201, -45],
						"1.125": [0, 35.73201, -45],
						"1.2083": [0, -16.76799, -41.75],
						"1.3333": [0, 10.73201, -33.25],
						"1.4167": [5.65688, 17.36064, -26.63568],
						"1.5": [4.16987, 15.1828, -24.69402],
						"1.625": [0, -9.26799, -28.5],
						"2.0833": [0, 0.73201, -28.5]
					}
				},
				"hair_right2": {
					"rotation": {
						"0.0": [0, 0, -17.5],
						"0.1667": [0, -12.5, -17.5],
						"0.4167": [0, 10, -17.5],
						"0.5833": [0, -17.5, -17.5],
						"0.75": [0, 12.5, -17.5],
						"1.0": [0, 2.5, -17.5],
						"1.1667": [0, 17.5, -17.5],
						"1.25": [0, -12.5, -17.5],
						"1.4167": [0, -5, -17.5]
					}
				},
				"leg_left": {
					"rotation": {
						"0.0": [0, 4.5, 0],
						"0.2083": [-74, 4.5, 0],
						"0.25": [-67.66667, 4.5, 0],
						"0.2917": [-14, 4.5, 0],
						"0.375": [7.95768, -5.4419, -1.11798],
						"0.4167": [0.93652, -10.41285, -1.67698],
						"0.5417": [-30.06348, -10.41285, -1.67698],
						"0.625": [-37.56348, -10.41285, -1.67698],
						"0.6667": [-29.39681, -10.41285, -1.67698],
						"0.75": [1.93652, -10.41285, -1.67698],
						"0.9167": [6.43652, -10.41285, -1.67698],
						"1.125": [6.93652, -10.41285, -1.67698],
						"1.2083": [-11.56348, -10.41285, -1.67698],
						"1.2917": [-12.89681, -10.41285, -1.67698],
						"1.375": [-4.73015, -10.41285, -1.67698],
						"1.4583": [-1.56348, -10.41285, -1.67698],
						"1.5833": [-4.06348, -10.41285, -1.67698],
						"1.9167": [-5.31348, -10.41285, -1.67698]
					}
				},
				"leg_left2": {
					"rotation": {
						"0.0": [0, 0, 0],
						"0.1667": [15, 0, 0],
						"0.25": [22.5, 0, 0],
						"0.375": [0, -7.5, 0],
						"0.5417": [15, -7.5, 0],
						"0.7083": [2.5, -7.5, 0],
						"0.9583": [15, -7.5, 0],
						"1.1667": [-7.43548, -0.06343, -0.9762],
						"1.2917": [-4.93548, -0.06343, -0.9762]
					}
				},
				"leg_right": {
					"rotation": {
						"0.0": [0, 7.5, 0],
						"0.125": [-40, 7.5, 0],
						"0.1667": [-33.66667, 7.5, 0],
						"0.25": [6, 7.5, 0],
						"0.3333": [6.95768, 17.4419, 1.11798],
						"0.375": [-0.06348, 22.41285, 1.67698],
						"0.5": [-31.06348, 22.41285, 1.67698],
						"0.5833": [-38.56348, 22.41285, 1.67698],
						"0.625": [-30.39681, 22.41285, 1.67698],
						"0.7083": [0.93652, 22.41285, 1.67698],
						"0.9167": [6.43652, 22.41285, 1.67698],
						"1.125": [6.93652, 22.41285, 1.67698],
						"1.2083": [-11.56348, 22.41285, 1.67698],
						"1.2917": [-12.89681, 22.41285, 1.67698],
						"1.375": [-4.73015, 22.41285, 1.67698],
						"1.4583": [-1.56348, 22.41285, 1.67698],
						"1.5833": [-4.06348, 22.41285, 1.67698],
						"1.9167": [-5.31348, 22.41285, 1.67698]
					}
				},
				"leg_right2": {
					"rotation": {
						"0.0": [0, 0, 0],
						"0.125": [15, 0, 0],
						"0.2083": [22.5, 0, 0],
						"0.3333": [0, 7.5, 0],
						"0.5": [15, 7.5, 0],
						"0.6667": [2.5, 7.5, 0],
						"0.9167": [15, 7.5, 0],
						"1.1667": [-7.43548, 0.06343, 0.9762],
						"1.2917": [-4.93548, 0.06343, 0.9762]
					}
				},
				"arm_left2": {
					"rotation": {
						"0.0": [0, 0, 0],
						"0.1667": [24.75948, 41.92831, 34.61432],
						"0.375": [18.39981, 25.19848, 20.53004],
						"0.625": [8.94398, 16.30485, 22.9903],
						"1.0": [8.68672, 8.89318, 21.81338],
						"1.125": [8.62814, -5.93783, 19.56104],
						"1.25": [-31.05602, 26.80485, 14.2403],
						"1.4583": [-30.41114, 7.50631, -1.87505],
						"1.625": [-30.93642, 0.06408, -10.70535]
					}
				},
				"finger_left": {
					"rotation": [0, 0, 30]
				},
				"finger_left2": {
					"rotation": [0, 0, 40]
				},
				"finger_left3": {
					"rotation": [0, 0, 45]
				},
				"arm_right2": {
					"rotation": {
						"0.0": [0, 0, 0],
						"0.1667": [24.75948, -41.92831, -34.61432],
						"0.375": [18.39981, -25.19848, -20.53004],
						"0.625": [8.94398, -16.30485, -22.9903],
						"1.0": [8.68672, -8.89318, -21.81338],
						"1.125": [8.62814, 5.93783, -19.56104],
						"1.25": [-31.05602, -16.30485, -14.2403],
						"1.4583": [-30.41114, 2.99369, 1.87505],
						"1.625": [-31.62416, 7.83855, 6.37759]
					}
				},
				"finger_right": {
					"rotation": [0, 0, -30]
				},
				"finger_right2": {
					"rotation": [0, 0, -40]
				},
				"finger_right3": {
					"rotation": [0, 0, -45]
				},
				"eyelid_left": {
					"position": {
						"0.0": [0, 0, 0],
						"0.0417": [0.1, 0, -0.1],
						"0.25": [0.15, 0, -0.1],
						"0.2917": [0, 0, 0],
						"0.4167": [0, 0, 0],
						"0.4583": [0.125, 0, -0.1]
					}
				},
				"eyelid_right": {
					"position": {
						"0.0": [0, 0, 0],
						"0.0417": [-0.1, 0, -0.1],
						"0.25": [-0.1, 0, -0.1],
						"0.2917": [0, 0, 0],
						"0.4167": [0, 0, 0],
						"0.4583": [-0.1, 0, -0.1]
					}
				},
				"bone2": {
					"rotation": [0.15768, "0.0138+math.sin((query.anim_time-0.3)*90*1)*2", "-0.0012+math.cos((query.anim_time-0.9)*90*2)*3"]
				},
				"bone3": {
					"rotation": [0.3475, "-0.0691-(math.sin((query.anim_time-0.3)*90*1)*2)", "12.5025+math.cos((query.anim_time-0.9)*90*2)*3"]
				},
				"bone": {
					"rotation": [10, 2, "-10+math.sin((query.anim_time-0.6)*90*2)*2"]
				},
				"mouth_left": {
					"rotation": {
						"0.0": ["-10+math.sin((query.anim_time)*90*1)*3", 10, 0],
						"1.0": ["-27.5+math.sin((query.anim_time)*90*1)*3", 10, 0]
					}
				},
				"mouth_left2": {
					"rotation": ["-5+math.sin((query.anim_time-0.3)*90*1)*5", "5+math.sin((query.anim_time-0.3)*90*1)", 0]
				},
				"mouth_left3": {
					"rotation": {
						"0.0": ["-15+math.sin((query.anim_time-0.6)*90*1)*5", "10+math.sin((query.anim_time-0.6)*90*1)", 0],
						"1.0": ["-25+math.sin((query.anim_time-0.6)*90*1)*5", "10+math.sin((query.anim_time-0.6)*90*1)", 0],
						"1.0833": [-26.4062, 21.5757, -4.9299]
					}
				},
				"mouth_left4": {
					"rotation": {
						"0.0": ["-30+math.sin((query.anim_time-0.9)*90*2)", "10+math.sin((query.anim_time-0.9)*90*1)", 0],
						"1.0": ["-32.905+math.sin((query.anim_time-0.9)*90*2)", "25.0136+math.sin((query.anim_time-0.9)*90*1)", -9.4724],
						"1.1667": [-38.3993, 16.4491, -3.92987]
					}
				},
				"mouth_left5": {
					"rotation": {
						"0.0": ["-40+math.sin((query.anim_time-1.2)*90*2)*2", "10+math.sin((query.anim_time-1.2)*90*1)", 0],
						"1.1667": ["-46.0404+math.sin((query.anim_time-1.2)*90*2)*2", "28.3766+math.sin((query.anim_time-1.2)*90*1)", -18.05569],
						"2.25": [-56.9236, 32.6258, -14.96355]
					}
				},
				"mouthbone_left": {
					"rotation": {
						"0.0": ["-30+math.sin((query.anim_time)*90*2)*3", 0, 0],
						"0.875": ["-54.8507+math.sin((query.anim_time)*90*2)*3", -1.37213, -12.42565],
						"2.4583": ["-79.43+math.sin((query.anim_time)*90*2)*3", -1.37213, -12.42565]
					}
				},
				"mouthbone_left2": {
					"rotation": {
						"0.0": ["-20+math.sin((query.anim_time-0.2)*90*2)*3", 0, 0],
						"0.875": ["-17.5+math.sin((query.anim_time-0.2)*90*2)*3", 0, 0],
						"2.4583": ["-42.5+math.sin((query.anim_time-0.2)*90*2)*3", 0, 0]
					}
				},
				"mouthbone_left3": {
					"rotation": {
						"0.0": ["-20+math.sin((query.anim_time-0.4)*90*2)*3", 0, 0],
						"2.4583": ["-45+math.sin((query.anim_time-0.4)*90*2)*3", 0, 0]
					}
				},
				"mouthbone_left4": {
					"rotation": {
						"0.0": ["-30+math.sin((query.anim_time-0.6)*90*2)*3", 0, 0],
						"0.875": ["-41.8551+math.sin((query.anim_time-0.6)*90*2)*3", 7.1704, 10.26583],
						"2.4583": ["-60.5929+math.sin((query.anim_time-0.6)*90*2)*3", 9.93116, 34.13058]
					}
				},
				"mouthbone_left5": {
					"rotation": {
						"0.0": ["-20+math.sin((query.anim_time-0.6)*90*2)*3", 0, 0],
						"0.875": ["-21.0597+math.sin((query.anim_time-0.6)*90*2)*3", 19.01376, -6.32104],
						"2.4583": ["-40.7201+math.sin((query.anim_time-0.6)*90*2)*3", 19.01376, -6.32104]
					}
				},
				"mouthbone_left6": {
					"rotation": {
						"0.0": ["-30+math.sin((query.anim_time-0.6)*90*2)*3", 0, 0],
						"2.4583": ["-42.5+math.sin((query.anim_time-0.6)*90*2)*3", 0, 0]
					}
				},
				"mouth_left6": {
					"rotation": ["-30+math.sin((query.anim_time-1.5)*90*2)*2", "math.sin((query.anim_time-1.5)*90*1)", 0]
				},
				"jaw_left": {
					"rotation": {
						"0.0": ["-10+math.sin((query.anim_time)*90*2) ", 0, 0],
						"1.0833": [-22.0137, 4.803, 11.554]
					}
				},
				"jaw_left2": {
					"rotation": [60, 0, 0]
				},
				"jaw_left3": {
					"rotation": ["-30+math.sin((query.anim_time-0.6)*90*2)", 0, 0]
				},
				"jaw_left4": {
					"rotation": ["40+math.sin((query.anim_time-0.9)*90*2)", 0, 0]
				},
				"mouthtop_left": {
					"rotation": ["60+math.sin((query.anim_time-0.8)*90*2)*2", 0, 0]
				},
				"mouthtop_left2": {
					"rotation": ["-30+math.sin((query.anim_time-1.1)*90*2)*2", 0, 0]
				},
				"mouthtop_left3": {
					"rotation": ["40+math.sin((query.anim_time-1.4)*90*2)*2", 0, 0]
				},
				"mouth_right": {
					"rotation": {
						"0.0": ["-10-math.sin((query.anim_time-1)*90*1)*3", -10, 0],
						"1.0": ["-20-math.sin((query.anim_time-1)*90*1)*3", -10, 0]
					}
				},
				"mouth_right2": {
					"rotation": ["-5+math.sin((query.anim_time-1.3)*90*1)", "-5+(-math.sin((query.anim_time-1.3)*90*1))", 0]
				},
				"mouth_right3": {
					"rotation": {
						"0.0": ["-15+math.sin((query.anim_time-1.6)*90*1)", "-10+math.sin((query.anim_time-1.6)*90*1)", 0],
						"1.0": ["-25+math.sin((query.anim_time-1.6)*90*1)", "-10+math.sin((query.anim_time-1.6)*90*1)", 0],
						"1.1667": [-35, -10, 0]
					}
				},
				"mouth_right4": {
					"rotation": {
						"0.0": ["-30+math.sin((query.anim_time-1.9)*90*2)", "-10+math.sin((query.anim_time-1.9)*90*1)", 0],
						"1.1667": [-31.9209, -20.6479, 6.83247]
					}
				},
				"mouth_right5": {
					"rotation": {
						"0.0": ["-40+math.sin((query.anim_time-2.2)*90*2)*2", "-10+math.sin((query.anim_time-2.2)*90*1)", 0],
						"1.0": ["-37.3756+math.sin((query.anim_time-2.2)*90*2)*2", "-17.6326+math.sin((query.anim_time-2.2)*90*1)", -10.24732],
						"1.1667": [-44.0735, -36.4762, 4.09432],
						"2.25": [-49.0283, -40.3008, -0.01094]
					}
				},
				"mouthbone_right": {
					"rotation": {
						"0.0": [-30, 0, 0],
						"0.875": [-44.05613, -6.60796, -16.24074],
						"1.375": [-51.95716, -1.66537, -4.08702]
					}
				},
				"mouthbone_right2": {
					"rotation": {
						"0.0": [-20, 0, 0],
						"0.875": [-12.5, 0, 0],
						"1.375": [-37.5, 0, 0]
					}
				},
				"mouthbone_right3": {
					"rotation": {
						"0.0": [-20, 0, 0],
						"1.375": [-35.44641, 10.23484, 13.84916]
					}
				},
				"mouthbone_right4": {
					"rotation": {
						"0.0": [-30, 0, 0],
						"0.875": [-50, 0, 0]
					}
				},
				"mouthbone_right5": {
					"rotation": {
						"0.0": [-20, 0, 0],
						"0.875": [-5, 0, 0],
						"1.375": [-34.61986, -9.79934, 0.87078]
					}
				},
				"mouthbone_right6": {
					"rotation": {
						"0.0": [-30, 0, 0],
						"1.375": [-42.94897, -6.80566, -11.95575]
					}
				},
				"mouth_right6": {
					"rotation": ["-30+math.sin((query.anim_time-2.5)*90*2)*2", "-(math.sin((query.anim_time-2.5)*90*1))", 0]
				},
				"jaw_right": {
					"rotation": {
						"0.0": ["-10+math.sin((query.anim_time-1)*90*2) ", 0, 0],
						"1.0833": [-9.7733, -2.0987, -12.32532]
					}
				},
				"jaw_right2": {
					"rotation": [60, 0, 0]
				},
				"jaw_right3": {
					"rotation": [-30, 0, 0]
				},
				"jaw_right4": {
					"rotation": [40, 0, 0]
				},
				"mouthtop_right": {
					"rotation": [60, 0, 0]
				},
				"mouthtop_right2": {
					"rotation": [-30, 0, 0]
				},
				"mouthtop_right3": {
					"rotation": [40, 0, 0]
				}
			}
		},
		"animation.megamawile.ground_walk": {
			"loop": true,
			"animation_length": 1.5,
			"bones": {
				"leg_left": {
					"rotation": {
						"0.0": [-32.5, 0, 0],
						"0.1667": [-29.29, 0, 0],
						"0.4167": [-7.5, 0, 0],
						"0.9167": [25, 0, 0],
						"1.25": [-2.5, 0, 0],
						"1.4167": [-30, 0, 0],
						"1.5": [-32.5, 0, 0]
					}
				},
				"leg_left2": {
					"rotation": {
						"0.0": [-5, 0, 0],
						"0.125": [-6.79, 0, 0],
						"0.4167": [2.5, 0, 0],
						"0.9167": [16.5, 0, 0],
						"1.1667": [21.5, 0, 0],
						"1.25": [19.83, 0, 0],
						"1.375": [3.75, 0, 0],
						"1.5": [-5, 0, 0]
					}
				},
				"foot_left": {
					"rotation": {
						"0.0": [15, 0, 0],
						"0.4167": [5, 0, 0],
						"0.9167": [15, 0, 0],
						"1.25": [2.5, 0, 0],
						"1.5": [15, 0, 0]
					}
				},
				"leg_right": {
					"rotation": {
						"0.0": [12.81, 0, 0],
						"0.1667": [25, 0, 0],
						"0.5": [-2.5, 0, 0],
						"0.6667": [-30, 0, 0],
						"0.75": [-32.5, 0, 0],
						"0.9167": [-29.29, 0, 0],
						"1.1667": [-7.5, 0, 0],
						"1.5": [12.81, 0, 0]
					}
				},
				"leg_right2": {
					"rotation": {
						"0.0": [11.25, 0, 0],
						"0.1667": [16.5, 0, 0],
						"0.4167": [21.5, 0, 0],
						"0.5": [19.83, 0, 0],
						"0.625": [3.75, 0, 0],
						"0.75": [-5, 0, 0],
						"0.875": [-6.79, 0, 0],
						"1.1667": [2.5, 0, 0],
						"1.5": [11.25, 0, 0]
					}
				},
				"foot_right": {
					"rotation": {
						"0.0": [11.25, 0, 0],
						"0.1667": [15, 0, 0],
						"0.5": [2.5, 0, 0],
						"0.75": [15, 0, 0],
						"1.1667": [5, 0, 0],
						"1.5": [11.25, 0, 0]
					}
				},
				"torso": {
					"rotation": ["15+Math.cos((query.anim_time-0.5) * 90 * (8/3)*2) * 2", 0, 0],
					"position": [0, "0.25+Math.cos((query.anim_time) * 90 * (8/3)*2) * 0.2", 0]
				},
				"arm_left": {
					"rotation": [0, "-22.5+Math.cos((query.anim_time) * 90 * (8/3))*-10", "60+Math.cos((query.anim_time) * 90 * (8/3))*-3"]
				},
				"arm_left2": {
					"rotation": [0, 10, "-10+Math.cos((query.anim_time-0.2) * 90 * (8/3)) * -5"]
				},
				"finger_left": {
					"rotation": [0, 0, -20]
				},
				"finger_left2": {
					"rotation": [0, 0, -20]
				},
				"finger_left3": {
					"rotation": [0, 0, -25]
				},
				"arm_right": {
					"rotation": [0, "22.5+Math.cos((query.anim_time) * 90 * (8/3))*-10", "0-(60+Math.cos((query.anim_time) * 90 * (8/3))*-3)"]
				},
				"arm_right2": {
					"rotation": [0, -10, "10+(-Math.cos((query.anim_time-0.2) * 90 * (8/3)) * -5)"]
				},
				"finger_right": {
					"rotation": [0, 0, 20]
				},
				"finger_right2": {
					"rotation": [0, 0, 20]
				},
				"finger_right3": {
					"rotation": [0, 0, 25]
				},
				"head": {
					"rotation": ["-10.5+Math.cos((query.anim_time-0.4) * 90 * (8/3)*2) * -2", 0, 0]
				},
				"hair_left3": {
					"rotation": [0, -10, -10]
				},
				"hair_right2": {
					"rotation": [0, 10, 10]
				},
				"hair_left2": {
					"rotation": [9.0245, 1.54831, "69.3836+math.sin((query.anim_time)*90*(8/3)*2)*2"]
				},
				"hair_left4": {
					"rotation": [9.1562, -6.69696, "-6.0669+math.sin((query.anim_time-0.6)*90*(8/3)*2)*2"]
				},
				"hair_right3": {
					"rotation": [9.0245, -1.54831, "-69.3836+math.sin((query.anim_time)*90*(8/3)*2)*2"]
				},
				"mouth_left": {
					"rotation": ["-13.4884+math.sin((query.anim_time)*90*(8/3))*3", 19.24955, -3.92835]
				},
				"mouth_left2": {
					"rotation": ["-5+math.sin((query.anim_time-0.3)*90*(8/3))*5", "5+math.sin((query.anim_time-0.3)*90*(8/3))", 0]
				},
				"mouth_left3": {
					"rotation": ["-15+math.sin((query.anim_time-0.6)*90*(8/3))*5", "10+math.sin((query.anim_time-0.6)*90*(8/3))", 0]
				},
				"mouth_left4": {
					"rotation": ["-30+math.sin((query.anim_time-0.9)*90*(8/3))", "10+math.sin((query.anim_time-0.9)*90*(8/3))", 0]
				},
				"mouth_left6": {
					"rotation": ["-30+math.sin((query.anim_time-1.5)*90*(8/3))*2", "math.sin((query.anim_time-1.5)*90*(8/3))", 0]
				},
				"jaw_left": {
					"rotation": ["-10+math.sin((query.anim_time)*90*(8/3)) ", 0, 0]
				},
				"jaw_left2": {
					"rotation": ["60+math.sin((query.anim_time-0.3)*90*(8/3)) ", 0, 0]
				},
				"jaw_left3": {
					"rotation": ["-30+math.sin((query.anim_time-0.6)*90*(8/3))", 0, 0]
				},
				"mouthtop_left": {
					"rotation": ["60+math.sin((query.anim_time-0.8)*90*(8/3))*2", 0, 0]
				},
				"mouthtop_left2": {
					"rotation": ["-30+math.sin((query.anim_time-1.1)*90*(8/3))*2", 0, 0]
				},
				"mouthtop_left3": {
					"rotation": ["40+math.sin((query.anim_time-1.4)*90*(8/3))*2", 0, 0]
				},
				"mouthbone_left4": {
					"rotation": ["-30+math.sin((query.anim_time-0.6)*90*(8/3))*3", 0, 0]
				},
				"mouthbone_left": {
					"rotation": ["-30+math.sin((query.anim_time)*90*(8/3))*3", 0, 0]
				},
				"bone2": {
					"rotation": [0, 0, -10]
				},
				"bone3": {
					"rotation": [0, 0, 10]
				},
				"bone": {
					"rotation": [9.1562, 6.69696, "6.0669+math.sin((query.anim_time-0.6)*90*(8/3)*2)*2"]
				},
				"mouth_left5": {
					"rotation": ["-40+math.sin((query.anim_time-1.2)*90*(8/3))*2", "10+math.sin((query.anim_time-1.2)*90*(8/3))", 0]
				},
				"mouthbone_left2": {
					"rotation": ["-20+math.sin((query.anim_time-0.2)*90*(8/3))*3", 0, 0]
				},
				"mouthbone_left3": {
					"rotation": ["-20+math.sin((query.anim_time-0.4)*90*(8/3))*3", 0, 0]
				},
				"mouthbone_left5": {
					"rotation": ["-20+math.sin((query.anim_time-0.6)*90*(8/3))*3", 0, 0]
				},
				"mouthbone_left6": {
					"rotation": ["-30+math.sin((query.anim_time-0.6)*90*(8/3))*3", 0, 0]
				},
				"jaw_left4": {
					"rotation": ["40+math.sin((query.anim_time-0.9)*90*(8/3))", 0, 0]
				},
				"mouth_right": {
					"rotation": ["-18.7912-math.sin((query.anim_time-1)*90*(8/3))*3", -18.61905, 5.23543]
				},
				"mouth_right2": {
					"rotation": ["-5+math.sin((query.anim_time-1.3)*90*(8/3))", "-5+(-math.sin((query.anim_time-1.3)*90*(8/3)))", 0]
				},
				"mouth_right3": {
					"rotation": ["-15+math.sin((query.anim_time-1.6)*90*(8/3))", "-10+math.sin((query.anim_time-1.6)*90*(8/3))", 0]
				},
				"mouth_right4": {
					"rotation": ["-30+math.sin((query.anim_time-1.9)*90*(8/3))", "-10+math.sin((query.anim_time-1.9)*90*(8/3))", 0]
				},
				"mouth_right5": {
					"rotation": ["-40+math.sin((query.anim_time-2.2)*90*(8/3))*2", "-10+math.sin((query.anim_time-2.2)*90*(8/3))", 0]
				},
				"mouthbone_right": {
					"rotation": ["-30+math.sin((query.anim_time)*90*(8/3))*3", 0, 0]
				},
				"mouthbone_right2": {
					"rotation": ["-20+math.sin((query.anim_time-0.2)*90*(8/3))*3", 0, 0]
				},
				"mouthbone_right3": {
					"rotation": ["-20+math.sin((query.anim_time-0.4)*90*(8/3))*3", 0, 0]
				},
				"mouthbone_right4": {
					"rotation": ["-30+math.sin((query.anim_time-0.6)*90*(8/3))*3", 0, 0]
				},
				"mouthbone_right5": {
					"rotation": ["-20+math.sin((query.anim_time-0.6)*90*(8/3))*3", 0, 0]
				},
				"mouthbone_right6": {
					"rotation": ["-30+math.sin((query.anim_time-0.6)*90*(8/3))*3", 0, 0]
				},
				"mouth_right6": {
					"rotation": ["-30+math.sin((query.anim_time-2.5)*90*(8/3))*2", "-(math.sin((query.anim_time-2.5)*90*(8/3)))", 0]
				},
				"jaw_right": {
					"rotation": ["-10+math.sin((query.anim_time-1)*90*(8/3)) ", 0, 0]
				},
				"jaw_right2": {
					"rotation": ["60+math.sin((query.anim_time-1.3)*90*(8/3)) ", 0, 0]
				},
				"jaw_right3": {
					"rotation": ["-30+math.sin((query.anim_time-1.6)*90*(8/3))", 0, 0]
				},
				"jaw_right4": {
					"rotation": ["40+math.sin((query.anim_time-1.9)*90*(8/3))", 0, 0]
				},
				"mouthtop_right": {
					"rotation": ["60+math.sin((query.anim_time-1.8)*90*(8/3))*2", 0, 0]
				},
				"mouthtop_right2": {
					"rotation": ["-30+math.sin((query.anim_time-2.1)*90*(8/3))*2", 0, 0]
				},
				"mouthtop_right3": {
					"rotation": ["40+math.sin((query.anim_time-2.4)*90*(8/3))*2", 0, 0]
				}
			}
		}
	}
}