{
	"format_version": "1.12.0",
	"minecraft:geometry": [
		{
			"description": {
				"identifier": "geometry.megascizor",
				"texture_width": 128,
				"texture_height": 128,
				"visible_bounds_width": 6,
				"visible_bounds_height": 4.5,
				"visible_bounds_offset": [0, 1.75, 0]
			},
			"bones": [
				{
					"name": "scizor",
					"pivot": [0, 0, 0]
				},
				{
					"name": "body",
					"parent": "scizor",
					"pivot": [0, 0, 0]
				},
				{
					"name": "abdomen",
					"parent": "body",
					"pivot": [0, 19.5, 0],
					"cubes": [
						{"origin": [-4.5, 14.5, -4.5], "size": [9, 7, 9], "uv": [0, 0]},
						{"origin": [-3.5, 11.5, -3.5], "size": [7, 4, 7], "uv": [37, 41]},
						{"origin": [-1.5, 12.5, -4.5], "size": [3, 2, 1], "uv": [66, 45]}
					]
				},
				{
					"name": "upper_abdomen",
					"parent": "abdomen",
					"pivot": [0, 21.5, 0],
					"cubes": [
						{"origin": [-3.5, 20.5, -3.5], "size": [7, 3, 7], "uv": [0, 42]}
					]
				},
				{
					"name": "spine",
					"parent": "upper_abdomen",
					"pivot": [0, 23.5, 0],
					"cubes": [
						{"origin": [-2, 22.25, -2], "size": [4, 5, 4], "uv": [56, 58]}
					]
				},
				{
					"name": "thorax",
					"parent": "spine",
					"pivot": [0, 26, 0],
					"cubes": [
						{"origin": [-3.5, 28, -3.5], "size": [7, 5, 7], "uv": [34, 9]},
						{"origin": [-3, 26, -3], "size": [6, 2, 6], "uv": [34, 21]}
					]
				},
				{
					"name": "neck",
					"parent": "thorax",
					"pivot": [0, 33, 0],
					"rotation": [17.5, 0, 0],
					"cubes": [
						{"origin": [-1.5, 32, -1.5], "size": [3, 5, 3], "uv": [34, 62]}
					]
				},
				{
					"name": "head_pivot",
					"parent": "neck",
					"pivot": [0, 35, 0]
				},
				{
					"name": "head",
					"parent": "head_pivot",
					"pivot": [0, 34.90143, 0],
					"rotation": [0, -45, 0],
					"cubes": [
						{"origin": [-3.5, 35, -3.5], "size": [6, 6, 6], "uv": [0, 52]},
						{"origin": [-3.5, 36, -3.5], "size": [2, 5, 2], "inflate": 0.05, "uv": [0, 0]},
						{"origin": [-3.5, 41, -3.5], "size": [0, 2, 2], "uv": [27, 0]},
						{"origin": [-3.5, 41, -3.5], "size": [2, 2, 0], "uv": [27, 0]}
					]
				},
				{
					"name": "eyes",
					"parent": "head",
					"pivot": [-0.85355, 35.01444, 0.79777]
				},
				{
					"name": "left_eye",
					"parent": "eyes",
					"pivot": [-0.75, 37.35, -3.5],
					"rotation": [0, 0, -20],
					"cubes": [
						{"origin": [-1.5, 36.35, -3.5], "size": [2, 1, 0], "inflate": 0.005, "uv": [42, 29]},
						{"origin": [-2, 36.85, -3.5], "size": [3, 2, 0], "inflate": 0.01, "uv": [22, 35]},
						{"origin": [-2.5, 38.1, -3.5], "size": [4, 1, 0], "inflate": 0.025, "pivot": [-2, 38.1, -3.5], "rotation": [0, 0, -2.5], "uv": [24, 16]},
						{"origin": [-1.5, 39.1, -3.5], "size": [4, 1, 0], "inflate": 0.025, "pivot": [-2, 38.1, -3.5], "rotation": [0, 0, -2.5], "uv": [24, 16]},
						{"origin": [-1.5, 37.1, -3.5], "size": [2, 2, 0], "inflate": 0.015, "uv": [36, 14]},
						{"origin": [-1, 37.6, -3.5], "size": [1, 1, 0], "inflate": 0.02, "uv": [0, 1]}
					]
				},
				{
					"name": "right_eye",
					"parent": "eyes",
					"pivot": [-3.5, 37.35, -0.5],
					"rotation": [90, 70, 90],
					"cubes": [
						{"origin": [-4.67442, 36.37721, -0.5], "size": [2, 1, 0], "inflate": 0.005, "uv": [0, 42]},
						{"origin": [-5.17442, 36.87721, -0.5], "size": [3, 2, 0], "inflate": 0.01, "uv": [34, 25]},
						{"origin": [-5.67442, 38.12721, -0.5], "size": [4, 1, 0], "inflate": 0.025, "pivot": [-2.17442, 38.12721, -0.5], "rotation": [0, 0, 2.5], "uv": [34, 29]},
						{"origin": [-6.67442, 39.12721, -0.5], "size": [4, 1, 0], "inflate": 0.025, "pivot": [-2.17442, 38.12721, -0.5], "rotation": [0, 0, 2.5], "uv": [34, 29]},
						{"origin": [-4.67442, 37.12721, -0.5], "size": [2, 2, 0], "inflate": 0.015, "uv": [36, 12]},
						{"origin": [-4.17442, 37.62721, -0.5], "size": [1, 1, 0], "inflate": 0.02, "uv": [0, 0]}
					]
				},
				{
					"name": "closed",
					"parent": "eyes",
					"pivot": [-0.85355, 35.01444, 0.79777]
				},
				{
					"name": "left_eyelid",
					"parent": "closed",
					"pivot": [-0.75, 37.35, -3.4],
					"rotation": [0, 0, -20],
					"cubes": [
						{"origin": [-1.5, 36.35, -3.4], "size": [2, 1, 0], "inflate": 0.02, "uv": [22, 40]},
						{"origin": [-2, 36.85, -3.4], "size": [3, 2, 0], "inflate": 0.0225, "uv": [34, 23]}
					]
				},
				{
					"name": "right_eyelid",
					"parent": "closed",
					"pivot": [-3.4, 37.35, -0.5],
					"rotation": [90, 70, 90],
					"cubes": [
						{"origin": [-4.57442, 36.37721, -0.5], "size": [2, 1, 0], "inflate": 0.02, "uv": [22, 39]},
						{"origin": [-5.07442, 36.87721, -0.5], "size": [3, 2, 0], "inflate": 0.0225, "uv": [34, 21]}
					]
				},
				{
					"name": "left_crest",
					"parent": "head_pivot",
					"pivot": [3.85, 41.25, -0.75],
					"rotation": [22.5, 30, 0],
					"cubes": [
						{"origin": [2.85, 38.25, -1.75], "size": [1, 3, 4], "uv": [0, 64]},
						{"origin": [3.35, 39, 1.75], "size": [0, 2, 4], "inflate": 0.02, "uv": [60, 52]}
					]
				},
				{
					"name": "right_crest",
					"parent": "head_pivot",
					"pivot": [-3.85, 41.25, -0.75],
					"rotation": [22.5, -30, 0],
					"cubes": [
						{"origin": [-3.85, 38.25, -1.75], "size": [1, 3, 4], "uv": [49, 63]},
						{"origin": [-3.35, 39, 1.75], "size": [0, 2, 4], "inflate": 0.02, "uv": [58, 41]}
					]
				},
				{
					"name": "middle_crest",
					"parent": "head_pivot",
					"pivot": [0, 41, -1.25],
					"rotation": [-50, 0, 0],
					"cubes": [
						{"origin": [-1.5, 40.5, -1.25], "size": [3, 5, 1], "inflate": 0.01, "uv": [66, 29]},
						{"origin": [-1, 45.5, -0.75], "size": [2, 3, 0], "inflate": 0.02, "uv": [36, 9]},
						{"origin": [-0.5, 48.5, -0.75], "size": [1, 1, 0], "inflate": 0.01, "uv": [6, 0]}
					]
				},
				{
					"name": "right_shoulder",
					"parent": "thorax",
					"pivot": [-3.5, 31, 0],
					"rotation": [0, 0, 22.5],
					"cubes": [
						{"origin": [-7.30893, 25.26308, -2], "size": [6, 3, 4], "inflate": 0.01, "pivot": [-3.30893, 30.06308, 0], "rotation": [0, 0, 62.5], "uv": [55, 2]},
						{"origin": [-6.30893, 27.66308, -2], "size": [4, 3, 4], "pivot": [-3.30893, 30.06308, 0], "rotation": [0, 0, 62.5], "uv": [55, 9]}
					]
				},
				{
					"name": "right_upper_arm",
					"parent": "right_shoulder",
					"pivot": [-4.96194, 30.05866, 0],
					"rotation": [0, 0, -22.5],
					"cubes": [
						{"origin": [-9.96194, 29.05866, -1], "size": [6, 2, 2], "inflate": 0.01, "uv": [62, 16]}
					]
				},
				{
					"name": "right_lower_arm",
					"parent": "right_upper_arm",
					"pivot": [-9.96194, 30.05866, 1],
					"cubes": [
						{"origin": [-15.96194, 29.05866, -1], "size": [6, 2, 2], "uv": [58, 41]}
					]
				},
				{
					"name": "right_claw",
					"parent": "right_lower_arm",
					"pivot": [-14.96194, 30.05866, 0],
					"cubes": [
						{"origin": [-17.96194, 28.55866, -1.5], "size": [3, 3, 3], "uv": [62, 23]},
						{"origin": [-18.96194, 28.05866, -2.5], "size": [2, 1, 5], "uv": [53, 24]},
						{"origin": [-31.96194, 29.05866, -2.5], "size": [15, 6, 5], "inflate": 0.01, "uv": [29, 30]},
						{"origin": [-31.96194, 27.05866, -2.5], "size": [12, 2, 0], "inflate": 0.01, "uv": [52, 21]},
						{"origin": [-31.96194, 27.05866, 2.5], "size": [12, 2, 0], "inflate": 0.01, "uv": [27, 6]},
						{"origin": [-31.96194, 26.05866, -2.5], "size": [0, 3, 5], "inflate": 0.01, "uv": [43, 57]}
					]
				},
				{
					"name": "right_lower_claw",
					"parent": "right_claw",
					"pivot": [-18.96194, 29.05866, 0],
					"cubes": [
						{"origin": [-30.96194, 27.05866, -2], "size": [12, 2, 4], "uv": [27, 0]},
						{"origin": [-31.46194, 24.05866, 0], "size": [12, 3, 0], "uv": [76, 0]},
						{"origin": [-30.96194, 29.05866, -2], "size": [0, 2, 4], "uv": [0, 3]},
						{"origin": [-30.96194, 29.05866, -2], "size": [12, 1, 0], "uv": [27, 8]},
						{"origin": [-30.96194, 29.05866, 2], "size": [12, 1, 0], "uv": [0, 16]}
					]
				},
				{
					"name": "left_wing",
					"parent": "thorax",
					"pivot": [2.5, 30, 3]
				},
				{
					"name": "left_upper_wing",
					"parent": "left_wing",
					"pivot": [2.5, 32, 3.5],
					"cubes": [
						{"origin": [2.5, 28, 2.5], "size": [0, 9, 17], "uv": [0, 9]}
					]
				},
				{
					"name": "left_lower_wing",
					"parent": "left_wing",
					"pivot": [2.4, 29, 3.5],
					"cubes": [
						{"origin": [2.4, 25, 2.5], "size": [0, 7, 11], "uv": [22, 30]}
					]
				},
				{
					"name": "right_wing",
					"parent": "thorax",
					"pivot": [-2.5, 30, 3]
				},
				{
					"name": "right_upper_wing",
					"parent": "right_wing",
					"pivot": [-2.5, 32, 3.5],
					"cubes": [
						{"origin": [-2.5, 28, 2.5], "size": [0, 9, 17], "uv": [0, 0]}
					]
				},
				{
					"name": "right_lower_wing",
					"parent": "right_wing",
					"pivot": [-2.4, 29, 3.5],
					"cubes": [
						{"origin": [-2.4, 25, 2.5], "size": [0, 7, 11], "uv": [0, 24]}
					]
				},
				{
					"name": "left_shoulder",
					"parent": "thorax",
					"pivot": [3.5, 31, 0],
					"rotation": [0, 0, -22.5],
					"cubes": [
						{"origin": [1.30893, 25.26308, -2], "size": [6, 3, 4], "inflate": 0.01, "pivot": [3.30893, 30.06308, 0], "rotation": [0, 0, -62.5], "uv": [55, 2], "mirror": true},
						{"origin": [2.30893, 27.66308, -2], "size": [4, 3, 4], "pivot": [3.30893, 30.06308, 0], "rotation": [0, 0, -62.5], "uv": [55, 9], "mirror": true}
					]
				},
				{
					"name": "left_upper_arm",
					"parent": "left_shoulder",
					"pivot": [4.96194, 30.05866, 0],
					"rotation": [0, 0, 22.5],
					"cubes": [
						{"origin": [3.96194, 29.05866, -1], "size": [6, 2, 2], "inflate": 0.01, "uv": [62, 16], "mirror": true}
					]
				},
				{
					"name": "left_lower_arm",
					"parent": "left_upper_arm",
					"pivot": [9.96194, 30.05866, 1],
					"cubes": [
						{"origin": [9.96194, 29.05866, -1], "size": [6, 2, 2], "uv": [58, 41], "mirror": true}
					]
				},
				{
					"name": "left_claw",
					"parent": "left_lower_arm",
					"pivot": [14.96194, 30.05866, 0],
					"cubes": [
						{"origin": [14.96194, 28.55866, -1.5], "size": [3, 3, 3], "uv": [62, 23], "mirror": true},
						{"origin": [16.96194, 28.05866, -2.5], "size": [2, 1, 5], "uv": [53, 24], "mirror": true},
						{"origin": [16.96194, 29.05866, -2.5], "size": [15, 6, 5], "inflate": 0.01, "uv": [29, 30], "mirror": true},
						{"origin": [19.96194, 27.05866, -2.5], "size": [12, 2, 0], "inflate": 0.01, "uv": [52, 21], "mirror": true},
						{"origin": [19.96194, 27.05866, 2.5], "size": [12, 2, 0], "inflate": 0.01, "uv": [27, 6], "mirror": true},
						{"origin": [31.96194, 26.05866, -2.5], "size": [0, 3, 5], "inflate": 0.01, "uv": [43, 57], "mirror": true}
					]
				},
				{
					"name": "left_lower_claw",
					"parent": "left_claw",
					"pivot": [18.96194, 29.05866, 0],
					"cubes": [
						{"origin": [18.96194, 27.05866, -2], "size": [12, 2, 4], "uv": [27, 0], "mirror": true},
						{"origin": [30.96194, 29.05866, -2], "size": [0, 2, 4], "uv": [0, 3], "mirror": true},
						{"origin": [18.96194, 29.05866, -2], "size": [12, 1, 0], "uv": [27, 8], "mirror": true},
						{"origin": [18.96194, 29.05866, 2], "size": [12, 1, 0], "uv": [0, 16], "mirror": true},
						{"origin": [19.46194, 24.05866, 0], "size": [12, 3, 0], "uv": [76, 0], "mirror": true}
					]
				},
				{
					"name": "right_leg_joint",
					"parent": "body",
					"pivot": [-4.5, 19.5, 0],
					"rotation": [0, 0, 22.5],
					"cubes": [
						{"origin": [-8.30893, 17.56308, -3.2], "size": [5, 6, 4], "inflate": 0.01, "uv": [42, 52]}
					]
				},
				{
					"name": "right_upper_leg",
					"parent": "right_leg_joint",
					"pivot": [-5.96194, 18.80866, 0],
					"rotation": [-14.97546, 6.76746, -16.54403],
					"cubes": [
						{"origin": [-6.96194, 13.50866, -2.1], "size": [2, 5, 2], "pivot": [-5.96194, 18.80866, 0], "rotation": [0, 0, 3], "uv": [10, 64]}
					]
				},
				{
					"name": "right_lower_leg",
					"parent": "right_upper_leg",
					"pivot": [-5.96194, 14.20866, -1.3],
					"rotation": [30.22463, 2.72847, -4.84489],
					"cubes": [
						{"origin": [-6.96305, 10.13739, -3.0583], "size": [3, 4, 3], "pivot": [-6.26305, 11.13739, -2.7583], "rotation": [0, -35, 0], "uv": [62, 49]}
					]
				},
				{
					"name": "right_calf",
					"parent": "right_lower_leg",
					"pivot": [-6.26305, 7.13739, 0.2417],
					"rotation": [-7.5, 0, 0],
					"cubes": [
						{"origin": [-8.26305, 2.33739, -3.9583], "size": [4, 8, 5], "inflate": 0.1, "uv": [24, 48]}
					]
				},
				{
					"name": "right_foot",
					"parent": "right_calf",
					"pivot": [-5.76305, 1.13739, 0.2417],
					"rotation": [-7.5, 0, 0],
					"cubes": [
						{"origin": [-7.76844, -1.26265, -3.76264], "size": [3, 4, 4], "inflate": 0.01, "uv": [20, 61]}
					]
				},
				{
					"name": "front_claw2",
					"parent": "right_foot",
					"pivot": [-6.26305, -0.26261, -3.2583],
					"rotation": [100.5, 0, 0],
					"cubes": [
						{"origin": [-6.26844, -1.36768, -6.6676], "size": [0, 2, 2], "uv": [22, 35]},
						{"origin": [-6.76844, -1.36768, -4.6676], "size": [1, 2, 3], "uv": [43, 67]}
					]
				},
				{
					"name": "left_leg_joint",
					"parent": "body",
					"pivot": [4.5, 19.5, 0],
					"rotation": [0, 0, -22.5],
					"cubes": [
						{"origin": [3.30893, 17.56308, -3.2], "size": [5, 6, 4], "inflate": 0.01, "uv": [42, 52], "mirror": true}
					]
				},
				{
					"name": "left_upper_leg",
					"parent": "left_leg_joint",
					"pivot": [5.96194, 18.80866, 0],
					"rotation": [-14.97546, -6.76746, 16.54403],
					"cubes": [
						{"origin": [4.96194, 13.50866, -2.1], "size": [2, 5, 2], "pivot": [5.96194, 18.80866, 0], "rotation": [0, 0, -3], "uv": [10, 64], "mirror": true}
					]
				},
				{
					"name": "left_lower_leg",
					"parent": "left_upper_leg",
					"pivot": [5.96194, 14.30866, -0.5],
					"rotation": [30.22463, -2.72847, 4.84489],
					"cubes": [
						{"origin": [3.93341, 10.55375, -2.99927], "size": [3, 4, 3], "pivot": [6.23341, 11.55375, -2.69927], "rotation": [0, 35, 0], "uv": [62, 49], "mirror": true}
					]
				},
				{
					"name": "left_calf",
					"parent": "left_lower_leg",
					"pivot": [6.23341, 7.55375, 0.30073],
					"rotation": [-7.5, 0, 0],
					"cubes": [
						{"origin": [4.23341, 2.75375, -3.89927], "size": [4, 8, 5], "inflate": 0.1, "uv": [24, 48], "mirror": true}
					]
				},
				{
					"name": "left_foot",
					"parent": "left_calf",
					"pivot": [5.73341, 1.55375, 0.30073],
					"rotation": [-7.5, 0, 0],
					"cubes": [
						{"origin": [4.73879, -0.84629, -3.70361], "size": [3, 4, 4], "inflate": 0.01, "uv": [20, 61], "mirror": true}
					]
				},
				{
					"name": "front_claw3",
					"parent": "left_foot",
					"pivot": [6.23341, 0.15375, -3.19927],
					"rotation": [100.5, 0, 0],
					"cubes": [
						{"origin": [6.23879, -0.95132, -6.60857], "size": [0, 2, 2], "uv": [22, 35], "mirror": true}
					]
				},
				{
					"name": "front_claw4",
					"parent": "left_foot",
					"pivot": [6.23341, 0.15375, -3.19927],
					"rotation": [100.5, 0, 0],
					"cubes": [
						{"origin": [5.73879, -0.95132, -4.60857], "size": [1, 2, 3], "uv": [43, 67], "mirror": true}
					]
				}
			]
		}
	]
}