{
  "name": "Aqua Grunt Jellie",
  "identity": "Team Aqua Grunt",
  "ai": {
    "type": "rct",
    "data": {
      "moveBias": 1,
      "statMoveBias": 0.1,
      "switchBias": 0.65,
      "itemBias": 1,
      "maxSelectMargin": 0.15
    }
  },
  "battleFormat": "GEN_9_DOUBLES",
  "bag": [
    {
      "item": "cobblemon:hyper_potion",
      "quantity": 2
    }
  ],
  "team": [
    {
      "species": "jellicent",
      "gender": "FEMALE",
      "level": 60,
      "nature": "timid",
      "ability": "waterabsorb",
      "moveset": [
        "taunt",
        "willowisp",
        "recover",
        "surf"
      ],
      "ivs": {
        "hp": 31,
        "atk": 0,
        "def": 31,
        "spa": 31,
        "spd": 31,
        "spe": 31
      },
      "evs": {
        "hp": 248,
        "atk": 0,
        "def": 124,
        "spa": 0,
        "spd": 0,
        "spe": 136
      },
      "heldItem": "cobblemon:leftovers"
    },
    {
      "species": "tentacruel",
      "gender": "MALE",
      "level": 62,
      "nature": "jolly",
      "ability": "liquidooze",
      "moveset": [
        "surf",
        "rapidspin",
        "knockoff",
        "haze"
      ],
      "evs": {
        "hp": 252,
        "atk": 0,
        "def": 120,
        "spa": 0,
        "spd": 0,
        "spe": 136
      },
      "heldItem": "cobblemon:leftovers"
    },
    {
      "species": "overqwil",
      "gender": "MALE",
      "level": 64,
      "nature": "jolly",
      "ability": "intimidate",
      "moveset": [
        "spikes",
        "barbbarrage",
        "surf",
        "taunt"
      ],
      "evs": {
        "hp": 252,
        "atk": 0,
        "def": 4,
        "spa": 0,
        "spd": 0,
        "spe": 252
      },
      "heldItem": "cobblemon:leftovers"
    },
    {
      "species": "gastrodon",
      "gender": "MALE",
      "level": 65,
      "nature": "sassy",
      "ability": "stormdrain",
      "moveset": [
        "earthpower",
        "icebeam",
        "stealthrock",
        "recover"
      ],
      "ivs": {
        "hp": 31,
        "atk": 0,
        "def": 31,
        "spa": 31,
        "spd": 31,
        "spe": 31
      },
      "evs": {
        "hp": 252,
        "atk": 0,
        "def": 4,
        "spa": 0,
        "spd": 252,
        "spe": 0
      },
      "heldItem": "cobblemon:heavy_duty_boots"
    }
  ]
}