{
  "name": "Leader Roxanne",
  "identity": "Leader Roxanne",
  "ai": {
    "type": "rct",
    "data": {
      "maxSelectMargin": 0.15
    }
  },
  "battleRules": {
    "maxItemUses": 2
  },
  "bag": [
    {
      "item": "cobblemon:full_restore",
      "quantity": 2
    }
  ],
  "team": [
    {
      "species": "probopass",
"level": 28,
      "ability": "sturdy",
      "evs": {
        "hp": 100,
        "atk": 0,
        "def": 4,
        "spa": 0,
        "spd": 100,
        "spe": 0
      },
      "ivs": {
        "hp": 31,
        "atk": 31,
        "def": 31,
        "spa": 31,
        "spd": 31,
        "spe": 31
      },
      "moveset": [
        "thunderwave",
        "powergem",
        "rockslide",
        "protect"
      ],
      "heldItem": "leftovers"
    },
    {
      "species": "cradily",
"level": 24,
      "ability": "stormdrain",
      "evs": {
        "hp": 100,
        "atk": 0,
        "def": 4,
        "spa": 0,
        "spd": 60,
        "spe": 0
      },
      "ivs": {
        "hp": 31,
        "atk": 31,
        "def": 31,
        "spa": 31,
        "spd": 31,
        "spe": 31
      },
      "moveset": [
        "recover",
        "gigadrain",
        "rockslide",
        "stealthrock"
      ],
      "heldItem": "leftovers"
    },
    {
      "species": "relicanth",
"level": 26,
      "ability": "rockhead",
      "evs": {
        "hp": 0,
        "atk": 60,
        "def": 4,
        "spa": 0,
        "spd": 0,
        "spe": 100
      },
      "ivs": {
        "hp": 31,
        "atk": 31,
        "def": 31,
        "spa": 31,
        "spd": 31,
        "spe": 31
      },
      "moveset": [
        "headsmash",
        "waterfall",
        "earthquake",
        "protect"
      ],
      "heldItem": "weakness_policy"
    },
    {
      "species": "lycanroc",
"level": 26,
      "ability": "steadfast",
      "evs": {
        "hp": 0,
        "atk": 60,
        "def": 4,
        "spa": 0,
        "spd": 0,
        "spe": 100
      },
      "ivs": {
        "hp": 31,
        "atk": 31,
        "def": 31,
        "spa": 31,
        "spd": 31,
        "spe": 31
      },
      "moveset": [
        "stoneedge",
        "closecombat",
        "accelerock",
        "crunch"
      ],
      "heldItem": "life_orb"
    },
    {
      "species": "runerigus",
"level": 28,
      "ability": "wanderingspirit",
      "evs": {
        "hp": 100,
        "atk": 4,
        "def": 0,
        "spa": 0,
        "spd": 60,
        "spe": 0
      },
      "ivs": {
        "hp": 31,
        "atk": 31,
        "def": 31,
        "spa": 31,
        "spd": 31,
        "spe": 31
      },
      "moveset": [
        "shadowclaw",
        "earthquake",
        "destinybond",
        "curse"
      ],
      "heldItem": "assault_vest"
    },
    {
      "species": "naclstack",
"level": 27,
      "ability": "purifyingsalt",
      "evs": {
        "hp": 100,
        "atk": 40,
        "def": 100,
        "spa": 0,
        "spd": 0,
        "spe": 0
      },
      "ivs": {
        "hp": 31,
        "atk": 31,
        "def": 31,
        "spa": 31,
        "spd": 31,
        "spe": 31
      },
      "moveset": [
        "saltcure",
        "bodypress",
        "protect",
        "stealthrock"
      ],
      "heldItem": "eviolite",
      "nature": "impish"
    }
  ]
}