{
  "name": "Hoenn Leader Brawly",
  "identity": "Leader Brawly",
  "ai": {
    "type": "rct",
    "data": {
      "maxSelectMargin": 0.15
    }
  },
  "battleRules": {
    "maxItemUses": 2
  },
  "bag": [
    {
      "item": "cobblemon:full_restore",
      "quantity": 2
    }
  ],
   "team": [
    {
      "species": "hariyama",
"level": 34,
      "ability": "thickfat",
      "evs": {
        "hp": 100,
        "atk": 60,
        "def": 4,
        "spa": 0,
        "spd": 0,
        "spe": 0
      },
      "ivs": {
        "hp": 31,
        "atk": 31,
        "def": 31,
        "spa": 31,
        "spd": 31,
        "spe": 31
      },
      "moveset": [
        "closecombat",
        "knockoff",
        "vitalthrow",
        "icepunch"
      ],
      "heldItem": "assault_vest"
    },
    {
      "species": "throh",
"level": 34,
      "ability": "guts",
      "evs": {
        "hp": 100,
        "atk": 4,
        "def": 40,
        "spa": 0,
        "spd": 0,
        "spe": 0
      },
      "ivs": {
        "hp": 31,
        "atk": 31,
        "def": 31,
        "spa": 31,
        "spd": 31,
        "spe": 31
      },
      "moveset": [
        "stormthrow",
        "bulkup",
        "circlethrow",
        "fling"
      ],
      "heldItem": "flame_orb"
    },
    {
      "species": "grapploct",
"level": 31,
      "ability": "technician",
      "evs": {
        "hp": 0,
        "atk": 100,
        "def": 4,
        "spa": 0,
        "spd": 0,
        "spe": 60
      },
      "ivs": {
        "hp": 31,
        "atk": 31,
        "def": 31,
        "spa": 31,
        "spd": 31,
        "spe": 31
      },
      "moveset": [
        "liquidation",
        "closecombat",
        "circlethrow",
        "icepunch"
      ],
      "heldItem": "assault_vest"
    },
    {
      "species": "poliwrath",
"level": 34,
      "ability": "waterabsorb",
      "evs": {
        "hp": 100,
        "atk": 4,
        "def": 60,
        "spa": 0,
        "spd": 0,
        "spe": 0
      },
      "ivs": {
        "hp": 31,
        "atk": 31,
        "def": 31,
        "spa": 31,
        "spd": 31,
        "spe": 31
      },
      "moveset": [
        "closecombat",
        "darkestlariat",
        "circlethrow",
        "bulkup"
      ],
      "heldItem": "rocky_helmet"
    },
    {
      "species": "machamp",
"level": 32,
      "ability": "guts",
      "evs": {
        "hp": 0,
        "atk": 252,
        "def": 4,
        "spa": 0,
        "spd": 0,
        "spe": 0
      },
      "ivs": {
        "hp": 0,
        "atk": 31,
        "def": 0,
        "spa": 31,
        "spd": 0,
        "spe": 0
      },
      "moveset": [
        "closecombat",
        "knockoff",
        "protect",
        "earthquake"
      ],
      "heldItem": "flame_orb"
    },
    {
      "species": "pangoro",
"level": 32,
      "ability": "ironfist",
      "evs": {
        "hp": 0,
        "atk": 100,
        "def": 4,
        "spa": 0,
        "spd": 40,
        "spe": 0
      },
      "ivs": {
        "hp": 31,
        "atk": 31,
        "def": 31,
        "spa": 31,
        "spd": 31,
        "spe": 31
      },
      "moveset": [
        "bulkup",
        "stormthrow",
        "darkestlariat",
        "bulletpunch"
      ],
      "heldItem": "quick_claw"
    }
  ]
}