{
  "name": "Hoenn Elite Four Sidney",
  "ai": {
    "type": "rct",
    "data": {
      "moveBias": 0.9,
      "statMoveBias": 0.6,
      "switchBias": 0.75,
      "itemBias": 0.8,
      "maxSelectMargin": 0.2
    }
  },
  "battleFormat": "GEN_9_SINGLES",
  "battleRules": {
    "maxItemUses": 3
  },
  "bag": [
    {
      "item": "cobblemon:full_restore",
      "quantity": 2
    },
    {
      "item": "cobblemon:max_potion",
      "quantity": 1
    }
  ],
  "team": [
    {
      "species": "scrafty",
      "gender": "MALE",
      "level": 75,
      "nature": "adamant",
      "ability": "moxie",
      "moveset": [
        "highjumpkick",
        "knockoff",
        "drainpunch",
        "dragondance"
      ],
      "ivs": {
        "hp": 31,
        "atk": 31,
        "def": 31,
        "spa": 28,
        "spd": 31,
        "spe": 31
      },
      "evs": {
        "hp": 252,
        "atk": 252,
        "spd": 4
      },
      "heldItem": "cobblemon:assault_vest"
    },
    {
      "species": "shiftry",
      "gender": "MALE",
      "level": 76,
      "nature": "jolly",
      "ability": "chlorophyll",
      "moveset": [
        "leafblade",
        "knockoff",
        "swordsdance",
        "suckerpunch"
      ],
      "ivs": {
        "hp": 31,
        "atk": 31,
        "def": 28,
        "spa": 28,
        "spd": 28,
        "spe": 31
      },
      "evs": {
        "atk": 252,
        "spd": 4,
        "spe": 252
      },
      "heldItem": "cobblemon:life_orb"
    },
    {
      "species": "absol",
      "gender": "FEMALE",
      "aspects": [
        "mega"
      ],
      "level": 77,
      "nature": "jolly",
      "ability": "superluck",
      "moveset": [
        "nightslash",
        "playrough",
        "swordsdance",
        "suckerpunch"
      ],
      "ivs": {
        "hp": 31,
        "atk": 31,
        "def": 28,
        "spa": 28,
        "spd": 28,
        "spe": 31
      },
      "evs": {
        "atk": 252,
        "spd": 4,
        "spe": 252
      }
    },
    {
      "species": "sharpedo",
      "gender": "MALE",
      "level": 78,
      "nature": "adamant",
      "ability": "speedboost",
      "moveset": [
        "crunch",
        "waterfall",
        "protect",
        "closecombat"
      ],
      "ivs": {
        "hp": 31,
        "atk": 31,
        "def": 28,
        "spa": 28,
        "spd": 28,
        "spe": 31
      },
      "evs": {
        "atk": 252,
        "spd": 4,
        "spe": 252
      },
      "heldItem": "cobblemon:focus_sash"
    },
    {
      "species": "mandibuzz",
      "gender": "FEMALE",
      "level": 79,
      "nature": "bold",
      "ability": "overcoat",
      "moveset": [
        "foulplay",
        "roost",
        "toxic",
        "defog"
      ],
      "ivs": {
        "hp": 31,
        "atk": 28,
        "def": 31,
        "spa": 28,
        "spd": 31,
        "spe": 31
      },
      "evs": {
        "hp": 252,
        "def": 252,
        "spd": 4
      },
      "heldItem": "cobblemon:leftovers"
    },
    {
      "species": "zoroark",
      "gender": "MALE",
      "level": 80,
      "nature": "timid",
      "ability": "illusion",
      "moveset": [
        "darkpulse",
        "nastyplot",
        "flamethrower",
        "focusblast"
      ],
      "ivs": {
        "hp": 31,
        "atk": 28,
        "def": 28,
        "spa": 31,
        "spd": 28,
        "spe": 31
      },
      "evs": {
        "spa": 252,
        "spd": 4,
        "spe": 252
      },
      "heldItem": "cobblemon:choice_specs"
    }
  ]
}