{
  "name": "Hoenn Elite Four Glacia",
  "ai": {
    "type": "rct",
    "data": {
      "moveBias": 0.9,
      "statMoveBias": 0.5,
      "switchBias": 0.7,
      "itemBias": 0.85,
      "maxSelectMargin": 0.1
    }
  },
  "battleFormat": "GEN_9_SINGLES",
  "battleRules": {
    "maxItemUses": 3
  },
  "bag": [
    {
      "item": "cobblemon:full_restore",
      "quantity": 2
    },
    {
      "item": "cobblemon:full_heal",
      "quantity": 1
    }
  ],
  "team": [
    {
      "species": "glalie",
      "aspects": [
        "mega"
      ], 
      "gender": "MALE",
      "level": 85,
      "nature": "jolly",
      "ability": "refrigerate",
      "moveset": [
        "icebeam",
        "earthquake",
        "explosion",
        "protect"
      ],
      "ivs": {
        "hp": 31,
        "atk": 31,
        "def": 28,
        "spa": 31,
        "spd": 28,
        "spe": 31
      },
      "evs": {
        "atk": 252,
        "spa": 4,
        "spe": 252
      },
      "heldItem": "cobblemon:focus_sash"
    },
    {
      "species": "froslass",
      "gender": "FEMALE",
      "level": 86,
      "nature": "timid",
      "ability": "snowcloak",
      "moveset": [
        "shadowball",
        "icebeam",
        "destinybond",
        "thunderwave"
      ],
      "ivs": {
        "hp": 31,
        "atk": 28,
        "def": 28,
        "spa": 31,
        "spd": 28,
        "spe": 31
      },
      "evs": {
        "hp": 4,
        "spa": 252,
        "spe": 252
      },
      "heldItem": "cobblemon:focus_sash"
    },
    {
      "species": "mrrime",
      "gender": "MALE",
      "level": 87,
      "nature": "modest",
      "ability": "icebody",
      "moveset": [
        "psychic",
        "blizzard",
        "thunderbolt",
        "teeterdance"
      ],
      "ivs": {
        "hp": 31,
        "atk": 28,
        "def": 28,
        "spa": 31,
        "spd": 31,
        "spe": 31
      },
      "evs": {
        "hp": 252,
        "spa": 252,
        "spd": 4
      },
      "heldItem": "cobblemon:life_orb"
    },
    {
      "species": "walrein",
      "gender": "FEMALE",
      "level": 88,
      "nature": "modest",
      "ability": "thickfat",
      "moveset": [
        "icebeam",
        "surf",
        "toxic",
        "protect"
      ],
      "ivs": {
        "hp": 31,
        "atk": 28,
        "def": 31,
        "spa": 31,
        "spd": 31,
        "spe": 28
      },
      "evs": {
        "hp": 252,
        "def": 4,
        "spa": 252
      },
      "heldItem": "cobblemon:leftovers"
    },
    {
      "species": "piloswine",
      "gender": "MALE",
      "level": 89,
      "nature": "adamant",
      "ability": "thickfat",
      "moveset": [
        "earthquake",
        "iciclecrash",
        "stoneedge",
        "iceshard"
      ],
      "ivs": {
        "hp": 31,
        "atk": 31,
        "def": 31,
        "spa": 28,
        "spd": 31,
        "spe": 28
      },
      "evs": {
        "hp": 252,
        "atk": 252,
        "spd": 4
      },
      "heldItem": "cobblemon:choice_band"
    }
  ]
  }