{
  "name": "Kalos Elite Four Drasna",
  "ai": {
    "type": "rct",
    "data": {
      "moveBias": 0.9,
      "statMoveBias": 0.3,
      "switchBias": 0.7,
      "itemBias": 0.8,
      "maxSelectMargin": 0.2
    }
  },
  "battleFormat": "GEN_9_SINGLES",
  "battleRules": {
    "maxItemUses": 2
  },
  "bag": [
    {
      "item": "cobblemon:full_restore",
      "quantity": 2
    }
  ],
  "team": [
    {
      "species": "dragalge",
      "gender": "FEMALE",
      "level": 100,
      "nature": "modest",
      "ability": "adaptability",
      "moveset": [
        "dracometeor",
        "sludgewave",
        "focusblast",
        "flamethrower"
      ],
      "ivs": {
        "hp": 31,
        "atk": 0,
        "def": 31,
        "spa": 31,
        "spd": 31,
        "spe": 31
      },
      "evs": {
        "hp": 252,
        "spa": 252,
        "spd": 4
      },
      "heldItem": "cobblemon:choice_specs"
    },
    {
      "species": "altaria",
      "gender": "FEMALE",
      "level": 100,
      "nature": "modest",
      "ability": "pixilate",
      "aspects": [
        "mega"
      ],
      "moveset": [
        "hypervoice",
        "fireblast",
        "roost",
        "earthquake"
      ],
      "ivs": {
        "hp": 31,
        "atk": 31,
        "def": 31,
        "spa": 31,
        "spd": 31,
        "spe": 31
      },
      "evs": {
        "hp": 252,
        "spa": 252,
        "spd": 4
      }
    },
    {
      "species": "noivern",
      "gender": "MALE",
      "level": 100,
      "nature": "timid",
      "ability": "infiltrator",
      "moveset": [
        "hurricane",
        "dracometeor",
        "flamethrower",
        "uturn"
      ],
      "ivs": {
        "hp": 31,
        "atk": 31,
        "def": 31,
        "spa": 31,
        "spd": 31,
        "spe": 31
      },
      "evs": {
        "spa": 252,
        "spe": 252,
        "hp": 4
      },
      "heldItem": "cobblemon:life_orb"
    },
    {
      "species": "druddigon",
      "gender": "MALE",
      "level": 100,
      "nature": "adamant",
      "ability": "roughskin",
      "moveset": [
        "dragonclaw",
        "earthquake",
        "rockslide",
        "gunkshot"
      ],
      "ivs": {
        "hp": 31,
        "atk": 31,
        "def": 31,
        "spa": 31,
        "spd": 31,
        "spe": 31
      },
      "evs": {
        "hp": 252,
        "atk": 252,
        "def": 4
      },
      "heldItem": "cobblemon:assault_vest"
    },
    {
      "species": "baxcalibur",
      "gender": "MALE",
      "level": 100,
      "nature": "jolly",
      "ability": "thermalexchange",
      "moveset": [
        "glaciallance",
        "dragondance",
        "earthquake",
        "iceshard"
      ],
      "ivs": {
        "hp": 31,
        "atk": 31,
        "def": 31,
        "spa": 31,
        "spd": 31,
        "spe": 31
      },
      "evs": {
        "atk": 252,
        "spe": 252,
        "hp": 4
      },
      "heldItem": "cobblemon:never_melt_ice"
    },
    {
      "species": "tatsugiri",
      "gender": "MALE",
      "level": 100,
      "nature": "timid",
      "ability": "commander",
      "moveset": [
        "hydropump",
        "dragonpulse",
        "icebeam",
        "nastyplot"
      ],
      "ivs": {
        "hp": 31,
        "atk": 0,
        "def": 31,
        "spa": 31,
        "spd": 31,
        "spe": 31
      },
      "evs": {
        "spa": 252,
        "spe": 252,
        "hp": 4
      },
      "heldItem": "cobblemon:choice_scarf"
    }
  ]
}