{
    "name": "Ramos",
  "identity": "Kalos Leader Ramos",
  "ai": {
    "type": "rct",
    "data": {
      "maxSelectMargin": 0.15
    }
  },
  "battleRules": {
    "maxItemUses": 3
  },
  "bag": [
    {
      "item": "cobblemon:full_restore",
      "quantity": 3
    }
  ],
  "team": [
    {
      "species": "venusaur",
      "level": 94,
      "aspects": ["mega"],
      "ability": "thickfat",
      "evs": {
        "hp": 0,
        "atk": 0,
        "def": 0,
        "spa": 0,
        "spd": 0,
        "spe": 0
      },
      "ivs": {
        "hp": 31,
        "atk": 0,
        "def": 31,
        "spa": 31,
        "spd": 31,
        "spe": 31
      },
      "moveset": [
        "gigadrain",
        "sludgebomb",
        "earthpower",
        "synthesis"
      ]
    },
    {
      "species": "ferrothorn",
      "level": 94,
      "ability": "ironbarbs",
      "evs": {
        "hp": 252,
        "atk": 0,
        "def": 168,
        "spa": 0,
        "spd": 88,
        "spe": 0
      },
      "ivs": {
        "hp": 31,
        "atk": 31,
        "def": 31,
        "spa": 31,
        "spd": 31,
        "spe": 31
      },
      "moveset": [
        "gyroball",
        "stealthrock",
        "leechseed",
        "bodypress"
      ],
      "heldItem": "leftovers",
      "nature": "relaxed"
    },
    {
      "species": "hydrapple",
      "level": 96,
      "ability": "regenerator",
      "evs": {
        "hp": 252,
        "atk": 0,
        "def": 84,
        "spa": 0,
        "spd": 0,
        "spe": 172
      },
      "ivs": {
        "hp": 31,
        "atk": 0,
        "def": 31,
        "spa": 31,
        "spd": 31,
        "spe": 31
      },
      "moveset": [
        "substitute",
        "nastyplot",
        "ficklebeam",
        "earthpower"
      ],
      "heldItem": "heavy_duty_boots",
      "nature": "bold"
    },
    {
      "species": "gourgeist",
      "level": 95,
      "ability": "frisk",
      "aspects":["pumpkin-size-super"],
      "evs": {
        "hp": 252,
        "atk": 0,
        "def": 252,
        "spa": 0,
        "spd": 4,
        "spe": 0
      },
      "ivs": {
        "hp": 31,
        "atk": 31,
        "def": 31,
        "spa": 31,
        "spd": 31,
        "spe": 31
      },
      "moveset": [
        "synthesis",
        "foulplay",
        "toxic",
        "powerwhip"
      ],
      "nature": "impish"
    },
    {
    "species": "gogoat",
    "level": 94,
    "ability": "grasspelt",
    "evs": {
      "hp": 252,
      "atk": 252,
      "def": 0,
      "spa": 0,
      "spd": 4,
      "spe": 0
    },
    "ivs": {
      "hp": 31,
      "atk": 31,
      "def": 31,
      "spa": 31,
      "spd": 31,
      "spe": 31
    },
    "moveset": [
      "bulkup",
      "hornleech",
      "earthquake",
      "superpower"
    ],
    "heldItem": "expert_belt",
    "nature": "adamant"
  },
  {
    "species": "rillaboom",
    "level": 95,
    "ability": "grassysurge",
    "evs": {
      "hp": 0,
      "atk": 252,
      "def": 0,
      "spa": 0,
      "spd": 4,
      "spe": 252
    },
    "ivs": {
      "hp": 31,
      "atk": 31,
      "def": 31,
      "spa": 31,
      "spd": 31,
      "spe": 31
    },
    "moveset": [
      "grassyglide",
      "uturn",
      "knockoff",
      "woodhammer"
    ],
    "heldItem": "choice_band",
    "nature": "adamant"
  }
],
"battleFormat": "GEN_9_SINGLES"
}