{
  "name": "N",
  "ai": {
    "type": "rct",
    "data": { "maxSelectMargin": 0.05 }
  },
  "battleFormat": "GEN_9_SINGLES",
  "team": [
    {
      "species": "zekrom",
      "level": 90,
      "nature": "adamant",
      "ability": "teravolt",
      "moveset": ["boltstrike", "outrage", "stoneedge", "dragondance"],
      "evs": { "atk": 252, "spe": 252 },
      "ivs": { "hp": 31, "atk": 31, "def": 31, "spa": 31, "spd": 31, "spe": 31 },
      "heldItem": "life_orb"
    },
    {
      "species": "zoroark",
      "level": 90,
      "nature": "timid",
      "ability": "illusion",
      "moveset": ["nightslash", "flamethrower", "nastyplot", "uturn"],
      "evs": { "spa": 252, "spe": 252 },
      "ivs": { "hp": 31, "atk": 31, "def": 31, "spa": 31, "spd": 31, "spe": 31 },
      "heldItem": "focus_sash"
    },
    {
      "species": "klinklang",
      "level": 90,
      "nature": "adamant",
      "ability": "clearbody",
      "moveset": ["geargrind", "voltswitch", "shiftgear", "wildcharge"],
      "evs": { "atk": 252, "spe": 252 },
      "ivs": { "hp": 31, "atk": 31, "def": 31, "spa": 31, "spd": 31, "spe": 31 },
      "heldItem": "metal_coat"
    },
    {
      "species": "vanilluxe",
      "level": 90,
      "nature": "modest",
      "ability": "snowwarning",
      "moveset": ["blizzard", "freezedry", "flashcannon", "auroraveil"],
      "evs": { "spa": 252, "spe": 252 },
      "ivs": { "hp": 31, "atk": 31, "def": 31, "spa": 31, "spd": 31, "spe": 31 },
      "heldItem": "never_melt_ice"
    },
    {
      "species": "archeops",
      "level": 90,
      "nature": "jolly",
      "ability": "defeatist",
      "moveset": ["acrobatics", "stoneedge", "earthquake", "uturn"],
      "evs": { "atk": 252, "spe": 252 },
      "ivs": { "hp": 31, "atk": 31, "def": 31, "spa": 31, "spd": 31, "spe": 31 },
      "heldItem": "flying_gem"
    },
    {
      "species": "carracosta",
      "level": 90,
      "nature": "adamant",
      "ability": "solidrock",
      "moveset": ["liquidation", "stoneedge", "earthquake", "shellsmash"],
      "evs": { "atk": 252, "def": 252 },
      "ivs": { "hp": 31, "atk": 31, "def": 31, "spa": 31, "spd": 31, "spe": 31 },
      "heldItem": "white_herb"
    }
  ]
}