{
  "name": "Diamond",
  "identity": "PokeSpe Trainer",
  "ai": {
    "type": "rct",
    "data": {
      "maxSelectMargin": 0.15
    }
  },
  "battleRules": {
    "maxItemUses": 3
  },
  "bag": [
    {
      "item": "cobblemon:full_restore",
      "quantity": 3
    }
  ],
  "team": [
    {
      "species": "munchlax",
      "gender": "MALE",
      "level": 60,
      "nature": "impish",
      "ability": "thickfat",
      "moveset": [
        "rest",
        "curse",
        "protect",
        "rollout"
      ],
      "ivs": {
        "hp": 31,
        "atk": 31,
        "def": 31,
        "spa": 31,
        "spd": 31,
        "spe": 31
      },
      "evs": {
        "hp": 252,
        "atk": 0,
        "def": 252,
        "spa": 0,
        "spd": 4,
        "spe": 0
      },
      "heldItem": "eviolite"
    },
    {
      "species": "torterra",
      "gender": "MALE",
      "level": 60,
      "nature": "brave",
      "ability": "overgrow",
      "moveset": [
        "woodhammer",
        "gigadrain",
        "earthquake",
        "crunch"
      ],
      "ivs": {
        "hp": 31,
        "atk": 31,
        "def": 31,
        "spa": 31,
        "spd": 31,
        "spe": 31
      },
      "evs": {
        "hp": 252,
        "atk": 252,
        "def": 0,
        "spa": 4,
        "spd": 0,
        "spe": 0
      },
      "heldItem": "assault_vest"
    },
    {
      "species": "bastiodon",
      "gender": "MALE",
      "level": 60,
      "nature": "impish",
      "ability": "sturdy",
      "moveset": [
        "curse",
        "ironhead",
        "bodypress",
        "stealthrock"
      ],
      "ivs": {
        "hp": 31,
        "atk": 31,
        "def": 31,
        "spa": 31,
        "spd": 31,
        "spe": 31
      },
      "evs": {
        "hp": 252,
        "atk": 4,
        "def": 252,
        "spa": 0,
        "spd": 0,
        "spe": 0
      },
      "heldItem": "leftovers"
    },
    {
      "species": "lickilicky",
      "gender": "MALE",
      "level": 60,
      "nature": "adamant",
      "ability": "owntempo",
      "moveset": [
        "rest",
        "slam",
        "rollout",
        "powerwhip"
      ],
      "ivs": {
        "hp": 31,
        "atk": 31,
        "def": 31,
        "spa": 31,
        "spd": 31,
        "spe": 31
      },
      "evs": {
        "hp": 252,
        "atk": 252,
        "def": 0,
        "spa": 0,
        "spd": 4,
        "spe": 0
      },
      "heldItem": "leftovers"
    },
    {
      "species": "mamoswine",
      "gender": "MALE",
      "level": 60,
      "nature": "jolly",
      "ability": "thickfat",
      "moveset": [
        "earthquake",
        "iciclecrash",
        "iceshard",
        "knockoff"
      ],
      "ivs": {
        "hp": 31,
        "atk": 31,
        "def": 31,
        "spa": 31,
        "spd": 31,
        "spe": 31
      },
      "evs": {
        "hp": 0,
        "atk": 252,
        "def": 0,
        "spa": 0,
        "spd": 4,
        "spe": 252
      },
      "heldItem": "heavy_duty_boots"
    },
    {
      "species": "regigigas",
      "gender": "GENDERLESS",
      "level": 60,
      "nature": "careful",
      "ability": "slowstart",
      "moveset": [
        "rest",
        "sleeptalk",
        "knockoff",
        "bodyslam"
      ],
      "ivs": {
        "hp": 31,
        "atk": 31,
        "def": 31,
        "spa": 31,
        "spd": 31,
        "spe": 31
      },
      "evs": {
        "hp": 252,
        "atk": 0,
        "def": 4,
        "spa": 0,
        "spd": 252,
        "spe": 0
      },
      "heldItem": "leftovers"
    }
  ],
  "battleFormat": "GEN_9_SINGLES"
}