{
  "name": "Gold",
  "identity": "PokeSpe Trainer",
  "ai": {
    "type": "rct",
    "data": {
      "maxSelectMargin": 0.15
    }
  },
  "battleRules": {
    "maxItemUses": 3
  },
  "bag": [
    {
      "item": "cobblemon:full_restore",
      "quantity": 3
    }
  ],
  "team": [
    {
      "species": "typhlosion",
      "gender": "MALE",
      "level": 70,
      "nature": "timid",
      "ability": "flashfire",
      "moveset": [
        "eruption",
        "fireblast",
        "focusblast",
        "scorchingsands"
      ],
      "ivs": {
        "hp": 31,
        "atk": 0,
        "def": 31,
        "spa": 31,
        "spd": 31,
        "spe": 31
      },
      "evs": {
        "hp": 0,
        "atk": 0,
        "def": 4,
        "spa": 252,
        "spd": 0,
        "spe": 252
      },
      "heldItem": "choice_specs"
    },
    {
      "species": "ambipom",
      "gender": "MALE",
      "level": 70,
      "nature": "jolly",
      "ability": "technician",
      "moveset": [
        "fakeout",
        "uturn",
        "knockoff",
        "tripleaxel"
      ],
      "ivs": {
        "hp": 31,
        "atk": 31,
        "def": 31,
        "spa": 31,
        "spd": 31,
        "spe": 31
      },
      "evs": {
        "hp": 0,
        "atk": 252,
        "def": 0,
        "spa": 0,
        "spd": 4,
        "spe": 252
      },
      "heldItem": "heavy_duty_boots"
    },
    {
      "species": "politoed",
      "gender": "MALE",
      "level": 70,
      "nature": "timid",
      "ability": "waterabsorb",
      "moveset": [
        "whirlpool",
        "perishsong",
        "icebeam",
        "encore"
      ],
      "ivs": {
        "hp": 31,
        "atk": 0,
        "def": 31,
        "spa": 31,
        "spd": 31,
        "spe": 31
      },
      "evs": {
        "hp": 252,
        "atk": 0,
        "def": 80,
        "spa": 0,
        "spd": 0,
        "spe": 176
      },
      "heldItem": "leftovers"
    },
    {
      "species": "sunflora",
      "gender": "MALE",
      "level": 70,
      "nature": "modest",
      "ability": "chlorophyll",
      "moveset": [
        "sunnyday",
        "solarbeam",
        "gigadrain",
        "synthesis"
      ],
      "ivs": {
        "hp": 31,
        "atk": 1,
        "def": 31,
        "spa": 31,
        "spd": 31,
        "spe": 31
      },
      "evs": {
        "hp": 44,
        "atk": 0,
        "def": 0,
        "spa": 252,
        "spd": 0,
        "spe": 212
      },
      "heldItem": "heat_rock"
    },
    {
      "species": "sudowoodo",
      "gender": "MALE",
      "level": 70,
      "nature": "adamant",
      "ability": "rockhead",
      "moveset": [
        "sunnyday",
        "headsmash",
        "woodhammer",
        "suckerpunch"
      ],
      "ivs": {
        "hp": 31,
        "atk": 31,
        "def": 31,
        "spa": 31,
        "spd": 31,
        "spe": 31
      },
      "evs": {
        "hp": 0,
        "atk": 252,
        "def": 0,
        "spa": 0,
        "spd": 4,
        "spe": 252
      },
      "heldItem": "life_orb"
    },
    {
      "species": "togekiss",
      "gender": "MALE",
      "level": 70,
      "nature": "timid",
      "ability": "serenegrace",
      "moveset": [
        "nastyplot",
        "healbell",
        "airslash",
        "roost"
      ],
      "ivs": {
        "hp": 31,
        "atk": 0,
        "def": 31,
        "spa": 31,
        "spd": 31,
        "spe": 31
      },
      "evs": {
        "hp": 252,
        "atk": 0,
        "def": 0,
        "spa": 4,
        "spd": 0,
        "spe": 252
      },
      "heldItem": "leftovers"
    }
  ],
  "battleFormat": "GEN_9_SINGLES"
}
