{
  "name": "Blue",
  "identity": "PokeSpe Trainer",
  "ai": {
    "type": "rct",
    "data": {
      "maxSelectMargin": 0.15
    }
  },
  "battleRules": {
    "maxItemUses": 3
  },
  "bag": [
    {
      "item": "cobblemon:full_restore",
      "quantity": 3
    }
  ],
"team": [
    {
      "species": "charizard",
      "gender": "MALE",
      "level": 96,
      "nature": "timid",
      "aspects": ["mega-y"],
      "ability": "drought",
      "moveset": [
        "weatherball",
        "solarbeam",
        "scorchingsands",
        "roost"
      ],
      "ivs": {
        "hp": 31,
        "atk": 0,
        "def": 31,
        "spa": 31,
        "spd": 31,
        "spe": 31
      },
      "evs": {
        "hp": 0,
        "atk": 0,
        "def": 4,
        "spa": 252,
        "spd": 0,
        "spe": 252
      }
    },
    {
      "species": "golduck",
      "gender": "MALE",
      "level": 94,
      "nature": "modest",
      "ability": "cloudnine",
      "moveset": [
        "hydropump",
        "icebeam",
        "psychic",
        "flipturn"
      ],
      "ivs": {
        "hp": 31,
        "atk": 31,
        "def": 31,
        "spa": 31,
        "spd": 31,
        "spe": 31
      },
      "evs": {
        "hp": 0,
        "atk": 0,
        "def": 0,
        "spa": 252,
        "spd": 4,
        "spe": 252
      },
      "heldItem": "choice_specs"
    },
    {
      "species": "scizor",
      "gender": "MALE",
      "level": 92,
      "nature": "adamant",
      "ability": "technician",
      "moveset": [
        "swordsdance",
        "bulletpunch",
        "uturn",
        "knockoff"
      ],
      "ivs": {
        "hp": 31,
        "atk": 31,
        "def": 31,
        "spa": 31,
        "spd": 31,
        "spe": 31
      },
      "evs": {
        "hp": 120,
        "atk": 252,
        "def": 0,
        "spa": 0,
        "spd": 0,
        "spe": 136
      },
      "heldItem": "heavy_duty_boots"
    },
    {
      "species": "rhyperior",
      "gender": "MALE",
      "level": 93,
      "nature": "adamant",
      "ability": "solidrock",
      "moveset": [
        "earthquake",
        "stealthrock",
        "toxic",
        "stoneedge"
      ],
      "ivs": {
        "hp": 31,
        "atk": 31,
        "def": 31,
        "spa": 31,
        "spd": 31,
        "spe": 31
      },
      "evs": {
        "hp": 152,
        "atk": 20,
        "def": 0,
        "spa": 0,
        "spd": 252,
        "spe": 84
      },
      "heldItem": "leftovers"
    },
    {
      "species": "machamp",
      "gender": "MALE",
      "level": 92,
      "nature": "adamant",
      "ability": "guts",
      "moveset": [
        "closecombat",
        "facade",
        "knockoff",
        "bulletpunch"
      ],
      "ivs": {
        "hp": 31,
        "atk": 31,
        "def": 31,
        "spa": 31,
        "spd": 31,
        "spe": 31
      },
      "evs": {
        "hp": 0,
        "atk": 252,
        "def": 0,
        "spa": 0,
        "spd": 4,
        "spe": 252
      },
      "heldItem": "flame_orb"
    },
    {
      "species": "porygon2",
      "gender": "GENDERLESS",
      "level": 91,
      "nature": "calm",
      "ability": "trace",
      "moveset": [
        "recover",
        "triattack",
        "shadowball",
        "thunderwave"
      ],
      "ivs": {
        "hp": 31,
        "atk": 31,
        "def": 31,
        "spa": 31,
        "spd": 31,
        "spe": 31
      },
      "evs": {
        "hp": 252,
        "atk": 0,
        "def": 0,
        "spa": 4,
        "spd": 252,
        "spe": 0
      },
      "heldItem": "eviolite"
    }
  ],
  "battleFormat": "GEN_9_SINGLES"
}