{
  "name": "Rival Cheren",
  "ai": {
    "type": "rct",
    "data": {
      "moveBias": 0.95,
      "statMoveBias": 0.3,
      "switchBias": 0.8,
      "itemBias": 0.85,
      "maxSelectMargin": 0.1
    }
  },
  "battleFormat": "GEN_9_SINGLES",
  "bag": [
    {
      "item": "cobblemon:super_potion",
      "quantity": 2
    },
    {
      "item": "cobblemon:sitrus_berry",
      "quantity": 1
    }
  ],
  "team": [
    {
      "species": "snivy",
      "gender": "MALE",
      "level": 16,
      "nature": "timid",
      "ability": "overgrow",
      "moveset": [
        "tackle",
        "leer",
        "vinewhip",
        "wrap"
      ],
      "ivs": {
        "hp": 22,
        "atk": 20,
        "def": 21,
        "spa": 24,
        "spd": 23,
        "spe": 24
      },
      "evs": {
        "spa": 24,
        "spe": 24
      },
      "heldItem": "cobblemon:miracle_seed"
    },
    {
      "species": "pidove",
      "gender": "MALE",
      "level": 14,
      "nature": "jolly",
      "ability": "superluck",
      "moveset": [
        "gust",
        "growl",
        "leer",
        "quickattack"
      ],
      "ivs": {
        "hp": 20,
        "atk": 22,
        "def": 19,
        "spa": 18,
        "spd": 19,
        "spe": 22
      },
      "evs": {
        "atk": 16,
        "spe": 16
      }
    },
    {
      "species": "lillipup",
      "gender": "MALE",
      "level": 14,
      "nature": "adamant",
      "ability": "vitalspirit",
      "moveset": [
        "tackle",
        "leer",
        "odorsleuth",
        "bite"
      ],
      "ivs": {
        "hp": 21,
        "atk": 23,
        "def": 20,
        "spa": 18,
        "spd": 20,
        "spe": 20
      },
      "evs": {
        "atk": 20,
        "spe": 12
      }
    },
    {
      "species": "roggenrola",
      "gender": "MALE",
      "level": 13,
      "nature": "brave",
      "ability": "sturdy",
      "moveset": [
        "tackle",
        "harden",
        "sandattack",
        "headbutt"
      ],
      "ivs": {
        "hp": 20,
        "atk": 22,
        "def": 24,
        "spa": 18,
        "spd": 18,
        "spe": 15
      },
      "evs": {
        "atk": 16,
        "def": 16
      }
    },
    {
      "species": "timburr",
      "gender": "MALE",
      "level": 12,
      "nature": "adamant",
      "ability": "guts",
      "moveset": [
        "pound",
        "leer",
        "focusenergy",
        "lowkick"
      ],
      "ivs": {
        "hp": 20,
        "atk": 23,
        "def": 20,
        "spa": 17,
        "spd": 19,
        "spe": 18
      },
      "evs": {
        "atk": 16,
        "hp": 8
      }
    },
    {
      "species": "panpour",
      "gender": "MALE",
      "level": 14,
      "nature": "modest",
      "ability": "gluttony",
      "moveset": [
        "scratch",
        "leer",
        "lick",
        "watergun"
      ],
      "ivs": {
        "hp": 20,
        "atk": 18,
        "def": 19,
        "spa": 23,
        "spd": 20,
        "spe": 21
      },
      "evs": {
        "spa": 16,
        "spe": 16
      }
    }
  ]
}
