{
  "name": "Rival Bianca",
  "ai": {
    "type": "rct",
    "data": {
      "moveBias": 0.95,
      "statMoveBias": 0.3,
      "switchBias": 0.75,
      "itemBias": 0.85
    }
  },
  "battleFormat": "GEN_9_SINGLES",
  "bag": [
    {
      "item": "cobblemon:super_potion",
      "quantity": 2
    },
    {
      "item": "cobblemon:sitrus_berry",
      "quantity": 1
    }
  ],
  "team": [
    {
      "species": "dewott",
      "gender": "MALE",
      "level": 29,
      "nature": "modest",
      "ability": "torrent",
      "moveset": [
        "watergun",
        "razorshell",
        "furycutter",
        "revenge"
      ],
      "ivs": {
        "hp": 24,
        "atk": 23,
        "def": 24,
        "spa": 27,
        "spd": 24,
        "spe": 24
      },
      "evs": {
        "spa": 84,
        "spe": 56
      },
      "heldItem": "cobblemon:mystic_water"
    },
    {
      "species": "watchog",
      "gender": "FEMALE",
      "level": 27,
      "nature": "adamant",
      "ability": "illuminate",
      "moveset": [
        "crunch",
        "hypnosis",
        "confuseray",
        "superfang"
      ],
      "ivs": {
        "hp": 23,
        "atk": 26,
        "def": 23,
        "spa": 20,
        "spd": 22,
        "spe": 24
      },
      "evs": {
        "atk": 64,
        "spe": 48
      }
    },
    {
      "species": "swoobat",
      "gender": "FEMALE",
      "level": 28,
      "nature": "timid",
      "ability": "unaware",
      "moveset": [
        "airslash",
        "heartstamp",
        "attract",
        "futuresight"
      ],
      "ivs": {
        "hp": 23,
        "atk": 18,
        "def": 21,
        "spa": 26,
        "spd": 22,
        "spe": 26
      },
      "evs": {
        "spa": 68,
        "spe": 68
      }
    },
    {
      "species": "swadloon",
      "gender": "FEMALE",
      "level": 26,
      "nature": "bold",
      "ability": "leafguard",
      "moveset": [
        "bugbite",
        "razorleaf",
        "protect",
        "gigadrain"
      ],
      "ivs": {
        "hp": 23,
        "atk": 22,
        "def": 25,
        "spa": 22,
        "spd": 24,
        "spe": 20
      },
      "evs": {
        "def": 68,
        "spd": 52
      }
    },
    {
      "species": "musharna",
      "gender": "FEMALE",
      "level": 27,
      "nature": "bold",
      "ability": "forewarn",
      "moveset": [
        "psychic",
        "hypnosis",
        "dreameater",
        "defensecurl"
      ],
      "ivs": {
        "hp": 25,
        "atk": 18,
        "def": 25,
        "spa": 25,
        "spd": 25,
        "spe": 19
      },
      "evs": {
        "hp": 68,
        "def": 52
      }
    },
    {
      "species": "simisear",
      "gender": "MALE",
      "level": 27,
      "nature": "hasty",
      "ability": "gluttony",
      "moveset": [
        "flamethrower",
        "bite",
        "furyswipes",
        "acrobatics"
      ],
      "ivs": {
        "hp": 23,
        "atk": 24,
        "def": 22,
        "spa": 25,
        "spd": 22,
        "spe": 25
      },
      "evs": {
        "spa": 52,
        "spe": 68
      }
    }
  ]
}
