{
  "name": "Rood",
  "ai": {
    "type": "rct",
    "data": { "maxSelectMargin": 0.05 }
  },
  "battleFormat": "GEN_9_DOUBLES",
  "team": [
    {
      "species": "terrakion",
      "level": 80,
      "nature": "jolly",
      "ability": "justified",
      "moveset": ["closecombat", "stoneedge", "earthquake", "swordsdance"],
      "evs": { "atk": 252, "spe": 252 },
      "ivs": { "hp": 31, "atk": 31, "def": 31, "spa": 31, "spd": 31, "spe": 31 },
      "heldItem": "life_orb"
    },
    {
      "species": "swoobat",
      "level": 80,
      "nature": "timid",
      "ability": "simple",
      "moveset": ["airslash", "psychic", "heatwave", "calmmind"],
      "evs": { "spa": 252, "spe": 252 },
      "ivs": { "hp": 31, "atk": 31, "def": 31, "spa": 31, "spd": 31, "spe": 31 },
      "heldItem": "wise_glasses"
    },
    {
      "species": "mimikyu",
      "level": 80,
      "nature": "adamant",
      "ability": "disguise",
      "moveset": ["playrough", "shadowclaw", "swordsdance", "shadowsneak"],
      "evs": { "atk": 252, "spe": 252 },
      "ivs": { "hp": 31, "atk": 31, "def": 31, "spa": 31, "spd": 31, "spe": 31 },
      "heldItem": "life_orb"
    },
    {
      "species": "krookodile",
      "level": 80,
      "nature": "jolly",
      "ability": "moxie",
      "moveset": ["earthquake", "knockoff", "stoneedge", "protect"],
      "evs": { "atk": 252, "spe": 252 },
      "ivs": { "hp": 31, "atk": 31, "def": 31, "spa": 31, "spd": 31, "spe": 31 },
      "heldItem": "choice_scarf"
    },
    {
      "species": "musharna",
      "level": 80,
      "nature": "calm",
      "ability": "forewarn",
      "moveset": ["psychic", "moonlight", "shadowball", "calmmind"],
      "evs": { "hp": 252, "spd": 252 },
      "ivs": { "hp": 31, "atk": 31, "def": 31, "spa": 31, "spd": 31, "spe": 31 },
      "heldItem": "leftovers"
    },
    {
      "species": "screamtail",
      "level": 80,
      "nature": "bold",
      "ability": "protosynthesis",
      "moveset": ["dazzlinggleam", "psychic", "wish", "protect"],
      "evs": { "hp": 252, "def": 252 },
      "ivs": { "hp": 31, "atk": 31, "def": 31, "spa": 31, "spd": 31, "spe": 31 },
      "heldItem": "life_orb"
    }
  ]
}