{
  "name": "Leader Fantina",
  "identity": "Leader Fantina",
  "ai": {
    "type": "rct",
    "data": {
      "maxSelectMargin": 0.15
    }
  },
  "battleFormat": "GEN_9_DOUBLES",
  "battleRules": {
    "maxItemUses": 2
  },
  "bag": [
    {
      "item": "cobblemon:full_restore",
      "quantity": 2
    }
  ],
  "team": [
    {
      "species": "mismagius",
"level": 42,
      "ability": "levitate",
      "evs": {
        "hp": 0,
        "atk": 0,
        "def": 4,
        "spa": 100,
        "spd": 0,
        "spe": 60
      },
      "ivs": {
        "hp": 31,
        "atk": 0,
        "def": 31,
        "spa": 31,
        "spd": 31,
        "spe": 31
      },
      "moveset": [
        "hex",
        "thunderbolt",
        "mysticalfire",
        "calmmind"
      ],
      "heldItem": "leftovers"
    },
    {
      "species": "gengar",
"level": 40,
      "ability": "cursedbody",
      "evs": {
        "hp": 0,
        "atk": 0,
        "def": 4,
        "spa": 60,
        "spd": 0,
        "spe": 100
      },
      "ivs": {
        "hp": 31,
        "atk": 0,
        "def": 31,
        "spa": 31,
        "spd": 31,
        "spe": 31
      },
      "moveset": [
        "hex",
        "sludgebomb",
        "toxic",
        "destinybond"
      ],
      "heldItem": "life_orb"
    },
    {
      "species": "drifblim",
"level": 40,
      "ability": "unburden",
      "evs": {
        "hp": 160,
        "atk": 4,
        "def": 0,
        "spa": 0,
        "spd": 40,
        "spe": 0
      },
      "ivs": {
        "hp": 31,
        "atk": 31,
        "def": 31,
        "spa": 31,
        "spd": 31,
        "spe": 31
      },
      "moveset": [
        "shadowball",
        "acrobatics",
        "willowisp",
        "strengthsap"
      ],
      "heldItem": "weakness_policy"
    },
    {
      "species": "gourgeist",
"level": 38,
      "ability": "frisk",
      "evs": {
        "hp": 0,
        "atk": 100,
        "def": 4,
        "spa": 0,
        "spd": 0,
        "spe": 40
      },
      "ivs": {
        "hp": 31,
        "atk": 31,
        "def": 31,
        "spa": 31,
        "spd": 31,
        "spe": 31
      },
      "moveset": [
        "hex",
        "seedbomb",
        "toxic",
        "trick"
      ],
      "heldItem": "choice_scarf"
    },
    {
      "species": "polteageist",
"level": 38,
      "ability": "weakarmor",
      "evs": {
        "hp": 0,
        "atk": 0,
        "def": 4,
        "spa": 100,
        "spd": 0,
        "spe": 60
      },
      "ivs": {
        "hp": 31,
        "atk": 0,
        "def": 31,
        "spa": 31,
        "spd": 31,
        "spe": 31
      },
      "moveset": [
        "shadowball",
        "storedpower",
        "willowisp",
        "calmmind"
      ],
      "heldItem": "focus_sash"
    },
    {
      "species": "mimikyu",
"level": 40,
      "ability": "disguise",
      "evs": {
        "hp": 40,
        "atk": 100,
        "def": 4,
        "spa": 0,
        "spd": 0,
        "spe": 40
      },
      "ivs": {
        "hp": 31,
        "atk": 31,
        "def": 31,
        "spa": 31,
        "spd": 31,
        "spe": 31
      },
      "moveset": [
        "playrough",
        "substitute",
        "swordsdance",
        "shadowsneak"
      ],
      "heldItem": "life_orb"
    }
  ]
}