{
  "name": "Leader Volkner",
  "identity": "Leader Volkner",
  "ai": {
    "type": "rct",
    "data": {
      "maxSelectMargin": 0.15
    }
  },
  "battleFormat": "GEN_9_DOUBLES",
  "battleRules": {
    "maxItemUses": 2
  },
  "bag": [
    {
      "item": "cobblemon:full_restore",
      "quantity": 2
    }
  ],
  "team": [
    {
      "species": "heliolisk",
"level": 68,
      "ability": "solarpower",
      "evs": {
        "hp": 0,
        "atk": 0,
        "def": 0,
        "spa": 252,
        "spd": 4,
        "spe": 252
      },
      "ivs": {
        "hp": 31,
        "atk": 0,
        "def": 31,
        "spa": 31,
        "spd": 31,
        "spe": 31
      },
      "moveset": [
        "thunderbolt",
        "voltswitch",
        "hypervoice",
        "solarbeam"
      ],
      "heldItem": "choice_specs",
      "nature": "timid"
    },
    {
      "species": "electivire",
"level": 68,
      "ability": "motordrive",
      "evs": {
        "hp": 0,
        "atk": 4,
        "def": 0,
        "spa": 252,
        "spd": 0,
        "spe": 252
      },
      "ivs": {
        "hp": 31,
        "atk": 31,
        "def": 31,
        "spa": 31,
        "spd": 31,
        "spe": 31
      },
      "moveset": [
        "thunderbolt",
        "flamethrower",
        "focusblast",
        "earthquake"
      ],
      "heldItem": "life_orb",
      "nature": "hasty"
    },
    {
      "species": "rotom",
"level": 68,
      "ability": "levitate",
      "evs": {
        "hp": 248,
        "atk": 0,
        "def": 0,
        "spa": 8,
        "spd": 0,
        "spe": 252
      },
      "ivs": {
        "hp": 31,
        "atk": 0,
        "def": 31,
        "spa": 31,
        "spd": 31,
        "spe": 31
      },
      "moveset": [
        "sunnyday",
        "voltswitch",
        "overheat",
        "painsplit"
      ],
      "heldItem": "heavy_duty_boots",
      "nature": "timid",
      "aspects": [
        "heat"
      ]
    },
    {
      "species": "luxray",
"level": 68,
      "ability": "guts",
      "evs": {
        "hp": 0,
        "atk": 252,
        "def": 4,
        "spa": 0,
        "spd": 0,
        "spe": 252
      },
      "ivs": {
        "hp": 31,
        "atk": 31,
        "def": 31,
        "spa": 31,
        "spd": 31,
        "spe": 31
      },
      "moveset": [
        "facade",
        "wildcharge",
        "superpower",
        "firefang"
      ],
      "heldItem": "flame_orb",
      "nature": "adamant"
    },
    {
      "species": "ragingbolt",
"level": 72,
      "ability": "protosynthesis",
      "evs": {
        "hp": 0,
        "atk": 0,
        "def": 0,
        "spa": 252,
        "spd": 4,
        "spe": 252
      },
      "ivs": {
        "hp": 31,
        "atk": 20,
        "def": 31,
        "spa": 31,
        "spd": 31,
        "spe": 31
      },
      "moveset": [
        "calmmind",
        "sunnyday",
        "dracometeor",
        "thunderclap"
      ],
      "heldItem": "life_orb",
      "nature": "timid"
    },
    {
      "species": "electrode",
"level": 70,
      "ability": "static",
      "evs": {
        "hp": 0,
        "atk": 0,
        "def": 20,
        "spa": 252,
        "spd": 0,
        "spe": 236
      },
      "ivs": {
        "hp": 31,
        "atk": 0,
        "def": 31,
        "spa": 31,
        "spd": 31,
        "spe": 31
      },
      "moveset": [
        "thunderbolt",
        "voltswitch",
        "leechseed",
        "solarbeam"
      ],
      "aspects": [
        "hisuian"
      ],
      "heldItem": "heavy_duty_boots",
      "nature": "modest"
    }
  ]
}