{
  "name": "Cheren",
  "ai": {
    "type": "rct",
    "data": { "maxSelectMargin": 0.1 }
  },
  "battleFormat": "GEN_9_SINGLES",
  "team": [
    {
      "species": "stoutland",
      "level": 77,
      "nature": "adamant",
      "ability": "intimidate",
      "moveset": ["retaliate", "crunch", "wildcharge", "workup"],
      "evs": { "atk": 252, "hp": 252 },
      "ivs": { "hp": 31, "atk": 31, "def": 31, "spa": 31, "spd": 31, "spe": 31 },
      "heldItem": "muscle_band"
    },
    {
      "species": "braviary",
      "level": 77,
      "nature": "jolly",
      "ability": "defiant",
      "moveset": ["bravebird", "closecombat", "uturn", "bulkup"],
      "evs": { "atk": 252, "spe": 252 },
      "ivs": { "hp": 31, "atk": 31, "def": 31, "spa": 31, "spd": 31, "spe": 31 },
      "heldItem": "sharp_beak"
    },
    {
      "species": "cinccino",
      "level": 77,
      "nature": "jolly",
      "ability": "skilllink",
      "moveset": ["tailslap", "bulletseed", "rockblast", "uturn"],
      "evs": { "atk": 252, "spe": 252 },
      "ivs": { "hp": 31, "atk": 31, "def": 31, "spa": 31, "spd": 31, "spe": 31 },
      "heldItem": "kings_rock"
    },
    {
      "species": "bouffalant",
      "level": 77,
      "nature": "adamant",
      "ability": "sapsipper",
      "moveset": ["headcharge", "earthquake", "stoneedge", "swordsdance"],
      "evs": { "atk": 252, "hp": 252 },
      "ivs": { "hp": 31, "atk": 31, "def": 31, "spa": 31, "spd": 31, "spe": 31 },
      "heldItem": "life_orb"
    },
    {
      "species": "maushold",
      "level": 77,
      "nature": "jolly",
      "ability": "friendguard",
      "moveset": ["populationbomb", "bulletseed", "uturn", "encore"],
      "evs": { "atk": 252, "spe": 252 },
      "ivs": { "hp": 31, "atk": 31, "def": 31, "spa": 31, "spd": 31, "spe": 31 },
      "heldItem": "wide_lens"
    },
    {
      "species": "audino",
      "level": 77,
      "nature": "bold",
      "ability": "regenerator",
      "moveset": ["dazzlinggleam", "calmmind", "wish", "protect"],
      "evs": { "hp": 252, "def": 252 },
      "ivs": { "hp": 31, "atk": 31, "def": 31, "spa": 31, "spd": 31, "spe": 31 },
      "heldItem": "leftovers"
    }
  ]
}