{
  "name": "Gym Leader Cress",
  "ai": {
    "type": "rct",
    "data": {
      "moveBias": 0.98,
      "statMoveBias": 0.4,
      "switchBias": 0.85,
      "itemBias": 0.9,
      "maxSelectMargin": 0.1
    }
  },
  "battleFormat": "GEN_9_SINGLES",
  "bag": [
    {
      "item": "cobblemon:super_potion",
      "quantity": 2
    },
    {
      "item": "cobblemon:full_heal",
      "quantity": 1
    }
  ],
  "team": [
    {
      "species": "simipour",
      "gender": "MALE",
      "level": 25,
      "nature": "modest",
      "ability": "gluttony",
      "moveset": [
        "scald",
        "bite",
        "furyswipes",
        "acrobatics"
      ],
      "ivs": {
        "hp": 25,
        "atk": 23,
        "def": 24,
        "spa": 27,
        "spd": 24,
        "spe": 25
      },
      "evs": {
        "spa": 84,
        "spe": 84
      },
      "heldItem": "cobblemon:sitrus_berry"
    },
    {
      "species": "dondozo",
      "gender": "MALE",
      "level": 23,
      "nature": "adamant",
      "ability": "unaware",
      "moveset": [
        "waterfall",
        "heavyslam",
        "curse",
        "orderup"
      ],
      "ivs": {
        "hp": 26,
        "atk": 27,
        "def": 24,
        "spa": 21,
        "spd": 24,
        "spe": 20
      },
      "evs": {
        "hp": 76,
        "atk": 76
      }
    },
    {
      "species": "tatsugiri",
      "gender": "FEMALE",
      "level": 23,
      "nature": "modest",
      "ability": "commander",
      "moveset": [
        "waterpulse",
        "dragonpulse",
        "nastyplot",
        "soak"
      ],
      "ivs": {
        "hp": 24,
        "atk": 20,
        "def": 23,
        "spa": 27,
        "spd": 23,
        "spe": 25
      },
      "evs": {
        "spa": 76,
        "spe": 36
      },
      "aspects": [
        "curly_form"
      ]
    },
    {
      "species": "ludicolo",
      "gender": "MALE",
      "level": 22,
      "nature": "modest",
      "ability": "swiftswim",
      "moveset": [
        "hydropump",
        "energyball",
        "icebeam",
        "raindance"
      ],
      "ivs": {
        "hp": 24,
        "atk": 20,
        "def": 24,
        "spa": 26,
        "spd": 25,
        "spe": 23
      },
      "evs": {
        "spa": 56,
        "spe": 56
      }
    },
    {
      "species": "rotom",
      "gender": "GENDERLESS",
      "level": 25,
      "nature": "modest",
      "ability": "levitate",
      "moveset": [
        "hydropump",
        "thunderbolt",
        "shadowball",
        "thunderwave"
      ],
      "ivs": {
        "hp": 25,
        "atk": 20,
        "def": 24,
        "spa": 28,
        "spd": 24,
        "spe": 25
      },
      "evs": {
        "spa": 84,
        "spe": 56
      },
      "aspects": [
        "wash"
      ]
    }
  ]
}
