{
  "name": "Gym Leader Chili",
  "ai": {
    "type": "rct",
    "data": {
      "moveBias": 0.98,
      "statMoveBias": 0.4,
      "switchBias": 0.85,
      "itemBias": 0.9,
      "maxSelectMargin": 0.1
    }
  },
  "battleFormat": "GEN_9_SINGLES",
  "bag": [
    {
      "item": "cobblemon:super_potion",
      "quantity": 2
    },
    {
      "item": "cobblemon:full_heal",
      "quantity": 1
    }
  ],
  "team": [
    {
      "species": "simisear",
      "gender": "MALE",
      "level": 25,
      "nature": "modest",
      "ability": "gluttony",
      "moveset": [
        "flamethrower",
        "bite",
        "furyswipes",
        "acrobatics"
      ],
      "ivs": {
        "hp": 25,
        "atk": 23,
        "def": 24,
        "spa": 27,
        "spd": 24,
        "spe": 25
      },
      "evs": {
        "spa": 84,
        "spe": 84
      },
      "heldItem": "cobblemon:sitrus_berry"
    },
    {
      "species": "scovillain",
      "gender": "MALE",
      "level": 23,
      "nature": "modest",
      "ability": "chlorophyll",
      "moveset": [
        "flamethrower",
        "energyball",
        "workup",
        "growth"
      ],
      "ivs": {
        "hp": 24,
        "atk": 21,
        "def": 22,
        "spa": 27,
        "spd": 23,
        "spe": 25
      },
      "evs": {
        "spa": 76,
        "spe": 36
      }
    },
    {
      "species": "skeledirge",
      "gender": "MALE",
      "level": 23,
      "nature": "modest",
      "ability": "blaze",
      "moveset": [
        "flamethrower",
        "shadowball",
        "willowisp",
        "torchsong"
      ],
      "ivs": {
        "hp": 25,
        "atk": 21,
        "def": 24,
        "spa": 27,
        "spd": 25,
        "spe": 22
      },
      "evs": {
        "spa": 76,
        "spd": 36
      }
    },
    {
      "species": "dachsbun",
      "gender": "FEMALE",
      "level": 22,
      "nature": "adamant",
      "ability": "wellbakedbody",
      "moveset": [
        "playrough",
        "flamecharge",
        "crunch",
        "roar"
      ],
      "ivs": {
        "hp": 24,
        "atk": 26,
        "def": 25,
        "spa": 20,
        "spd": 25,
        "spe": 22
      },
      "evs": {
        "atk": 56,
        "def": 56
      }
    },
    {
      "species": "rotom",
      "gender": "GENDERLESS",
      "level": 25,
      "nature": "modest",
      "ability": "levitate",
      "moveset": [
        "overheat",
        "thunderbolt",
        "shadowball",
        "thunderwave"
      ],
      "ivs": {
        "hp": 25,
        "atk": 20,
        "def": 24,
        "spa": 28,
        "spd": 24,
        "spe": 25
      },
      "evs": {
        "spa": 84,
        "spe": 56
      },
      "aspects": [
        "heat_form"
      ]
    },
    {
      "species": "ninetales",
      "gender": "FEMALE",
      "level": 24,
      "nature": "timid",
      "ability": "drought",
      "moveset": [
        "flamethrower",
        "extrasensory",
        "willowisp",
        "nastyplot"
      ],
      "ivs": {
        "hp": 24,
        "atk": 20,
        "def": 23,
        "spa": 27,
        "spd": 25,
        "spe": 26
      },
      "evs": {
        "spa": 64,
        "spe": 64
      }
    }
  ]
}
