{
  "name": "Gym Leader Cilan",
  "ai": {
    "type": "rct",
    "data": {
      "moveBias": 0.98,
      "statMoveBias": 0.4,
      "switchBias": 0.85,
      "itemBias": 0.9,
      "maxSelectMargin": 0.1
    }
  },
  "battleFormat": "GEN_9_SINGLES",
  "bag": [
    {
      "item": "cobblemon:super_potion",
      "quantity": 2
    },
    {
      "item": "cobblemon:full_heal",
      "quantity": 1
    }
  ],
  "team": [
    {
      "species": "simisage",
      "gender": "MALE",
      "level": 25,
      "nature": "jolly",
      "ability": "gluttony",
      "moveset": [
        "seedbomb",
        "bite",
        "furyswipes",
        "acrobatics"
      ],
      "ivs": {
        "hp": 25,
        "atk": 27,
        "def": 24,
        "spa": 23,
        "spd": 24,
        "spe": 26
      },
      "evs": {
        "atk": 84,
        "spe": 84
      },
      "heldItem": "cobblemon:sitrus_berry"
    },
    {
      "species": "sinistcha",
      "gender": "GENDERLESS",
      "level": 23,
      "nature": "modest",
      "ability": "hospitality",
      "moveset": [
        "megadrain",
        "shadowball",
        "teatime",
        "aromaticmist"
      ],
      "ivs": {
        "hp": 24,
        "atk": 20,
        "def": 23,
        "spa": 27,
        "spd": 25,
        "spe": 22
      },
      "evs": {
        "spa": 76,
        "spd": 36
      }
    },
    {
      "species": "tsareena",
      "gender": "FEMALE",
      "level": 23,
      "nature": "adamant",
      "ability": "queenlymajesty",
      "moveset": [
        "powerwhip",
        "stomp",
        "playnice",
        "attract"
      ],
      "ivs": {
        "hp": 24,
        "atk": 27,
        "def": 24,
        "spa": 21,
        "spd": 24,
        "spe": 23
      },
      "evs": {
        "atk": 76,
        "spd": 36
      }
    },
    {
      "species": "appletun",
      "gender": "MALE",
      "level": 22,
      "nature": "modest",
      "ability": "thickfat",
      "moveset": [
        "energyball",
        "dragonbreath",
        "appleacid",
        "sweetscent"
      ],
      "ivs": {
        "hp": 25,
        "atk": 21,
        "def": 24,
        "spa": 26,
        "spd": 26,
        "spe": 20
      },
      "evs": {
        "hp": 56,
        "spa": 56
      }
    },
    {
      "species": "rillaboom",
      "gender": "MALE",
      "level": 24,
      "nature": "adamant",
      "ability": "grassysurge",
      "moveset": [
        "drumbeating",
        "knockoff",
        "grassyglide",
        "acrobatics"
      ],
      "ivs": {
        "hp": 25,
        "atk": 27,
        "def": 24,
        "spa": 22,
        "spd": 24,
        "spe": 23
      },
      "evs": {
        "atk": 84,
        "hp": 28
      }
    },
    {
      "species": "rotom",
      "gender": "GENDERLESS",
      "level": 25,
      "nature": "modest",
      "ability": "levitate",
      "moveset": [
        "leafstorm",
        "thunderbolt",
        "shadowball",
        "thunderwave"
      ],
      "ivs": {
        "hp": 25,
        "atk": 21,
        "def": 24,
        "spa": 28,
        "spd": 24,
        "spe": 25
      },
      "evs": {
        "spa": 84,
        "spe": 56
      },
      "aspects": [
        "mow_form"
      ]
    }
  ]
}
