{
    "enabled": true,
    "neededInstalledMods": [],
    "neededUninstalledMods": [],
    "spawns": [   
        {
            "id": "capsakid-1",
            "pokemon": "capsakid",
            "presets": [
		"natural"
            ],
            "type": "pokemon",
            "context": "grounded",
            "bucket": "common",
            "level": "5-24",
            "weight": 9.0,
            "weightMultipliers": [
                {
                    "multiplier": 0.15,
                    "condition": {
                        "timeRange": "night"
                    }
                }
            ],
            "condition": {
                "canSeeSky": true,
                "biomes": [
		    "savanna",
                    "minecraft:savanna_plateau"
                ]
            }
        }
    ]
}