{
    "enabled": true,
    "neededInstalledMods": [],
    "neededUninstalledMods": [],
    "spawns": [
        {
            "id": "krookodile-1",
            "pokemon": "krookodile",
            "presets": [
                "natural"
            ],
            "type": "pokemon",
            "context": "grounded",
            "bucket": "uncommon",
            "level": "40-44",
            "weight": 0.08,
            "weightMultipliers":[ 
                {
                "multiplier": 2.0,
                "condition": {
                    "timeRange": "night"
                }
            }
        ],
            "condition": {
                "canSeeSky": true,
                "biomes": [
                    "#cobblemon:is_badlands"
                ],
                "neededNearbyBlocks": [
                    "minecraft:red_sand"
                ]
            }
        }
    ]
}