{
    "enabled": true,
    "neededInstalledMods": [],
    "neededUninstalledMods": [],
    "spawns": [   
    {
       "id": "regieleki-1",
       "pokemon": "regieleki",
       "presets": [
           "stronghold"
       ],
       "type": "pokemon",
       "context": "grounded",
       "bucket": "ultra-rare",
       "level": "70",
       "weight": 0.1,
       "condition": {
           "biomes": [
               "#cobblemon:is_overworld",
            "#cobblemon:is_overworld"
           ]
       }
    }
    ]
}