{
    "enabled": true,
    "neededInstalledMods": [],
    "neededUninstalledMods": [],
    "spawns": [
        {
            "id": "slowking-1",
            "pokemon": "slowking",
            "presets": [
                "natural"
            ],
            "type": "pokemon",
            "context": "grounded",
            "bucket": "common",
            "level": "37-49",
            "weight": 0.06,
            "condition": {
                "canSeeSky": true,
                "biomes": [
                    "#cobblemon:is_beach"
                ]
            }
        },
   {
     "id": "slowking-galarian-2",
     "pokemon": "slowking-galarian",
     "presets": [ "natural" ],
     "type": "pokemon",
     "context": "grounded",
     "bucket": "uncommon",
     "level": "30-50",
     "weight": 0.8,
     "condition":  {
      "biomes": [
          "minecraft:mangrove_swamp"
      ]
  }
}
    ]
}