{
	"format_version": "1.8.0",
	"animations": {
		"animation.vibrava.render": {
			"loop": true,
			"bones": {
				"body": {
					"position": [0, 12, 0]
				},
				"torso": {
					"rotation": [-10, 0, 0]
				},
				"torso2": {
					"rotation": [-35, 0, 0]
				},
				"torso3": {
					"rotation": [-25, 0, 0]
				},
				"torso4": {
					"rotation": [-62.5, 0, 0]
				},
				"torso5": {
					"rotation": [-45, 0, 0]
				},
				"head": {
					"rotation": [12.5, 0, 0]
				},
				"wing_1_left": {
					"rotation": [40, 0, 0]
				},
				"wing_1_right": {
					"rotation": [40, 0, 0]
				},
				"antena_left": {
					"rotation": [22.5, 0, 0]
				},
				"antena_left2": {
					"rotation": [32.5, 0, 0]
				},
				"antena_left3": {
					"rotation": [37.5, 0, 0]
				},
				"antena_left4": {
					"rotation": [30, 0, 0]
				},
				"antena_left5": {
					"rotation": [30, 0, 0]
				},
				"antena_right": {
					"rotation": [37.5, 0, 0]
				},
				"antena_right2": {
					"rotation": [40, 0, 0]
				},
				"antena_right3": {
					"rotation": [35, 0, 0]
				},
				"antena_right4": {
					"rotation": [30, 0, 0]
				},
				"antena_right5": {
					"rotation": [27.5, 0, 0]
				},
				"front_leg_left": {
					"rotation": [0, 0, 37.5]
				},
				"front_leg_left2": {
					"rotation": [0, 0, 42.5]
				},
				"front_leg_left3": {
					"rotation": [0, 0, 17.5]
				},
				"front_leg_left4": {
					"rotation": [0, 0, 45]
				},
				"front_leg_left5": {
					"rotation": [0, 0, -45]
				},
				"front_leg_right": {
					"rotation": [0, 0, -37.5]
				},
				"front_leg_right2": {
					"rotation": [0, 0, -42.5]
				},
				"front_leg_right3": {
					"rotation": [0, 0, -17.5]
				},
				"front_leg_right4": {
					"rotation": [0, 0, -45]
				},
				"front_leg_right5": {
					"rotation": [0, 0, 45]
				},
				"back_leg_left": {
					"rotation": [0, 0, 42.5]
				},
				"back_leg_left2": {
					"rotation": [0, 0, 30]
				},
				"back_leg_left3": {
					"rotation": [0, 0, 20]
				},
				"back_leg_left4": {
					"rotation": [0, 0, 55]
				},
				"back_leg_left5": {
					"rotation": [0, 0, -55]
				},
				"back_leg_right": {
					"rotation": [0, 0, -42.5]
				},
				"back_leg_right2": {
					"rotation": [0, 0, -30]
				},
				"back_leg_right3": {
					"rotation": [0, 0, -20]
				},
				"back_leg_right4": {
					"rotation": [0, 0, -55]
				},
				"back_leg_right5": {
					"rotation": [0, 0, 55]
				}
			}
		},
		"animation.vibrava.ground_idle": {
			"loop": true,
			"animation_length": 2,
			"bones": {
				"torso2": {
					"rotation": {
						"0.0": {
							"post": [2.5, 0, 0],
							"lerp_mode": "catmullrom"
						},
						"0.9167": {
							"post": [-2.5, 0, 0],
							"lerp_mode": "catmullrom"
						},
						"2.0": {
							"post": [2.5, 0, 0],
							"lerp_mode": "catmullrom"
						}
					}
				},
				"torso3": {
					"rotation": {
						"0.0": {
							"post": [2.5, 0, 0],
							"lerp_mode": "catmullrom"
						},
						"1.0": {
							"post": [-2.5, 0, 0],
							"lerp_mode": "catmullrom"
						},
						"2.0": {
							"post": [2.5, 0, 0],
							"lerp_mode": "catmullrom"
						}
					}
				},
				"torso4": {
					"rotation": {
						"0.0": {
							"post": [5, 0, 0],
							"lerp_mode": "catmullrom"
						},
						"1.0833": {
							"post": [-2.5, 0, 0],
							"lerp_mode": "catmullrom"
						},
						"2.0": {
							"post": [5, 0, 0],
							"lerp_mode": "catmullrom"
						}
					}
				},
				"torso5": {
					"rotation": {
						"0.0": {
							"post": [12.5, 0, 0],
							"lerp_mode": "catmullrom"
						},
						"1.1667": {
							"post": [-2.5, 0, 0],
							"lerp_mode": "catmullrom"
						},
						"2.0": {
							"post": [12.5, 0, 0],
							"lerp_mode": "catmullrom"
						}
					}
				},
				"head": {
					"rotation": {
						"0.0": {
							"post": [0, 0, 0],
							"lerp_mode": "catmullrom"
						},
						"0.8333": {
							"post": [5, 0, 0],
							"lerp_mode": "catmullrom"
						},
						"2.0": {
							"post": [0, 0, 0],
							"lerp_mode": "catmullrom"
						}
					}
				},
				"antena_left": {
					"rotation": {
						"0.0": {
							"post": [35, 0, 0],
							"lerp_mode": "catmullrom"
						},
						"0.9167": {
							"post": [40, 0, 0],
							"lerp_mode": "catmullrom"
						},
						"2.0": {
							"post": [35, 0, 0],
							"lerp_mode": "catmullrom"
						}
					}
				},
				"antena_left2": {
					"rotation": {
						"0.0": {
							"post": [10, 0, 0],
							"lerp_mode": "catmullrom"
						},
						"1.0": {
							"post": [15, 0, 0],
							"lerp_mode": "catmullrom"
						},
						"2.0": {
							"post": [10, 0, 0],
							"lerp_mode": "catmullrom"
						}
					}
				},
				"antena_left3": {
					"rotation": {
						"0.0": {
							"post": [12.5, 0, 0],
							"lerp_mode": "catmullrom"
						},
						"1.0833": {
							"post": [17.5, 0, 0],
							"lerp_mode": "catmullrom"
						},
						"2.0": {
							"post": [12.5, 0, 0],
							"lerp_mode": "catmullrom"
						}
					}
				},
				"antena_left4": {
					"rotation": {
						"0.0": {
							"post": [17.5, 0, 0],
							"lerp_mode": "catmullrom"
						},
						"1.1667": {
							"post": [25, 0, 0],
							"lerp_mode": "catmullrom"
						},
						"2.0": {
							"post": [17.5, 0, 0],
							"lerp_mode": "catmullrom"
						}
					}
				},
				"antena_left5": {
					"rotation": {
						"0.0": {
							"post": [7.5, 0, 0],
							"lerp_mode": "catmullrom"
						},
						"1.25": {
							"post": [17.5, 0, 0],
							"lerp_mode": "catmullrom"
						},
						"2.0": {
							"post": [7.5, 0, 0],
							"lerp_mode": "catmullrom"
						}
					}
				},
				"antena_right": {
					"rotation": {
						"0.0": {
							"post": [45, 0, 0],
							"lerp_mode": "catmullrom"
						},
						"0.9167": {
							"post": [50, 0, 0],
							"lerp_mode": "catmullrom"
						},
						"2.0": {
							"post": [45, 0, 0],
							"lerp_mode": "catmullrom"
						}
					}
				},
				"antena_right2": {
					"rotation": {
						"0.0": {
							"post": [15, 0, 0],
							"lerp_mode": "catmullrom"
						},
						"1.0": {
							"post": [22.5, 0, 0],
							"lerp_mode": "catmullrom"
						},
						"2.0": {
							"post": [15, 0, 0],
							"lerp_mode": "catmullrom"
						}
					}
				},
				"antena_right3": {
					"rotation": {
						"0.0": {
							"post": [12.5, 0, 0],
							"lerp_mode": "catmullrom"
						},
						"1.0833": {
							"post": [20, 0, 0],
							"lerp_mode": "catmullrom"
						},
						"2.0": {
							"post": [12.5, 0, 0],
							"lerp_mode": "catmullrom"
						}
					}
				},
				"antena_right4": {
					"rotation": {
						"0.0": {
							"post": [12.5, 0, 0],
							"lerp_mode": "catmullrom"
						},
						"1.1667": {
							"post": [20, 0, 0],
							"lerp_mode": "catmullrom"
						},
						"2.0": {
							"post": [12.5, 0, 0],
							"lerp_mode": "catmullrom"
						}
					}
				},
				"antena_right5": {
					"rotation": {
						"0.0": {
							"post": [12.5, 0, 0],
							"lerp_mode": "catmullrom"
						},
						"1.25": {
							"post": [17.5, 0, 0],
							"lerp_mode": "catmullrom"
						},
						"2.0": {
							"post": [12.5, 0, 0],
							"lerp_mode": "catmullrom"
						}
					}
				},
				"wing_1_left": {
					"rotation": {
						"0.0": {
							"post": [2.5, 0, 0],
							"lerp_mode": "catmullrom"
						},
						"0.9167": {
							"post": [7.5, 0, 0],
							"lerp_mode": "catmullrom"
						},
						"2.0": {
							"post": [2.5, 0, 0],
							"lerp_mode": "catmullrom"
						}
					}
				},
				"wing_1_right": {
					"rotation": {
						"0.0": {
							"post": [2.5, 0, 0],
							"lerp_mode": "catmullrom"
						},
						"0.9167": {
							"post": [7.5, 0, 0],
							"lerp_mode": "catmullrom"
						},
						"2.0": {
							"post": [2.5, 0, 0],
							"lerp_mode": "catmullrom"
						}
					}
				},
				"wing_2_left": {
					"rotation": {
						"0.0": {
							"post": [0, 0, 0],
							"lerp_mode": "catmullrom"
						},
						"0.9167": {
							"post": [-5, 0, 0],
							"lerp_mode": "catmullrom"
						},
						"2.0": {
							"post": [0, 0, 0],
							"lerp_mode": "catmullrom"
						}
					}
				},
				"wing_2_right": {
					"rotation": {
						"0.0": {
							"post": [0, 0, 0],
							"lerp_mode": "catmullrom"
						},
						"0.9167": {
							"post": [-5, 0, 0],
							"lerp_mode": "catmullrom"
						},
						"2.0": {
							"post": [0, 0, 0],
							"lerp_mode": "catmullrom"
						}
					}
				},
				"front_leg_left": {
					"rotation": [0, 0, -17.5]
				},
				"front_leg_left2": {
					"rotation": [0, 0, 107.5]
				},
				"front_leg_left3": {
					"rotation": [0, 0, 0]
				},
				"front_leg_left4": {
					"rotation": [0, 0, 5]
				},
				"front_leg_left5": {
					"rotation": [0, 0, -5]
				},
				"back_leg_left": {
					"rotation": [0, 0, -17.5]
				},
				"back_leg_left2": {
					"rotation": [0, 0, 102.5]
				},
				"back_leg_left3": {
					"rotation": [0, 0, 5]
				},
				"back_leg_left4": {
					"rotation": [0, 0, 5]
				},
				"back_leg_left5": {
					"rotation": [0, 0, -5]
				},
				"back_leg_right": {
					"rotation": [0, 0, 17.5]
				},
				"back_leg_right2": {
					"rotation": [0, 0, -102.5]
				},
				"back_leg_right3": {
					"rotation": [0, 0, -5]
				},
				"back_leg_right4": {
					"rotation": [0, 0, -5]
				},
				"back_leg_right5": {
					"rotation": [0, 0, 5]
				},
				"front_leg_right": {
					"rotation": [0, 0, 17.5]
				},
				"front_leg_right2": {
					"rotation": [0, 0, -107.5]
				},
				"front_leg_right4": {
					"rotation": [0, 0, -5]
				},
				"front_leg_right5": {
					"rotation": [0, 0, 5]
				}
			}
		},
		"animation.vibrava.ground_walk": {
			"loop": true,
			"animation_length": 2,
			"bones": {
				"torso2": {
					"rotation": {
						"0.0": {
							"post": [2.5, 0, 0],
							"lerp_mode": "catmullrom"
						},
						"0.375": {
							"post": [2.50238, -2.49762, -0.10912],
							"lerp_mode": "catmullrom"
						},
						"1.375": {
							"post": [2.50238, 2.49762, 0.10912],
							"lerp_mode": "catmullrom"
						},
						"2.0": {
							"post": [2.5, 0, 0],
							"lerp_mode": "catmullrom"
						}
					}
				},
				"torso3": {
					"rotation": {
						"0.0": {
							"post": [2.5, 0, 0],
							"lerp_mode": "catmullrom"
						},
						"0.4583": {
							"post": [2.50954, -4.99523, -0.21865],
							"lerp_mode": "catmullrom"
						},
						"1.4583": {
							"post": [2.50954, 4.99523, 0.21865],
							"lerp_mode": "catmullrom"
						},
						"2.0": {
							"post": [2.5, 0, 0],
							"lerp_mode": "catmullrom"
						}
					}
				},
				"torso4": {
					"rotation": {
						"0.0": {
							"post": [5, 0, 0],
							"lerp_mode": "catmullrom"
						},
						"0.5417": {
							"post": [5.04292, -7.4713, -0.6574],
							"lerp_mode": "catmullrom"
						},
						"1.5417": {
							"post": [5.04292, 7.4713, 0.6574],
							"lerp_mode": "catmullrom"
						},
						"2.0": {
							"post": [5, 0, 0],
							"lerp_mode": "catmullrom"
						}
					}
				},
				"torso5": {
					"rotation": {
						"0.0": {
							"post": [12.5, 0, 0],
							"lerp_mode": "catmullrom"
						},
						"0.625": {
							"post": [12.68664, -9.76061, -2.18558],
							"lerp_mode": "catmullrom"
						},
						"1.5833": {
							"post": [12.68664, 9.76061, 2.18558],
							"lerp_mode": "catmullrom"
						},
						"2.0": {
							"post": [12.5, 0, 0],
							"lerp_mode": "catmullrom"
						}
					}
				},
				"head": {
					"rotation": {
						"0.0": {
							"post": [0, 0, 0],
							"lerp_mode": "catmullrom"
						},
						"1.0": {
							"post": [12.5, 0, 0],
							"lerp_mode": "catmullrom"
						},
						"1.625": {
							"post": [-7.63, 0, 0],
							"lerp_mode": "catmullrom"
						},
						"2.0": {
							"post": [0, 0, 0],
							"lerp_mode": "catmullrom"
						}
					}
				},
				"antena_left": {
					"rotation": {
						"0.0": {
							"post": [35, 0, 0],
							"lerp_mode": "catmullrom"
						},
						"0.9167": {
							"post": [40, 0, 0],
							"lerp_mode": "catmullrom"
						},
						"2.0": {
							"post": [35, 0, 0],
							"lerp_mode": "catmullrom"
						}
					}
				},
				"antena_left2": {
					"rotation": {
						"0.0": {
							"post": [10, 0, 0],
							"lerp_mode": "catmullrom"
						},
						"1.0": {
							"post": [15, 0, 0],
							"lerp_mode": "catmullrom"
						},
						"2.0": {
							"post": [10, 0, 0],
							"lerp_mode": "catmullrom"
						}
					}
				},
				"antena_left3": {
					"rotation": {
						"0.0": {
							"post": [12.5, 0, 0],
							"lerp_mode": "catmullrom"
						},
						"1.0833": {
							"post": [17.5, 0, 0],
							"lerp_mode": "catmullrom"
						},
						"2.0": {
							"post": [12.5, 0, 0],
							"lerp_mode": "catmullrom"
						}
					}
				},
				"antena_left4": {
					"rotation": {
						"0.0": {
							"post": [17.5, 0, 0],
							"lerp_mode": "catmullrom"
						},
						"1.1667": {
							"post": [25, 0, 0],
							"lerp_mode": "catmullrom"
						},
						"2.0": {
							"post": [17.5, 0, 0],
							"lerp_mode": "catmullrom"
						}
					}
				},
				"antena_left5": {
					"rotation": {
						"0.0": {
							"post": [7.5, 0, 0],
							"lerp_mode": "catmullrom"
						},
						"1.25": {
							"post": [17.5, 0, 0],
							"lerp_mode": "catmullrom"
						},
						"2.0": {
							"post": [7.5, 0, 0],
							"lerp_mode": "catmullrom"
						}
					}
				},
				"antena_right": {
					"rotation": {
						"0.0": {
							"post": [45, 0, 0],
							"lerp_mode": "catmullrom"
						},
						"0.9167": {
							"post": [50, 0, 0],
							"lerp_mode": "catmullrom"
						},
						"2.0": {
							"post": [45, 0, 0],
							"lerp_mode": "catmullrom"
						}
					}
				},
				"antena_right2": {
					"rotation": {
						"0.0": {
							"post": [15, 0, 0],
							"lerp_mode": "catmullrom"
						},
						"1.0": {
							"post": [22.5, 0, 0],
							"lerp_mode": "catmullrom"
						},
						"2.0": {
							"post": [15, 0, 0],
							"lerp_mode": "catmullrom"
						}
					}
				},
				"antena_right3": {
					"rotation": {
						"0.0": {
							"post": [12.5, 0, 0],
							"lerp_mode": "catmullrom"
						},
						"1.0833": {
							"post": [20, 0, 0],
							"lerp_mode": "catmullrom"
						},
						"2.0": {
							"post": [12.5, 0, 0],
							"lerp_mode": "catmullrom"
						}
					}
				},
				"antena_right4": {
					"rotation": {
						"0.0": {
							"post": [12.5, 0, 0],
							"lerp_mode": "catmullrom"
						},
						"1.1667": {
							"post": [20, 0, 0],
							"lerp_mode": "catmullrom"
						},
						"2.0": {
							"post": [12.5, 0, 0],
							"lerp_mode": "catmullrom"
						}
					}
				},
				"antena_right5": {
					"rotation": {
						"0.0": {
							"post": [12.5, 0, 0],
							"lerp_mode": "catmullrom"
						},
						"1.25": {
							"post": [17.5, 0, 0],
							"lerp_mode": "catmullrom"
						},
						"2.0": {
							"post": [12.5, 0, 0],
							"lerp_mode": "catmullrom"
						}
					}
				},
				"wing_1_left": {
					"rotation": {
						"0.0": {
							"post": [2.5, 0, 0],
							"lerp_mode": "catmullrom"
						},
						"0.9167": {
							"post": [7.5, 0, 0],
							"lerp_mode": "catmullrom"
						},
						"2.0": {
							"post": [2.5, 0, 0],
							"lerp_mode": "catmullrom"
						}
					}
				},
				"wing_1_right": {
					"rotation": {
						"0.0": {
							"post": [2.5, 0, 0],
							"lerp_mode": "catmullrom"
						},
						"0.9167": {
							"post": [7.5, 0, 0],
							"lerp_mode": "catmullrom"
						},
						"2.0": {
							"post": [2.5, 0, 0],
							"lerp_mode": "catmullrom"
						}
					}
				},
				"wing_2_left": {
					"rotation": {
						"0.0": {
							"post": [0, 0, 0],
							"lerp_mode": "catmullrom"
						},
						"0.9167": {
							"post": [-5, 0, 0],
							"lerp_mode": "catmullrom"
						},
						"2.0": {
							"post": [0, 0, 0],
							"lerp_mode": "catmullrom"
						}
					}
				},
				"wing_2_right": {
					"rotation": {
						"0.0": {
							"post": [0, 0, 0],
							"lerp_mode": "catmullrom"
						},
						"0.9167": {
							"post": [-5, 0, 0],
							"lerp_mode": "catmullrom"
						},
						"2.0": {
							"post": [0, 0, 0],
							"lerp_mode": "catmullrom"
						}
					}
				},
				"front_leg_left": {
					"rotation": {
						"0.0": {
							"post": [0, 12.5, -17.5],
							"lerp_mode": "catmullrom"
						},
						"0.5": {
							"post": [0, -15, -17.5],
							"lerp_mode": "catmullrom"
						},
						"1.5": {
							"post": [5.85463, -13.83447, -40.71088],
							"lerp_mode": "catmullrom"
						},
						"2.0": {
							"post": [0, 12.5, -17.5],
							"lerp_mode": "catmullrom"
						}
					}
				},
				"front_leg_left2": {
					"rotation": {
						"0.0": {
							"post": [0, 22.5, 107.5],
							"lerp_mode": "catmullrom"
						},
						"0.5": {
							"post": [0, -27.5, 107.5],
							"lerp_mode": "catmullrom"
						},
						"1.5": {
							"post": [0, 5, 107.5],
							"lerp_mode": "catmullrom"
						},
						"2.0": {
							"post": [0, 22.5, 107.5],
							"lerp_mode": "catmullrom"
						}
					}
				},
				"front_leg_left3": {
					"rotation": [0, 0, 0]
				},
				"front_leg_left4": {
					"rotation": [0, 0, 5]
				},
				"front_leg_left5": {
					"rotation": [0, 0, -5]
				},
				"back_leg_left": {
					"rotation": {
						"0.0": {
							"post": [0, -10, -17.5],
							"lerp_mode": "catmullrom"
						},
						"0.5": {
							"post": [3.86032, -9.23186, -40.31179],
							"lerp_mode": "catmullrom"
						},
						"1.0": {
							"post": [-20.7267, 0, -14.36533],
							"lerp_mode": "catmullrom"
						},
						"2.0": {
							"post": [0, -10, -17.5],
							"lerp_mode": "catmullrom"
						}
					}
				},
				"back_leg_left2": {
					"rotation": {
						"0.0": {
							"post": [0, -20, 102.5],
							"lerp_mode": "catmullrom"
						},
						"0.5": {
							"post": [0, 2.5, 102.5],
							"lerp_mode": "catmullrom"
						},
						"1.0": {
							"post": [0, -10, 102.5],
							"lerp_mode": "catmullrom"
						},
						"2.0": {
							"post": [0, -20, 102.5],
							"lerp_mode": "catmullrom"
						}
					}
				},
				"back_leg_left3": {
					"rotation": [0, 0, 5]
				},
				"back_leg_left4": {
					"rotation": [0, 0, 5]
				},
				"back_leg_left5": {
					"rotation": [0, 0, -5]
				},
				"back_leg_right": {
					"rotation": {
						"0.0": {
							"post": [0, -15, 17.5],
							"lerp_mode": "catmullrom"
						},
						"0.5": {
							"post": [25, -15, 17.5],
							"lerp_mode": "catmullrom"
						},
						"1.5": {
							"post": [15.81609, -27.12009, 44.18098],
							"lerp_mode": "catmullrom"
						},
						"2.0": {
							"post": [0, -15, 17.5],
							"lerp_mode": "catmullrom"
						}
					}
				},
				"back_leg_right2": {
					"rotation": {
						"0.0": {
							"post": [0, -22.5, -102.5],
							"lerp_mode": "catmullrom"
						},
						"0.5": {
							"post": [0, -5, -102.5],
							"lerp_mode": "catmullrom"
						},
						"1.5": {
							"post": [0, -32.5, -102.5],
							"lerp_mode": "catmullrom"
						},
						"2.0": {
							"post": [0, -22.5, -102.5],
							"lerp_mode": "catmullrom"
						}
					}
				},
				"back_leg_right3": {
					"rotation": [0, 0, -5]
				},
				"back_leg_right4": {
					"rotation": [0, 0, -5]
				},
				"back_leg_right5": {
					"rotation": [0, 0, 5]
				},
				"front_leg_right": {
					"rotation": {
						"0.0": [0, 12.5, 17.5],
						"0.5": [4.8493, 11.53486, 40.49008],
						"1.0": [0, -27.5, 17.5],
						"2.0": [0, 12.5, 17.5]
					}
				},
				"front_leg_right2": {
					"rotation": {
						"0.0": [0, 22.5, -107.5],
						"0.5": [0, -5, -107.5],
						"1.0": [0, -17.5, -107.5],
						"2.0": [0, 22.5, -107.5]
					}
				},
				"front_leg_right4": {
					"rotation": [0, 0, -5]
				},
				"front_leg_right5": {
					"rotation": [0, 0, 5]
				}
			}
		},
		"animation.vibrava.battle_idle": {
			"loop": true,
			"animation_length": 2,
			"bones": {
				"body": {
					"rotation": [-5, 0, 0],
					"position": [
						"0-Math.cos((query.anim_time) * 90 * 2 - 20) * 1.5",
						"24-Math.cos((query.anim_time) * 90 * 2 - 20) * 2.5",
						"0-Math.cos((query.anim_time) * 90 * 2 - 20) * 2.5"
					]
				},
				"torso": {
					"rotation": [0, 0, 0]
				},
				"torso2": {
					"rotation": {
						"0.0": {
							"post": [-20, 0, 0],
							"lerp_mode": "catmullrom"
						},
						"0.5417": {
							"post": [-7.5, 0, 0],
							"lerp_mode": "catmullrom"
						},
						"1.4167": {
							"post": [-3.46, 0, 0],
							"lerp_mode": "catmullrom"
						},
						"2.0": {
							"post": [-20, 0, 0],
							"lerp_mode": "catmullrom"
						}
					}
				},
				"torso3": {
					"rotation": {
						"0.0": {
							"post": [-13, 0, 0],
							"lerp_mode": "catmullrom"
						},
						"0.625": {
							"post": [-25.94, 0, 0],
							"lerp_mode": "catmullrom"
						},
						"1.5417": {
							"post": [-25.94, 0, 0],
							"lerp_mode": "catmullrom"
						},
						"2.0": {
							"post": [-13, 0, 0],
							"lerp_mode": "catmullrom"
						}
					}
				},
				"torso4": {
					"rotation": {
						"0.0": {
							"post": [-33, 0, 0],
							"lerp_mode": "catmullrom"
						},
						"0.7917": {
							"post": [-44.5, 0, 0],
							"lerp_mode": "catmullrom"
						},
						"1.3333": {
							"post": [-44.5, 0, 0],
							"lerp_mode": "catmullrom"
						},
						"2.0": {
							"post": [-33, 0, 0],
							"lerp_mode": "catmullrom"
						}
					}
				},
				"torso5": {
					"rotation": {
						"0.0": {
							"post": [-7.5, 0, 0],
							"lerp_mode": "catmullrom"
						},
						"0.7917": {
							"post": [-5, 0, 0],
							"lerp_mode": "catmullrom"
						},
						"1.6667": {
							"post": [-1.44, 0, 0],
							"lerp_mode": "catmullrom"
						},
						"2.0": {
							"post": [-7.5, 0, 0],
							"lerp_mode": "catmullrom"
						}
					}
				},
				"head": {
					"rotation": {
						"0.0": {
							"post": [5, 0, 0],
							"lerp_mode": "catmullrom"
						},
						"1.0": {
							"post": [12.5, 0, 0],
							"lerp_mode": "catmullrom"
						},
						"2.0": {
							"post": [5, 0, 0],
							"lerp_mode": "catmullrom"
						}
					}
				},
				"wing_1_left": {
					"rotation": {
						"0.0": {
							"post": [0, 0, 0],
							"lerp_mode": "catmullrom"
						},
						"0.125": {
							"post": [5, 0, 0],
							"lerp_mode": "catmullrom"
						},
						"0.25": {
							"post": [-5, 0, 0],
							"lerp_mode": "catmullrom"
						},
						"0.375": {
							"post": [0, 0, 0],
							"lerp_mode": "catmullrom"
						},
						"0.5": {
							"post": [5, 0, 0],
							"lerp_mode": "catmullrom"
						},
						"0.625": {
							"post": [-5, 0, 0],
							"lerp_mode": "catmullrom"
						},
						"0.75": {
							"post": [0, 0, 0],
							"lerp_mode": "catmullrom"
						},
						"0.875": {
							"post": [5, 0, 0],
							"lerp_mode": "catmullrom"
						},
						"1.0": {
							"post": [-5, 0, 0],
							"lerp_mode": "catmullrom"
						},
						"1.125": {
							"post": [0, 0, 0],
							"lerp_mode": "catmullrom"
						},
						"1.25": {
							"post": [5, 0, 0],
							"lerp_mode": "catmullrom"
						},
						"1.375": {
							"post": [-5, 0, 0],
							"lerp_mode": "catmullrom"
						},
						"1.5": {
							"post": [0, 0, 0],
							"lerp_mode": "catmullrom"
						},
						"1.625": {
							"post": [5, 0, 0],
							"lerp_mode": "catmullrom"
						},
						"1.75": {
							"post": [-5, 0, 0],
							"lerp_mode": "catmullrom"
						},
						"1.875": {
							"post": [0, 0, 0],
							"lerp_mode": "catmullrom"
						},
						"2.0": {
							"post": [-5, 0, 0],
							"lerp_mode": "catmullrom"
						}
					}
				},
				"wing_1_right": {
					"rotation": {
						"0.0": {
							"post": [0, 0, 0],
							"lerp_mode": "catmullrom"
						},
						"0.125": {
							"post": [5, 0, 0],
							"lerp_mode": "catmullrom"
						},
						"0.25": {
							"post": [-5, 0, 0],
							"lerp_mode": "catmullrom"
						},
						"0.375": {
							"post": [0, 0, 0],
							"lerp_mode": "catmullrom"
						},
						"0.5": {
							"post": [5, 0, 0],
							"lerp_mode": "catmullrom"
						},
						"0.625": {
							"post": [-5, 0, 0],
							"lerp_mode": "catmullrom"
						},
						"0.75": {
							"post": [0, 0, 0],
							"lerp_mode": "catmullrom"
						},
						"0.875": {
							"post": [5, 0, 0],
							"lerp_mode": "catmullrom"
						},
						"1.0": {
							"post": [-5, 0, 0],
							"lerp_mode": "catmullrom"
						},
						"1.125": {
							"post": [0, 0, 0],
							"lerp_mode": "catmullrom"
						},
						"1.25": {
							"post": [5, 0, 0],
							"lerp_mode": "catmullrom"
						},
						"1.375": {
							"post": [-5, 0, 0],
							"lerp_mode": "catmullrom"
						},
						"1.5": {
							"post": [0, 0, 0],
							"lerp_mode": "catmullrom"
						},
						"1.625": {
							"post": [5, 0, 0],
							"lerp_mode": "catmullrom"
						},
						"1.75": {
							"post": [-5, 0, 0],
							"lerp_mode": "catmullrom"
						},
						"1.875": {
							"post": [0, 0, 0],
							"lerp_mode": "catmullrom"
						},
						"2.0": {
							"post": [-5, 0, 0],
							"lerp_mode": "catmullrom"
						}
					}
				},
				"wing_2_left": {
					"rotation": {
						"0.0": {
							"post": [0, 0, 0],
							"lerp_mode": "catmullrom"
						},
						"0.125": {
							"post": [-5, 0, 0],
							"lerp_mode": "catmullrom"
						},
						"0.25": {
							"post": [5, 0, 0],
							"lerp_mode": "catmullrom"
						},
						"0.375": {
							"post": [0, 0, 0],
							"lerp_mode": "catmullrom"
						},
						"0.5": {
							"post": [-5, 0, 0],
							"lerp_mode": "catmullrom"
						},
						"0.625": {
							"post": [5, 0, 0],
							"lerp_mode": "catmullrom"
						},
						"0.75": {
							"post": [0, 0, 0],
							"lerp_mode": "catmullrom"
						},
						"0.875": {
							"post": [-5, 0, 0],
							"lerp_mode": "catmullrom"
						},
						"1.0": {
							"post": [5, 0, 0],
							"lerp_mode": "catmullrom"
						},
						"1.125": {
							"post": [0, 0, 0],
							"lerp_mode": "catmullrom"
						},
						"1.25": {
							"post": [-5, 0, 0],
							"lerp_mode": "catmullrom"
						},
						"1.375": {
							"post": [5, 0, 0],
							"lerp_mode": "catmullrom"
						},
						"1.5": {
							"post": [0, 0, 0],
							"lerp_mode": "catmullrom"
						},
						"1.625": {
							"post": [-5, 0, 0],
							"lerp_mode": "catmullrom"
						},
						"1.75": {
							"post": [5, 0, 0],
							"lerp_mode": "catmullrom"
						},
						"1.875": {
							"post": [0, 0, 0],
							"lerp_mode": "catmullrom"
						},
						"2.0": {
							"post": [5, 0, 0],
							"lerp_mode": "catmullrom"
						}
					}
				},
				"wing_2_right": {
					"rotation": {
						"0.0": {
							"post": [0, 0, 0],
							"lerp_mode": "catmullrom"
						},
						"0.125": {
							"post": [-5, 0, 0],
							"lerp_mode": "catmullrom"
						},
						"0.25": {
							"post": [5, 0, 0],
							"lerp_mode": "catmullrom"
						},
						"0.375": {
							"post": [0, 0, 0],
							"lerp_mode": "catmullrom"
						},
						"0.5": {
							"post": [-5, 0, 0],
							"lerp_mode": "catmullrom"
						},
						"0.625": {
							"post": [5, 0, 0],
							"lerp_mode": "catmullrom"
						},
						"0.75": {
							"post": [0, 0, 0],
							"lerp_mode": "catmullrom"
						},
						"0.875": {
							"post": [-5, 0, 0],
							"lerp_mode": "catmullrom"
						},
						"1.0": {
							"post": [5, 0, 0],
							"lerp_mode": "catmullrom"
						},
						"1.125": {
							"post": [0, 0, 0],
							"lerp_mode": "catmullrom"
						},
						"1.25": {
							"post": [-5, 0, 0],
							"lerp_mode": "catmullrom"
						},
						"1.375": {
							"post": [5, 0, 0],
							"lerp_mode": "catmullrom"
						},
						"1.5": {
							"post": [0, 0, 0],
							"lerp_mode": "catmullrom"
						},
						"1.625": {
							"post": [-5, 0, 0],
							"lerp_mode": "catmullrom"
						},
						"1.75": {
							"post": [5, 0, 0],
							"lerp_mode": "catmullrom"
						},
						"1.875": {
							"post": [0, 0, 0],
							"lerp_mode": "catmullrom"
						},
						"2.0": {
							"post": [5, 0, 0],
							"lerp_mode": "catmullrom"
						}
					}
				},
				"front_leg_left": {
					"rotation": {
						"0.0": {
							"post": [0, 0, 50],
							"lerp_mode": "catmullrom"
						},
						"0.5417": {
							"post": [0, 0, 45],
							"lerp_mode": "catmullrom"
						},
						"1.4167": {
							"post": [0, 0, 52.5],
							"lerp_mode": "catmullrom"
						},
						"2.0": {
							"post": [0, 0, 50],
							"lerp_mode": "catmullrom"
						}
					}
				},
				"front_leg_left2": {
					"rotation": {
						"0.0": {
							"post": [0, 0, 45],
							"lerp_mode": "catmullrom"
						},
						"0.625": {
							"post": [0, 0, 40],
							"lerp_mode": "catmullrom"
						},
						"1.5": {
							"post": [0, 0, 47.5],
							"lerp_mode": "catmullrom"
						},
						"2.0": {
							"post": [0, 0, 45],
							"lerp_mode": "catmullrom"
						}
					}
				},
				"front_leg_left3": {
					"rotation": {
						"0.0": {
							"post": [0, 0, 15],
							"lerp_mode": "catmullrom"
						},
						"0.7083": {
							"post": [0, 0, 10],
							"lerp_mode": "catmullrom"
						},
						"1.5833": {
							"post": [0, 0, 15],
							"lerp_mode": "catmullrom"
						},
						"2.0": {
							"post": [0, 0, 15],
							"lerp_mode": "catmullrom"
						}
					}
				},
				"front_leg_left4": {
					"rotation": {
						"0.0": {
							"post": [0, 0, 10],
							"lerp_mode": "catmullrom"
						},
						"0.7917": {
							"post": [0, 0, 12.5],
							"lerp_mode": "catmullrom"
						},
						"2.0": {
							"post": [0, 0, 10],
							"lerp_mode": "catmullrom"
						}
					}
				},
				"front_leg_left5": {
					"rotation": {
						"0.0": {
							"post": [0, 0, -15],
							"lerp_mode": "catmullrom"
						},
						"0.7917": {
							"post": [0, 0, -17.5],
							"lerp_mode": "catmullrom"
						},
						"2.0": {
							"post": [0, 0, -15],
							"lerp_mode": "catmullrom"
						}
					}
				},
				"back_leg_left": {
					"rotation": [0, 0, 37.5]
				},
				"back_leg_left2": {
					"rotation": [0, 0, 52.5]
				},
				"back_leg_left3": {
					"rotation": [0, 0, 10]
				},
				"back_leg_left4": {
					"rotation": [0, 0, 7.5]
				},
				"back_leg_left5": {
					"rotation": [0, 0, -20]
				},
				"back_leg_right": {
					"rotation": [0, 0, -37.5]
				},
				"back_leg_right2": {
					"rotation": [0, 0, -52.5]
				},
				"back_leg_right3": {
					"rotation": [0, 0, -10]
				},
				"back_leg_right4": {
					"rotation": [0, 0, -7.5]
				},
				"back_leg_right5": {
					"rotation": [0, 0, 20]
				},
				"front_leg_right": {
					"rotation": {
						"0.0": {
							"post": [0, 0, -50],
							"lerp_mode": "catmullrom"
						},
						"0.5417": {
							"post": [0, 0, -45],
							"lerp_mode": "catmullrom"
						},
						"1.4167": {
							"post": [0, 0, -52.5],
							"lerp_mode": "catmullrom"
						},
						"2.0": {
							"post": [0, 0, -50],
							"lerp_mode": "catmullrom"
						}
					}
				},
				"front_leg_right2": {
					"rotation": {
						"0.0": {
							"post": [0, 0, -45],
							"lerp_mode": "catmullrom"
						},
						"0.625": {
							"post": [0, 0, -40],
							"lerp_mode": "catmullrom"
						},
						"1.5": {
							"post": [0, 0, -45],
							"lerp_mode": "catmullrom"
						},
						"2.0": {
							"post": [0, 0, -45],
							"lerp_mode": "catmullrom"
						}
					}
				},
				"front_leg_right3": {
					"rotation": {
						"0.0": {
							"post": [0, 0, -15],
							"lerp_mode": "catmullrom"
						},
						"0.7083": {
							"post": [0, 0, -10],
							"lerp_mode": "catmullrom"
						},
						"1.5833": {
							"post": [0, 0, -17.5],
							"lerp_mode": "catmullrom"
						},
						"2.0": {
							"post": [0, 0, -15],
							"lerp_mode": "catmullrom"
						}
					}
				},
				"front_leg_right4": {
					"rotation": {
						"0.0": {
							"post": [0, 0, -10],
							"lerp_mode": "catmullrom"
						},
						"0.7917": {
							"post": [0, 0, -7.5],
							"lerp_mode": "catmullrom"
						},
						"2.0": {
							"post": [0, 0, -10],
							"lerp_mode": "catmullrom"
						}
					}
				},
				"front_leg_right5": {
					"rotation": {
						"0.0": {
							"post": [0, 0, 17.5],
							"lerp_mode": "catmullrom"
						},
						"0.7917": {
							"post": [0, 0, 15],
							"lerp_mode": "catmullrom"
						},
						"2.0": {
							"post": [0, 0, 17.5],
							"lerp_mode": "catmullrom"
						}
					}
				},
				"antena_left": {
					"rotation": {
						"0.0": {
							"post": [35, 0, 0],
							"lerp_mode": "catmullrom"
						},
						"0.9167": {
							"post": [40, 0, 0],
							"lerp_mode": "catmullrom"
						},
						"2.0": {
							"post": [35, 0, 0],
							"lerp_mode": "catmullrom"
						}
					}
				},
				"antena_left2": {
					"rotation": {
						"0.0": {
							"post": [10, 0, 0],
							"lerp_mode": "catmullrom"
						},
						"1.0": {
							"post": [15, 0, 0],
							"lerp_mode": "catmullrom"
						},
						"2.0": {
							"post": [10, 0, 0],
							"lerp_mode": "catmullrom"
						}
					}
				},
				"antena_left3": {
					"rotation": {
						"0.0": {
							"post": [12.5, 0, 0],
							"lerp_mode": "catmullrom"
						},
						"1.0833": {
							"post": [17.5, 0, 0],
							"lerp_mode": "catmullrom"
						},
						"2.0": {
							"post": [12.5, 0, 0],
							"lerp_mode": "catmullrom"
						}
					}
				},
				"antena_left4": {
					"rotation": {
						"0.0": {
							"post": [17.5, 0, 0],
							"lerp_mode": "catmullrom"
						},
						"1.1667": {
							"post": [25, 0, 0],
							"lerp_mode": "catmullrom"
						},
						"2.0": {
							"post": [17.5, 0, 0],
							"lerp_mode": "catmullrom"
						}
					}
				},
				"antena_left5": {
					"rotation": {
						"0.0": {
							"post": [7.5, 0, 0],
							"lerp_mode": "catmullrom"
						},
						"1.25": {
							"post": [17.5, 0, 0],
							"lerp_mode": "catmullrom"
						},
						"2.0": {
							"post": [7.5, 0, 0],
							"lerp_mode": "catmullrom"
						}
					}
				},
				"antena_right": {
					"rotation": {
						"0.0": {
							"post": [45, 0, 0],
							"lerp_mode": "catmullrom"
						},
						"0.9167": {
							"post": [50, 0, 0],
							"lerp_mode": "catmullrom"
						},
						"2.0": {
							"post": [45, 0, 0],
							"lerp_mode": "catmullrom"
						}
					}
				},
				"antena_right2": {
					"rotation": {
						"0.0": {
							"post": [15, 0, 0],
							"lerp_mode": "catmullrom"
						},
						"1.0": {
							"post": [22.5, 0, 0],
							"lerp_mode": "catmullrom"
						},
						"2.0": {
							"post": [15, 0, 0],
							"lerp_mode": "catmullrom"
						}
					}
				},
				"antena_right3": {
					"rotation": {
						"0.0": {
							"post": [12.5, 0, 0],
							"lerp_mode": "catmullrom"
						},
						"1.0833": {
							"post": [20, 0, 0],
							"lerp_mode": "catmullrom"
						},
						"2.0": {
							"post": [12.5, 0, 0],
							"lerp_mode": "catmullrom"
						}
					}
				},
				"antena_right4": {
					"rotation": {
						"0.0": {
							"post": [12.5, 0, 0],
							"lerp_mode": "catmullrom"
						},
						"1.1667": {
							"post": [20, 0, 0],
							"lerp_mode": "catmullrom"
						},
						"2.0": {
							"post": [12.5, 0, 0],
							"lerp_mode": "catmullrom"
						}
					}
				},
				"antena_right5": {
					"rotation": {
						"0.0": {
							"post": [12.5, 0, 0],
							"lerp_mode": "catmullrom"
						},
						"1.25": {
							"post": [17.5, 0, 0],
							"lerp_mode": "catmullrom"
						},
						"2.0": {
							"post": [12.5, 0, 0],
							"lerp_mode": "catmullrom"
						}
					}
				}
			}
		},
		"animation.vibrava.air_idle": {
			"loop": true,
			"animation_length": 2,
			"bones": {
				"body": {
					"rotation": [-5, 0, 0],
					"position": [
						"0-Math.cos((query.anim_time) * 90 * 2 - 20) * 1.5",
						"24-Math.cos((query.anim_time) * 90 * 2 - 20) * 2.5",
						"0-Math.cos((query.anim_time) * 90 * 2 - 20) * 2.5"
					]
				},
				"torso": {
					"rotation": [0, 0, 0]
				},
				"torso2": {
					"rotation": {
						"0.0": {
							"post": [-10, 0, 0],
							"lerp_mode": "catmullrom"
						},
						"0.5417": {
							"post": [-7.5, 0, 0],
							"lerp_mode": "catmullrom"
						},
						"1.4167": {
							"post": [-3.46, 0, 0],
							"lerp_mode": "catmullrom"
						},
						"2.0": {
							"post": [-10, 0, 0],
							"lerp_mode": "catmullrom"
						}
					}
				},
				"torso3": {
					"rotation": {
						"0.0": {
							"post": [-10, 0, 0],
							"lerp_mode": "catmullrom"
						},
						"0.625": {
							"post": [-7.5, 0, 0],
							"lerp_mode": "catmullrom"
						},
						"1.5": {
							"post": [-3.59, 0, 0],
							"lerp_mode": "catmullrom"
						},
						"2.0": {
							"post": [-10, 0, 0],
							"lerp_mode": "catmullrom"
						}
					}
				},
				"torso4": {
					"rotation": {
						"0.0": {
							"post": [-10, 0, 0],
							"lerp_mode": "catmullrom"
						},
						"0.7083": {
							"post": [-7.5, 0, 0],
							"lerp_mode": "catmullrom"
						},
						"1.5833": {
							"post": [-3.75, 0, 0],
							"lerp_mode": "catmullrom"
						},
						"2.0": {
							"post": [-10, 0, 0],
							"lerp_mode": "catmullrom"
						}
					}
				},
				"torso5": {
					"rotation": {
						"0.0": {
							"post": [-7.5, 0, 0],
							"lerp_mode": "catmullrom"
						},
						"0.7917": {
							"post": [-5, 0, 0],
							"lerp_mode": "catmullrom"
						},
						"1.6667": {
							"post": [-1.44, 0, 0],
							"lerp_mode": "catmullrom"
						},
						"2.0": {
							"post": [-7.5, 0, 0],
							"lerp_mode": "catmullrom"
						}
					}
				},
				"head": {
					"rotation": {
						"0.0": {
							"post": [5, 0, 0],
							"lerp_mode": "catmullrom"
						},
						"1.0": {
							"post": [12.5, 0, 0],
							"lerp_mode": "catmullrom"
						},
						"2.0": {
							"post": [5, 0, 0],
							"lerp_mode": "catmullrom"
						}
					}
				},
				"wing_1_left": {
					"rotation": {
						"0.0": {
							"post": [0, 0, 0],
							"lerp_mode": "catmullrom"
						},
						"0.125": {
							"post": [5, 0, 0],
							"lerp_mode": "catmullrom"
						},
						"0.25": {
							"post": [-5, 0, 0],
							"lerp_mode": "catmullrom"
						},
						"0.375": {
							"post": [0, 0, 0],
							"lerp_mode": "catmullrom"
						},
						"0.5": {
							"post": [5, 0, 0],
							"lerp_mode": "catmullrom"
						},
						"0.625": {
							"post": [-5, 0, 0],
							"lerp_mode": "catmullrom"
						},
						"0.75": {
							"post": [0, 0, 0],
							"lerp_mode": "catmullrom"
						},
						"0.875": {
							"post": [5, 0, 0],
							"lerp_mode": "catmullrom"
						},
						"1.0": {
							"post": [-5, 0, 0],
							"lerp_mode": "catmullrom"
						},
						"1.125": {
							"post": [0, 0, 0],
							"lerp_mode": "catmullrom"
						},
						"1.25": {
							"post": [5, 0, 0],
							"lerp_mode": "catmullrom"
						},
						"1.375": {
							"post": [-5, 0, 0],
							"lerp_mode": "catmullrom"
						},
						"1.5": {
							"post": [0, 0, 0],
							"lerp_mode": "catmullrom"
						},
						"1.625": {
							"post": [5, 0, 0],
							"lerp_mode": "catmullrom"
						},
						"1.75": {
							"post": [-5, 0, 0],
							"lerp_mode": "catmullrom"
						},
						"1.875": {
							"post": [0, 0, 0],
							"lerp_mode": "catmullrom"
						},
						"2.0": {
							"post": [-5, 0, 0],
							"lerp_mode": "catmullrom"
						}
					}
				},
				"wing_1_right": {
					"rotation": {
						"0.0": {
							"post": [0, 0, 0],
							"lerp_mode": "catmullrom"
						},
						"0.125": {
							"post": [5, 0, 0],
							"lerp_mode": "catmullrom"
						},
						"0.25": {
							"post": [-5, 0, 0],
							"lerp_mode": "catmullrom"
						},
						"0.375": {
							"post": [0, 0, 0],
							"lerp_mode": "catmullrom"
						},
						"0.5": {
							"post": [5, 0, 0],
							"lerp_mode": "catmullrom"
						},
						"0.625": {
							"post": [-5, 0, 0],
							"lerp_mode": "catmullrom"
						},
						"0.75": {
							"post": [0, 0, 0],
							"lerp_mode": "catmullrom"
						},
						"0.875": {
							"post": [5, 0, 0],
							"lerp_mode": "catmullrom"
						},
						"1.0": {
							"post": [-5, 0, 0],
							"lerp_mode": "catmullrom"
						},
						"1.125": {
							"post": [0, 0, 0],
							"lerp_mode": "catmullrom"
						},
						"1.25": {
							"post": [5, 0, 0],
							"lerp_mode": "catmullrom"
						},
						"1.375": {
							"post": [-5, 0, 0],
							"lerp_mode": "catmullrom"
						},
						"1.5": {
							"post": [0, 0, 0],
							"lerp_mode": "catmullrom"
						},
						"1.625": {
							"post": [5, 0, 0],
							"lerp_mode": "catmullrom"
						},
						"1.75": {
							"post": [-5, 0, 0],
							"lerp_mode": "catmullrom"
						},
						"1.875": {
							"post": [0, 0, 0],
							"lerp_mode": "catmullrom"
						},
						"2.0": {
							"post": [-5, 0, 0],
							"lerp_mode": "catmullrom"
						}
					}
				},
				"wing_2_left": {
					"rotation": {
						"0.0": {
							"post": [0, 0, 0],
							"lerp_mode": "catmullrom"
						},
						"0.125": {
							"post": [-5, 0, 0],
							"lerp_mode": "catmullrom"
						},
						"0.25": {
							"post": [5, 0, 0],
							"lerp_mode": "catmullrom"
						},
						"0.375": {
							"post": [0, 0, 0],
							"lerp_mode": "catmullrom"
						},
						"0.5": {
							"post": [-5, 0, 0],
							"lerp_mode": "catmullrom"
						},
						"0.625": {
							"post": [5, 0, 0],
							"lerp_mode": "catmullrom"
						},
						"0.75": {
							"post": [0, 0, 0],
							"lerp_mode": "catmullrom"
						},
						"0.875": {
							"post": [-5, 0, 0],
							"lerp_mode": "catmullrom"
						},
						"1.0": {
							"post": [5, 0, 0],
							"lerp_mode": "catmullrom"
						},
						"1.125": {
							"post": [0, 0, 0],
							"lerp_mode": "catmullrom"
						},
						"1.25": {
							"post": [-5, 0, 0],
							"lerp_mode": "catmullrom"
						},
						"1.375": {
							"post": [5, 0, 0],
							"lerp_mode": "catmullrom"
						},
						"1.5": {
							"post": [0, 0, 0],
							"lerp_mode": "catmullrom"
						},
						"1.625": {
							"post": [-5, 0, 0],
							"lerp_mode": "catmullrom"
						},
						"1.75": {
							"post": [5, 0, 0],
							"lerp_mode": "catmullrom"
						},
						"1.875": {
							"post": [0, 0, 0],
							"lerp_mode": "catmullrom"
						},
						"2.0": {
							"post": [5, 0, 0],
							"lerp_mode": "catmullrom"
						}
					}
				},
				"wing_2_right": {
					"rotation": {
						"0.0": {
							"post": [0, 0, 0],
							"lerp_mode": "catmullrom"
						},
						"0.125": {
							"post": [-5, 0, 0],
							"lerp_mode": "catmullrom"
						},
						"0.25": {
							"post": [5, 0, 0],
							"lerp_mode": "catmullrom"
						},
						"0.375": {
							"post": [0, 0, 0],
							"lerp_mode": "catmullrom"
						},
						"0.5": {
							"post": [-5, 0, 0],
							"lerp_mode": "catmullrom"
						},
						"0.625": {
							"post": [5, 0, 0],
							"lerp_mode": "catmullrom"
						},
						"0.75": {
							"post": [0, 0, 0],
							"lerp_mode": "catmullrom"
						},
						"0.875": {
							"post": [-5, 0, 0],
							"lerp_mode": "catmullrom"
						},
						"1.0": {
							"post": [5, 0, 0],
							"lerp_mode": "catmullrom"
						},
						"1.125": {
							"post": [0, 0, 0],
							"lerp_mode": "catmullrom"
						},
						"1.25": {
							"post": [-5, 0, 0],
							"lerp_mode": "catmullrom"
						},
						"1.375": {
							"post": [5, 0, 0],
							"lerp_mode": "catmullrom"
						},
						"1.5": {
							"post": [0, 0, 0],
							"lerp_mode": "catmullrom"
						},
						"1.625": {
							"post": [-5, 0, 0],
							"lerp_mode": "catmullrom"
						},
						"1.75": {
							"post": [5, 0, 0],
							"lerp_mode": "catmullrom"
						},
						"1.875": {
							"post": [0, 0, 0],
							"lerp_mode": "catmullrom"
						},
						"2.0": {
							"post": [5, 0, 0],
							"lerp_mode": "catmullrom"
						}
					}
				},
				"front_leg_left": {
					"rotation": {
						"0.0": {
							"post": [0, 0, 50],
							"lerp_mode": "catmullrom"
						},
						"0.5417": {
							"post": [0, 0, 45],
							"lerp_mode": "catmullrom"
						},
						"1.4167": {
							"post": [0, 0, 52.5],
							"lerp_mode": "catmullrom"
						},
						"2.0": {
							"post": [0, 0, 50],
							"lerp_mode": "catmullrom"
						}
					}
				},
				"front_leg_left2": {
					"rotation": {
						"0.0": {
							"post": [0, 0, 45],
							"lerp_mode": "catmullrom"
						},
						"0.625": {
							"post": [0, 0, 40],
							"lerp_mode": "catmullrom"
						},
						"1.5": {
							"post": [0, 0, 47.5],
							"lerp_mode": "catmullrom"
						},
						"2.0": {
							"post": [0, 0, 45],
							"lerp_mode": "catmullrom"
						}
					}
				},
				"front_leg_left3": {
					"rotation": {
						"0.0": {
							"post": [0, 0, 15],
							"lerp_mode": "catmullrom"
						},
						"0.7083": {
							"post": [0, 0, 10],
							"lerp_mode": "catmullrom"
						},
						"1.5833": {
							"post": [0, 0, 15],
							"lerp_mode": "catmullrom"
						},
						"2.0": {
							"post": [0, 0, 15],
							"lerp_mode": "catmullrom"
						}
					}
				},
				"front_leg_left4": {
					"rotation": {
						"0.0": {
							"post": [0, 0, 10],
							"lerp_mode": "catmullrom"
						},
						"0.7917": {
							"post": [0, 0, 12.5],
							"lerp_mode": "catmullrom"
						},
						"2.0": {
							"post": [0, 0, 10],
							"lerp_mode": "catmullrom"
						}
					}
				},
				"front_leg_left5": {
					"rotation": {
						"0.0": {
							"post": [0, 0, -15],
							"lerp_mode": "catmullrom"
						},
						"0.7917": {
							"post": [0, 0, -17.5],
							"lerp_mode": "catmullrom"
						},
						"2.0": {
							"post": [0, 0, -15],
							"lerp_mode": "catmullrom"
						}
					}
				},
				"back_leg_left": {
					"rotation": [0, 0, 37.5]
				},
				"back_leg_left2": {
					"rotation": [0, 0, 52.5]
				},
				"back_leg_left3": {
					"rotation": [0, 0, 10]
				},
				"back_leg_left4": {
					"rotation": [0, 0, 7.5]
				},
				"back_leg_left5": {
					"rotation": [0, 0, -20]
				},
				"back_leg_right": {
					"rotation": [0, 0, -37.5]
				},
				"back_leg_right2": {
					"rotation": [0, 0, -52.5]
				},
				"back_leg_right3": {
					"rotation": [0, 0, -10]
				},
				"back_leg_right4": {
					"rotation": [0, 0, -7.5]
				},
				"back_leg_right5": {
					"rotation": [0, 0, 20]
				},
				"front_leg_right": {
					"rotation": {
						"0.0": {
							"post": [0, 0, -50],
							"lerp_mode": "catmullrom"
						},
						"0.5417": {
							"post": [0, 0, -45],
							"lerp_mode": "catmullrom"
						},
						"1.4167": {
							"post": [0, 0, -52.5],
							"lerp_mode": "catmullrom"
						},
						"2.0": {
							"post": [0, 0, -50],
							"lerp_mode": "catmullrom"
						}
					}
				},
				"front_leg_right2": {
					"rotation": {
						"0.0": {
							"post": [0, 0, -45],
							"lerp_mode": "catmullrom"
						},
						"0.625": {
							"post": [0, 0, -40],
							"lerp_mode": "catmullrom"
						},
						"1.5": {
							"post": [0, 0, -45],
							"lerp_mode": "catmullrom"
						},
						"2.0": {
							"post": [0, 0, -45],
							"lerp_mode": "catmullrom"
						}
					}
				},
				"front_leg_right3": {
					"rotation": {
						"0.0": {
							"post": [0, 0, -15],
							"lerp_mode": "catmullrom"
						},
						"0.7083": {
							"post": [0, 0, -10],
							"lerp_mode": "catmullrom"
						},
						"1.5833": {
							"post": [0, 0, -17.5],
							"lerp_mode": "catmullrom"
						},
						"2.0": {
							"post": [0, 0, -15],
							"lerp_mode": "catmullrom"
						}
					}
				},
				"front_leg_right4": {
					"rotation": {
						"0.0": {
							"post": [0, 0, -10],
							"lerp_mode": "catmullrom"
						},
						"0.7917": {
							"post": [0, 0, -7.5],
							"lerp_mode": "catmullrom"
						},
						"2.0": {
							"post": [0, 0, -10],
							"lerp_mode": "catmullrom"
						}
					}
				},
				"front_leg_right5": {
					"rotation": {
						"0.0": {
							"post": [0, 0, 17.5],
							"lerp_mode": "catmullrom"
						},
						"0.7917": {
							"post": [0, 0, 15],
							"lerp_mode": "catmullrom"
						},
						"2.0": {
							"post": [0, 0, 17.5],
							"lerp_mode": "catmullrom"
						}
					}
				},
				"antena_left": {
					"rotation": {
						"0.0": {
							"post": [35, 0, 0],
							"lerp_mode": "catmullrom"
						},
						"0.9167": {
							"post": [40, 0, 0],
							"lerp_mode": "catmullrom"
						},
						"2.0": {
							"post": [35, 0, 0],
							"lerp_mode": "catmullrom"
						}
					}
				},
				"antena_left2": {
					"rotation": {
						"0.0": {
							"post": [10, 0, 0],
							"lerp_mode": "catmullrom"
						},
						"1.0": {
							"post": [15, 0, 0],
							"lerp_mode": "catmullrom"
						},
						"2.0": {
							"post": [10, 0, 0],
							"lerp_mode": "catmullrom"
						}
					}
				},
				"antena_left3": {
					"rotation": {
						"0.0": {
							"post": [12.5, 0, 0],
							"lerp_mode": "catmullrom"
						},
						"1.0833": {
							"post": [17.5, 0, 0],
							"lerp_mode": "catmullrom"
						},
						"2.0": {
							"post": [12.5, 0, 0],
							"lerp_mode": "catmullrom"
						}
					}
				},
				"antena_left4": {
					"rotation": {
						"0.0": {
							"post": [17.5, 0, 0],
							"lerp_mode": "catmullrom"
						},
						"1.1667": {
							"post": [25, 0, 0],
							"lerp_mode": "catmullrom"
						},
						"2.0": {
							"post": [17.5, 0, 0],
							"lerp_mode": "catmullrom"
						}
					}
				},
				"antena_left5": {
					"rotation": {
						"0.0": {
							"post": [7.5, 0, 0],
							"lerp_mode": "catmullrom"
						},
						"1.25": {
							"post": [17.5, 0, 0],
							"lerp_mode": "catmullrom"
						},
						"2.0": {
							"post": [7.5, 0, 0],
							"lerp_mode": "catmullrom"
						}
					}
				},
				"antena_right": {
					"rotation": {
						"0.0": {
							"post": [45, 0, 0],
							"lerp_mode": "catmullrom"
						},
						"0.9167": {
							"post": [50, 0, 0],
							"lerp_mode": "catmullrom"
						},
						"2.0": {
							"post": [45, 0, 0],
							"lerp_mode": "catmullrom"
						}
					}
				},
				"antena_right2": {
					"rotation": {
						"0.0": {
							"post": [15, 0, 0],
							"lerp_mode": "catmullrom"
						},
						"1.0": {
							"post": [22.5, 0, 0],
							"lerp_mode": "catmullrom"
						},
						"2.0": {
							"post": [15, 0, 0],
							"lerp_mode": "catmullrom"
						}
					}
				},
				"antena_right3": {
					"rotation": {
						"0.0": {
							"post": [12.5, 0, 0],
							"lerp_mode": "catmullrom"
						},
						"1.0833": {
							"post": [20, 0, 0],
							"lerp_mode": "catmullrom"
						},
						"2.0": {
							"post": [12.5, 0, 0],
							"lerp_mode": "catmullrom"
						}
					}
				},
				"antena_right4": {
					"rotation": {
						"0.0": {
							"post": [12.5, 0, 0],
							"lerp_mode": "catmullrom"
						},
						"1.1667": {
							"post": [20, 0, 0],
							"lerp_mode": "catmullrom"
						},
						"2.0": {
							"post": [12.5, 0, 0],
							"lerp_mode": "catmullrom"
						}
					}
				},
				"antena_right5": {
					"rotation": {
						"0.0": {
							"post": [12.5, 0, 0],
							"lerp_mode": "catmullrom"
						},
						"1.25": {
							"post": [17.5, 0, 0],
							"lerp_mode": "catmullrom"
						},
						"2.0": {
							"post": [12.5, 0, 0],
							"lerp_mode": "catmullrom"
						}
					}
				}
			}
		},
		"animation.vibrava.air_fly": {
			"loop": true,
			"animation_length": 2,
			"bones": {
				"body": {
					"rotation": [-5, 0, 0],
					"position": [
						"0-Math.cos((query.anim_time) * 90 * 2 - 20) * 1.5",
						"24-Math.cos((query.anim_time) * 90 * 2 - 20) * 2.5",
						"0-Math.cos((query.anim_time) * 90 * 2 - 20) * 2.5"
					]
				},
				"torso": {
					"rotation": [0, 0, 0]
				},
				"torso2": {
					"rotation": {
						"0.0": {
							"post": [2.5, 0, 0],
							"lerp_mode": "catmullrom"
						},
						"0.375": {
							"post": [2.50238, -2.49762, -0.10912],
							"lerp_mode": "catmullrom"
						},
						"1.375": {
							"post": [2.50238, 2.49762, 0.10912],
							"lerp_mode": "catmullrom"
						},
						"2.0": {
							"post": [2.5, 0, 0],
							"lerp_mode": "catmullrom"
						}
					}
				},
				"torso3": {
					"rotation": {
						"0.0": {
							"post": [2.5, 0, 0],
							"lerp_mode": "catmullrom"
						},
						"0.4583": {
							"post": [2.50954, -4.99523, -0.21865],
							"lerp_mode": "catmullrom"
						},
						"1.4583": {
							"post": [2.50954, 4.99523, 0.21865],
							"lerp_mode": "catmullrom"
						},
						"2.0": {
							"post": [2.5, 0, 0],
							"lerp_mode": "catmullrom"
						}
					}
				},
				"torso4": {
					"rotation": {
						"0.0": {
							"post": [5, 0, 0],
							"lerp_mode": "catmullrom"
						},
						"0.5417": {
							"post": [5.04292, -7.4713, -0.6574],
							"lerp_mode": "catmullrom"
						},
						"1.5417": {
							"post": [5.04292, 7.4713, 0.6574],
							"lerp_mode": "catmullrom"
						},
						"2.0": {
							"post": [5, 0, 0],
							"lerp_mode": "catmullrom"
						}
					}
				},
				"torso5": {
					"rotation": {
						"0.0": {
							"post": [12.5, 0, 0],
							"lerp_mode": "catmullrom"
						},
						"0.625": {
							"post": [12.68664, -9.76061, -2.18558],
							"lerp_mode": "catmullrom"
						},
						"1.5833": {
							"post": [12.68664, 9.76061, 2.18558],
							"lerp_mode": "catmullrom"
						},
						"2.0": {
							"post": [12.5, 0, 0],
							"lerp_mode": "catmullrom"
						}
					}
				},
				"head": {
					"rotation": {
						"0.0": {
							"post": [5, 0, 0],
							"lerp_mode": "catmullrom"
						},
						"1.0": {
							"post": [12.5, 0, 0],
							"lerp_mode": "catmullrom"
						},
						"2.0": {
							"post": [5, 0, 0],
							"lerp_mode": "catmullrom"
						}
					}
				},
				"wing_1_left": {
					"rotation": {
						"0.0": {
							"post": [0, 0, 0],
							"lerp_mode": "catmullrom"
						},
						"0.125": {
							"post": [5, 0, 0],
							"lerp_mode": "catmullrom"
						},
						"0.25": {
							"post": [-5, 0, 0],
							"lerp_mode": "catmullrom"
						},
						"0.375": {
							"post": [0, 0, 0],
							"lerp_mode": "catmullrom"
						},
						"0.5": {
							"post": [5, 0, 0],
							"lerp_mode": "catmullrom"
						},
						"0.625": {
							"post": [-5, 0, 0],
							"lerp_mode": "catmullrom"
						},
						"0.75": {
							"post": [0, 0, 0],
							"lerp_mode": "catmullrom"
						},
						"0.875": {
							"post": [5, 0, 0],
							"lerp_mode": "catmullrom"
						},
						"1.0": {
							"post": [-5, 0, 0],
							"lerp_mode": "catmullrom"
						},
						"1.125": {
							"post": [0, 0, 0],
							"lerp_mode": "catmullrom"
						},
						"1.25": {
							"post": [5, 0, 0],
							"lerp_mode": "catmullrom"
						},
						"1.375": {
							"post": [-5, 0, 0],
							"lerp_mode": "catmullrom"
						},
						"1.5": {
							"post": [0, 0, 0],
							"lerp_mode": "catmullrom"
						},
						"1.625": {
							"post": [5, 0, 0],
							"lerp_mode": "catmullrom"
						},
						"1.75": {
							"post": [-5, 0, 0],
							"lerp_mode": "catmullrom"
						},
						"1.875": {
							"post": [0, 0, 0],
							"lerp_mode": "catmullrom"
						},
						"2.0": {
							"post": [-5, 0, 0],
							"lerp_mode": "catmullrom"
						}
					}
				},
				"wing_1_right": {
					"rotation": {
						"0.0": {
							"post": [0, 0, 0],
							"lerp_mode": "catmullrom"
						},
						"0.125": {
							"post": [5, 0, 0],
							"lerp_mode": "catmullrom"
						},
						"0.25": {
							"post": [-5, 0, 0],
							"lerp_mode": "catmullrom"
						},
						"0.375": {
							"post": [0, 0, 0],
							"lerp_mode": "catmullrom"
						},
						"0.5": {
							"post": [5, 0, 0],
							"lerp_mode": "catmullrom"
						},
						"0.625": {
							"post": [-5, 0, 0],
							"lerp_mode": "catmullrom"
						},
						"0.75": {
							"post": [0, 0, 0],
							"lerp_mode": "catmullrom"
						},
						"0.875": {
							"post": [5, 0, 0],
							"lerp_mode": "catmullrom"
						},
						"1.0": {
							"post": [-5, 0, 0],
							"lerp_mode": "catmullrom"
						},
						"1.125": {
							"post": [0, 0, 0],
							"lerp_mode": "catmullrom"
						},
						"1.25": {
							"post": [5, 0, 0],
							"lerp_mode": "catmullrom"
						},
						"1.375": {
							"post": [-5, 0, 0],
							"lerp_mode": "catmullrom"
						},
						"1.5": {
							"post": [0, 0, 0],
							"lerp_mode": "catmullrom"
						},
						"1.625": {
							"post": [5, 0, 0],
							"lerp_mode": "catmullrom"
						},
						"1.75": {
							"post": [-5, 0, 0],
							"lerp_mode": "catmullrom"
						},
						"1.875": {
							"post": [0, 0, 0],
							"lerp_mode": "catmullrom"
						},
						"2.0": {
							"post": [-5, 0, 0],
							"lerp_mode": "catmullrom"
						}
					}
				},
				"wing_2_left": {
					"rotation": {
						"0.0": {
							"post": [0, 0, 0],
							"lerp_mode": "catmullrom"
						},
						"0.125": {
							"post": [-5, 0, 0],
							"lerp_mode": "catmullrom"
						},
						"0.25": {
							"post": [5, 0, 0],
							"lerp_mode": "catmullrom"
						},
						"0.375": {
							"post": [0, 0, 0],
							"lerp_mode": "catmullrom"
						},
						"0.5": {
							"post": [-5, 0, 0],
							"lerp_mode": "catmullrom"
						},
						"0.625": {
							"post": [5, 0, 0],
							"lerp_mode": "catmullrom"
						},
						"0.75": {
							"post": [0, 0, 0],
							"lerp_mode": "catmullrom"
						},
						"0.875": {
							"post": [-5, 0, 0],
							"lerp_mode": "catmullrom"
						},
						"1.0": {
							"post": [5, 0, 0],
							"lerp_mode": "catmullrom"
						},
						"1.125": {
							"post": [0, 0, 0],
							"lerp_mode": "catmullrom"
						},
						"1.25": {
							"post": [-5, 0, 0],
							"lerp_mode": "catmullrom"
						},
						"1.375": {
							"post": [5, 0, 0],
							"lerp_mode": "catmullrom"
						},
						"1.5": {
							"post": [0, 0, 0],
							"lerp_mode": "catmullrom"
						},
						"1.625": {
							"post": [-5, 0, 0],
							"lerp_mode": "catmullrom"
						},
						"1.75": {
							"post": [5, 0, 0],
							"lerp_mode": "catmullrom"
						},
						"1.875": {
							"post": [0, 0, 0],
							"lerp_mode": "catmullrom"
						},
						"2.0": {
							"post": [5, 0, 0],
							"lerp_mode": "catmullrom"
						}
					}
				},
				"wing_2_right": {
					"rotation": {
						"0.0": {
							"post": [0, 0, 0],
							"lerp_mode": "catmullrom"
						},
						"0.125": {
							"post": [-5, 0, 0],
							"lerp_mode": "catmullrom"
						},
						"0.25": {
							"post": [5, 0, 0],
							"lerp_mode": "catmullrom"
						},
						"0.375": {
							"post": [0, 0, 0],
							"lerp_mode": "catmullrom"
						},
						"0.5": {
							"post": [-5, 0, 0],
							"lerp_mode": "catmullrom"
						},
						"0.625": {
							"post": [5, 0, 0],
							"lerp_mode": "catmullrom"
						},
						"0.75": {
							"post": [0, 0, 0],
							"lerp_mode": "catmullrom"
						},
						"0.875": {
							"post": [-5, 0, 0],
							"lerp_mode": "catmullrom"
						},
						"1.0": {
							"post": [5, 0, 0],
							"lerp_mode": "catmullrom"
						},
						"1.125": {
							"post": [0, 0, 0],
							"lerp_mode": "catmullrom"
						},
						"1.25": {
							"post": [-5, 0, 0],
							"lerp_mode": "catmullrom"
						},
						"1.375": {
							"post": [5, 0, 0],
							"lerp_mode": "catmullrom"
						},
						"1.5": {
							"post": [0, 0, 0],
							"lerp_mode": "catmullrom"
						},
						"1.625": {
							"post": [-5, 0, 0],
							"lerp_mode": "catmullrom"
						},
						"1.75": {
							"post": [5, 0, 0],
							"lerp_mode": "catmullrom"
						},
						"1.875": {
							"post": [0, 0, 0],
							"lerp_mode": "catmullrom"
						},
						"2.0": {
							"post": [5, 0, 0],
							"lerp_mode": "catmullrom"
						}
					}
				},
				"front_leg_left": {
					"rotation": [0, -20, 50]
				},
				"front_leg_left2": {
					"rotation": [0, -20, 45]
				},
				"front_leg_left3": {
					"rotation": [0, 0, 15]
				},
				"front_leg_left4": {
					"rotation": [0, 0, 10]
				},
				"front_leg_left5": {
					"rotation": [0, 0, -15]
				},
				"back_leg_left": {
					"rotation": [0, -20, 37.5]
				},
				"back_leg_left2": {
					"rotation": [0, -20, 52.5]
				},
				"back_leg_left3": {
					"rotation": [0, 0, 10]
				},
				"back_leg_left4": {
					"rotation": [0, 0, 7.5]
				},
				"back_leg_left5": {
					"rotation": [0, 0, -20]
				},
				"back_leg_right": {
					"rotation": [0, 20, -37.5]
				},
				"back_leg_right2": {
					"rotation": [0, 20, -52.5]
				},
				"back_leg_right3": {
					"rotation": [0, 0, -10]
				},
				"back_leg_right4": {
					"rotation": [0, 0, -7.5]
				},
				"back_leg_right5": {
					"rotation": [0, 0, 20]
				},
				"front_leg_right": {
					"rotation": [0, 20, -50]
				},
				"front_leg_right2": {
					"rotation": [0, 20, -45]
				},
				"front_leg_right3": {
					"rotation": [0, 0, -15]
				},
				"front_leg_right4": {
					"rotation": [0, 0, -10]
				},
				"front_leg_right5": {
					"rotation": [0, 0, 17.5]
				},
				"antena_left": {
					"rotation": {
						"0.0": {
							"post": [35, 0, 0],
							"lerp_mode": "catmullrom"
						},
						"0.9167": {
							"post": [40, 0, 0],
							"lerp_mode": "catmullrom"
						},
						"2.0": {
							"post": [35, 0, 0],
							"lerp_mode": "catmullrom"
						}
					}
				},
				"antena_left2": {
					"rotation": {
						"0.0": {
							"post": [10, 0, 0],
							"lerp_mode": "catmullrom"
						},
						"1.0": {
							"post": [15, 0, 0],
							"lerp_mode": "catmullrom"
						},
						"2.0": {
							"post": [10, 0, 0],
							"lerp_mode": "catmullrom"
						}
					}
				},
				"antena_left3": {
					"rotation": {
						"0.0": {
							"post": [12.5, 0, 0],
							"lerp_mode": "catmullrom"
						},
						"1.0833": {
							"post": [17.5, 0, 0],
							"lerp_mode": "catmullrom"
						},
						"2.0": {
							"post": [12.5, 0, 0],
							"lerp_mode": "catmullrom"
						}
					}
				},
				"antena_left4": {
					"rotation": {
						"0.0": {
							"post": [17.5, 0, 0],
							"lerp_mode": "catmullrom"
						},
						"1.1667": {
							"post": [25, 0, 0],
							"lerp_mode": "catmullrom"
						},
						"2.0": {
							"post": [17.5, 0, 0],
							"lerp_mode": "catmullrom"
						}
					}
				},
				"antena_left5": {
					"rotation": {
						"0.0": {
							"post": [7.5, 0, 0],
							"lerp_mode": "catmullrom"
						},
						"1.25": {
							"post": [17.5, 0, 0],
							"lerp_mode": "catmullrom"
						},
						"2.0": {
							"post": [7.5, 0, 0],
							"lerp_mode": "catmullrom"
						}
					}
				},
				"antena_right": {
					"rotation": {
						"0.0": {
							"post": [45, 0, 0],
							"lerp_mode": "catmullrom"
						},
						"0.9167": {
							"post": [50, 0, 0],
							"lerp_mode": "catmullrom"
						},
						"2.0": {
							"post": [45, 0, 0],
							"lerp_mode": "catmullrom"
						}
					}
				},
				"antena_right2": {
					"rotation": {
						"0.0": {
							"post": [15, 0, 0],
							"lerp_mode": "catmullrom"
						},
						"1.0": {
							"post": [22.5, 0, 0],
							"lerp_mode": "catmullrom"
						},
						"2.0": {
							"post": [15, 0, 0],
							"lerp_mode": "catmullrom"
						}
					}
				},
				"antena_right3": {
					"rotation": {
						"0.0": {
							"post": [12.5, 0, 0],
							"lerp_mode": "catmullrom"
						},
						"1.0833": {
							"post": [20, 0, 0],
							"lerp_mode": "catmullrom"
						},
						"2.0": {
							"post": [12.5, 0, 0],
							"lerp_mode": "catmullrom"
						}
					}
				},
				"antena_right4": {
					"rotation": {
						"0.0": {
							"post": [12.5, 0, 0],
							"lerp_mode": "catmullrom"
						},
						"1.1667": {
							"post": [20, 0, 0],
							"lerp_mode": "catmullrom"
						},
						"2.0": {
							"post": [12.5, 0, 0],
							"lerp_mode": "catmullrom"
						}
					}
				},
				"antena_right5": {
					"rotation": {
						"0.0": {
							"post": [12.5, 0, 0],
							"lerp_mode": "catmullrom"
						},
						"1.25": {
							"post": [17.5, 0, 0],
							"lerp_mode": "catmullrom"
						},
						"2.0": {
							"post": [12.5, 0, 0],
							"lerp_mode": "catmullrom"
						}
					}
				}
			}
		},
		"animation.vibrava.blink": {
			"animation_length": 0.20833,
			"bones": {
				"eye_left2": {
					"position": {
						"0.0": [-0.3, 3.8, 0],
						"0.125": [-0.3, 3.8, 0],
						"0.2083": [0, 0, 0]
					},
					"scale": {
						"0.0": [1, -0.04, 1],
						"0.125": [1, -0.04, 1],
						"0.2083": [1, 1, 1]
					}
				},
				"eye_right2": {
					"position": {
						"0.0": [0.4, 3.8, 0],
						"0.125": [0.4, 3.8, 0],
						"0.2083": [0, 0, 0]
					},
					"scale": {
						"0.0": [1, -0.04, 1],
						"0.125": [1, -0.04, 1],
						"0.2083": [1, 1, 1]
					}
				}
			}
		}
	}
}