{
	"format_version": "1.8.0",
	"animations": {
		"animation.decidueyehisui.blink": {
			"animation_length": 0.16667,
			"bones": {
				"eyelid_left": {
					"position": {
						"0.0": [0, 0, -0.1],
						"0.125": [0, 0, -0.1],
						"0.1667": [0, 0, 0]
					}
				},
				"eyelid_right": {
					"position": {
						"0.0": [0, 0, -0.1],
						"0.125": [0, 0, -0.1],
						"0.1667": [0, 0, 0]
					}
				}
			}
		},
		"animation.decidueyehisui.ground_idle": {
			"loop": true,
			"bones": {
				"right_upper_coat": {
					"rotation": [0, 0, -60]
				},
				"left_upper_coat": {
					"rotation": [0, 0, 60]
				},
				"torso": {
					"rotation": [0, "0+0.3*math.sin(q.anim_time*90*1.5)", 0]
				},
				"head": {
					"rotation": ["0+1*math.sin(q.anim_time*90*1.5-20)", 0, 0]
				},
				"wing_right1": {
					"scale": 0
				},
				"wing_right2": {
					"rotation": [0, -67.5, 0]
				},
				"wing_left1": {
					"scale": 0
				},
				"wing_left2": {
					"rotation": [0, 67.5, 0]
				},
				"tail1": {
					"rotation": ["0-1*math.sin(q.anim_time*90*2-20)", 0, 0]
				},
				"tail2": {
					"rotation": ["0-1*math.sin(q.anim_time*90*2-20)", 0, 0]
				},
				"tail3": {
					"rotation": ["0-1*math.sin(q.anim_time*90*2-20)", 0, 0]
				},
				"back_upper_cloak": {
					"rotation": ["0-1*math.sin(q.anim_time*90*2-20)", 0, 0]
				}
			}
		},
		"animation.decidueyehisui.battle_idle": {
			"loop": true,
			"bones": {
				"right_upper_coat": {
					"rotation": [0, 0, -60]
				},
				"left_upper_coat": {
					"rotation": [0, 0, 60]
				},
				"torso": {
					"rotation": [0, "0+0.2*math.sin(q.anim_time*90*1) * 15", 0]
				},
				"head": {
					"rotation": ["0+1*math.sin(q.anim_time*90*1.5-20)", 0, 0]
				},
				"wing_right1": {
					"scale": 0
				},
				"wing_right2": {
					"rotation": [0, -67.5, 0]
				},
				"wing_left1": {
					"scale": 0
				},
				"wing_left2": {
					"rotation": [0, 67.5, 0]
				},
				"tail1": {
					"rotation": ["0-1*math.sin(q.anim_time*90*2-20)", 0, 0]
				},
				"tail2": {
					"rotation": ["0-1*math.sin(q.anim_time*90*2-20)", 0, 0]
				},
				"tail3": {
					"rotation": ["0-1*math.sin(q.anim_time*90*2-20)", 0, 0]
				},
				"back_upper_cloak": {
					"rotation": ["0-1*math.sin(q.anim_time*90*2-20)", 0, 0]
				}
			}
		},
		"animation.decidueyehisui.ground_walk": {
			"loop": true,
			"animation_length": 1.375,
			"bones": {
				"right_upper_coat": {
					"rotation": [0, 0, -60]
				},
				"left_upper_coat": {
					"rotation": [0, 0, 60]
				},
				"torso": {
					"rotation": ["5-math.sin(q.anim_time*90*3*2-30)*5", "0+math.sin(q.anim_time*90*3)*-3", "0-math.sin(q.anim_time*90*3)*-2"],
					"position": [0, "-0.75+math.clamp(math.cos(q.anim_time*90*3*2)*0.6,0,1)-math.clamp(math.cos(q.anim_time*90*3*2-180)*0.6,0,1)", 0]
				},
				"head": {
					"rotation": ["0+1*math.sin(q.anim_time*90*1.5-20)", 0, 0]
				},
				"wing_right1": {
					"scale": 0
				},
				"wing_right2": {
					"rotation": [0, -67.5, 0]
				},
				"wing_left1": {
					"scale": 0
				},
				"wing_left2": {
					"rotation": [0, 67.5, 0]
				},
				"tail1": {
					"rotation": ["15-1*math.sin(q.anim_time*90*2-20)", 0, 0]
				},
				"tail2": {
					"rotation": ["15-1*math.sin(q.anim_time*90*2-20)", 0, 0]
				},
				"tail3": {
					"rotation": ["15-1*math.sin(q.anim_time*90*2-20)", 0, 0]
				},
				"back_upper_cloak": {
					"rotation": ["15-1*math.sin(q.anim_time*90*2-20)", 0, 0]
				},
				"leg_right1": {
					"rotation": ["17.5+math.sin(q.anim_time*90*3+30)*50", 0, 0],
					"position": [0, "0+math.clamp(math.sin(q.anim_time*90*3)*1/2,0,2)", "math.cos(q.anim_time*90*3)*1"]
				},
				"leg_right2": {
					"rotation": ["-35-math.sin(q.anim_time*90*3)*50", 0, 0]
				},
				"leg_left1": {
					"rotation": ["17.5+math.sin(q.anim_time*90*3-150)*50", 0, 0],
					"position": [0, "0+math.clamp(math.sin(q.anim_time*90*3-180)*1/2,0,2)", "math.cos(q.anim_time*90*3-180)*0.5"]
				},
				"leg_left2": {
					"rotation": ["-35-math.sin(q.anim_time*90*3-180)*50", 0, 0]
				}
			}
		},
		"animation.decidueyehisui.air_idle": {
			"loop": true,
			"bones": {
				"wing_left": {
					"rotation": [0, -5, -15]
				},
				"wing_left3": {
					"rotation": [0, -25, 0]
				},
				"tail": {
					"rotation": [40, 0, 0]
				},
				"wing_left2": {
					"rotation": [0, "10+Math.sin((q.anim_time)*90*10)*50", 0]
				},
				"leg_right": {
					"rotation": [22.5, 0, 0]
				},
				"leg_right2": {
					"rotation": [-45, 0, 0]
				},
				"foot_right": {
					"rotation": [13, 0, 0]
				},
				"claw_back_right": {
					"rotation": [-45, 0, 0]
				},
				"toe_inner_right": {
					"rotation": [30, 0, 0]
				},
				"toe_outer_right": {
					"rotation": [30, 0, 0]
				},
				"claw_outer_right": {
					"rotation": [45, 0, 0]
				},
				"leg_left": {
					"rotation": [22.5, 0, 0]
				},
				"leg_left2": {
					"rotation": [-45, 0, 0]
				},
				"foot_left": {
					"rotation": [13, 0, 0]
				},
				"toe_back_left": {
					"rotation": [-45, 0, 0]
				},
				"toe_inner_left": {
					"rotation": [30, 0, 0]
				},
				"toe_outer_left": {
					"rotation": [30, 0, 0]
				},
				"body": {
					"rotation": [55, 0, 0],
					"position": [0, "12+Math.sin((q.anim_time-(1.1/10))*90*10)*1", 8]
				},
				"wing_right": {
					"rotation": [0, 5, 15]
				},
				"wing_right3": {
					"rotation": [0, 25, 0]
				},
				"toe_back_right": {
					"rotation": [-45, 0, 0]
				},
				"claw_inner_right": {
					"rotation": [45, 0, 0]
				},
				"claw_back_left": {
					"rotation": [-45, 0, 0]
				},
				"claw_inner_left": {
					"rotation": [45, 0, 0]
				},
				"claw_outer_left": {
					"rotation": [45, 0, 0]
				},
				"wing_right2": {
					"rotation": [0, "-10-Math.sin((q.anim_time)*90*10)*50", 0]
				},
				"neck": {
					"rotation": [30, 0, 0]
				},
				"head": {
					"rotation": [-20, 0, 0]
				},
				"torso": {
					"rotation": [0, 0, 0]
				},
				"wing_right1": {
					"rotation": [0, "0-Math.sin((q.anim_time)*90*10)*50", 0]
				},
				"wing_left1": {
					"rotation": [0, "0+Math.sin((q.anim_time)*90*10)*50", 0]
				},
				"right_upper_coat": {
					"scale": 0
				},
				"left_upper_coat": {
					"scale": 0
				},
				"folded_wings": {
					"scale": 0
				}
			}
		},
		"animation.decidueyehisui.air_fly": {
			"loop": true,
			"bones": {
				"wing_left": {
					"rotation": [0, -5, -15]
				},
				"wing_left3": {
					"rotation": [0, -25, 0]
				},
				"tail": {
					"rotation": [40, 0, 0]
				},
				"wing_left2": {
					"rotation": [0, "10+Math.sin((q.anim_time)*90*15)*50", 0]
				},
				"leg_right": {
					"rotation": [22.5, 0, 0]
				},
				"leg_right2": {
					"rotation": [-45, 0, 0]
				},
				"foot_right": {
					"rotation": [13, 0, 0]
				},
				"claw_back_right": {
					"rotation": [-45, 0, 0]
				},
				"toe_inner_right": {
					"rotation": [30, 0, 0]
				},
				"toe_outer_right": {
					"rotation": [30, 0, 0]
				},
				"claw_outer_right": {
					"rotation": [45, 0, 0]
				},
				"leg_left": {
					"rotation": [22.5, 0, 0]
				},
				"leg_left2": {
					"rotation": [-45, 0, 0]
				},
				"foot_left": {
					"rotation": [13, 0, 0]
				},
				"toe_back_left": {
					"rotation": [-45, 0, 0]
				},
				"toe_inner_left": {
					"rotation": [30, 0, 0]
				},
				"toe_outer_left": {
					"rotation": [30, 0, 0]
				},
				"body": {
					"rotation": [65, 0, 0],
					"position": [0, "12+Math.sin((q.anim_time-(1.1/10))*90*10)*1", 8]
				},
				"wing_right": {
					"rotation": [0, 5, 15]
				},
				"wing_right3": {
					"rotation": [0, 25, 0]
				},
				"toe_back_right": {
					"rotation": [-45, 0, 0]
				},
				"claw_inner_right": {
					"rotation": [45, 0, 0]
				},
				"claw_back_left": {
					"rotation": [-45, 0, 0]
				},
				"claw_inner_left": {
					"rotation": [45, 0, 0]
				},
				"claw_outer_left": {
					"rotation": [45, 0, 0]
				},
				"wing_right2": {
					"rotation": [0, "-10-Math.sin((q.anim_time)*90*15)*50", 0]
				},
				"neck": {
					"rotation": [30, 0, 0]
				},
				"head": {
					"rotation": [-20, 0, 0]
				},
				"torso": {
					"rotation": [0, 0, 0]
				},
				"wing_right1": {
					"rotation": [0, "0-Math.sin((q.anim_time)*90*15)*50", 0]
				},
				"wing_left1": {
					"rotation": [0, "0+Math.sin((q.anim_time)*90*15)*50", 0]
				},
				"right_upper_coat": {
					"scale": 0
				},
				"left_upper_coat": {
					"scale": 0
				},
				"folded_wings": {
					"scale": 0
				}
			}
		},
		"animation.decidueyehisui.cry": {
			"animation_length": 1.41667,
			"bones": {
				"jaw": {
					"rotation": {
						"0.0": {
							"post": [0, 0, 0],
							"lerp_mode": "catmullrom"
						},
						"0.2083": {
							"post": [42.5, 0, 0],
							"lerp_mode": "catmullrom"
						},
						"1.1667": {
							"post": [42.5, 0, 0],
							"lerp_mode": "catmullrom"
						},
						"1.4167": {
							"post": [0, 0, 0],
							"lerp_mode": "catmullrom"
						}
					}
				}
			},
			"sound_effects": {
				"0.125": {
					"effect": "pokemon.decidueye.cry"
				}
			}
		}
	}
}